item_id,a_knowledge,a_retrieval,a_reasoning,a_summary,guessing,difficulty
1,0.0,1.8088480234146118,0.0,0.0,0.0,-2.2517507076263428
2,0.0,1.8691920042037964,0.0,0.0,0.0,-2.5789003372192383
3,1.1939116716384888,0.0,0.0,0.0,0.0,0.1790814846754074
4,0.0,0.0,1.361526608467102,0.0,0.0,-0.7320606708526611
5,0.0,1.651319980621338,0.0,0.0,0.0,-1.3712944984436035
6,0.0,1.6309279203414917,0.0,0.0,0.0,0.16023783385753632
7,0.8845412731170654,0.0,0.0,0.0,0.0,0.9053832292556763
8,0.0,1.519640564918518,0.0,0.0,0.0,0.5336124897003174
9,1.1343400478363037,0.0,0.0,0.0,0.0,-0.035188570618629456
10,0.0,0.3500446677207947,0.0,0.0,0.0,2.195443868637085
11,0.0,0.0,0.0,1.030152440071106,0.0,0.8925318717956543
12,1.1556774377822876,0.0,0.0,0.0,0.0,0.15781138837337494
13,0.0,1.7907309532165527,0.0,0.0,0.0,-2.5082671642303467
14,0.0,0.5004674196243286,0.0,0.0,0.0,1.1436898708343506
15,0.0,0.3570006787776947,0.0,0.628989577293396,0.0,2.4768102169036865
16,0.0,0.6389766335487366,0.0,0.0,0.0,0.2306099385023117
17,0.7674118876457214,0.0,0.0,0.0,0.0,0.9020839929580688
18,0.0,1.0777970552444458,0.0,0.0,0.0,0.31102222204208374
19,0.0,0.9120175242424011,0.0,0.9950112700462341,0.0,1.0582631826400757
20,0.0,0.7369609475135803,0.0,0.0,0.0,0.9917380213737488
21,0.0,0.0,0.0,1.2585558891296387,0.0,-0.0960516482591629
22,0.0,0.36509665846824646,0.0,0.0,0.0,2.7009499073028564
23,0.8136491775512695,0.6701003313064575,0.0,0.0,0.0,0.6070836186408997
24,0.0,0.8839820027351379,0.0,0.0,0.0,1.239778995513916
25,0.0,1.7091068029403687,0.0,0.0,0.0,-1.4243974685668945
26,1.7263948917388916,0.0,0.0,0.0,0.0,-1.5955958366394043
27,0.7133668065071106,0.6424547433853149,0.0,0.0,0.0,1.4041955471038818
28,0.0,0.6827791333198547,0.0,0.0,0.0,-0.019155874848365784
29,0.33035707473754883,0.28226539492607117,0.0,0.0,0.0,3.1774637699127197
30,0.0,0.6429218053817749,0.0,0.0,0.0,1.380918025970459
31,0.7925826907157898,0.5977447628974915,0.0,0.0,0.0,0.23548971116542816
32,0.0,1.8115999698638916,0.0,0.0,0.0,-2.2250311374664307
33,0.0,0.0,0.8081116080284119,0.0,0.0,0.9515618085861206
34,1.5707205533981323,0.0,0.0,0.0,0.0,-0.6232755780220032
35,0.0,1.0806952714920044,0.0,0.0,0.0,0.11219458281993866
36,1.341067910194397,0.0,0.0,0.0,0.0,-0.023938670754432678
37,1.614937424659729,1.4379732608795166,0.0,0.0,0.0,-1.2141156196594238
38,0.0,0.5232004523277283,0.0,0.0,0.0,1.0982030630111694
39,0.0,1.707536220550537,0.0,0.0,0.0,-1.8326823711395264
40,0.0,0.0,0.0,1.0596014261245728,0.0,0.6891512870788574
41,1.6225260496139526,0.0,0.0,0.0,0.0,-1.2676185369491577
42,0.0,1.5975816249847412,0.0,0.0,0.0,-1.0926811695098877
43,0.0,0.866089403629303,0.0,0.0,0.0,-0.6615549921989441
44,0.0,0.92133629322052,0.0,0.0,0.0,-0.640535295009613
45,0.0,0.4150061011314392,0.0,0.0,0.0,1.2719746828079224
46,0.0,1.181998372077942,0.0,0.0,0.0,-0.330463171005249
47,0.0,0.0,1.355188250541687,0.0,0.0,-0.8191177248954773
48,0.32000964879989624,0.27709755301475525,0.0,0.0,0.0,3.2978625297546387
49,0.0,0.0,1.1343576908111572,0.0,0.0,-0.14078588783740997
50,0.0,0.3134249746799469,0.0,0.0,0.0,3.158792734146118
51,0.0,0.5959500670433044,0.0,0.0,0.0,0.3831162750720978
52,0.8010106682777405,0.0,0.0,0.0,0.0,0.29732224345207214
53,0.0,1.0491472482681274,0.0,0.0,0.0,-0.12189145386219025
54,1.2875077724456787,0.0,0.0,0.0,0.0,-0.031260207295417786
55,0.0,1.5057538747787476,0.0,0.0,0.0,0.6021562814712524
56,0.0,1.8221240043640137,0.0,0.0,0.0,-2.438047170639038
57,0.0,1.278628945350647,0.0,0.0,0.0,1.0116915702819824
58,0.0,1.6595394611358643,0.0,0.0,0.0,-1.1103312969207764
59,0.0,1.1635396480560303,0.0,0.0,0.0,-0.22382022440433502
60,0.37681546807289124,0.3046673536300659,0.0,0.0,0.0,2.3216543197631836
61,0.0,1.707622766494751,0.0,0.0,0.0,-0.9292425513267517
62,0.0,0.5983847975730896,0.0,0.0,0.0,0.14150582253932953
63,0.0,0.5996859073638916,0.0,0.0,0.0,0.12315027415752411
64,0.0,1.7723817825317383,0.0,0.0,0.0,-2.2594220638275146
65,0.6872203350067139,0.0,0.0,0.0,0.0,1.848973274230957
66,1.9977110624313354,0.0,0.0,0.0,0.0,-2.2678987979888916
67,0.0,0.7081061601638794,0.0,0.0,0.0,-0.25599321722984314
68,1.8643534183502197,0.0,0.0,0.0,0.0,-1.724040150642395
69,0.0,1.554826259613037,0.0,0.0,0.0,-0.395065575838089
70,0.0,0.0,0.31543272733688354,0.0,0.0,3.2885849475860596
71,0.0,0.5778186321258545,0.0,0.0,0.0,0.39824768900871277
72,0.0,1.6637513637542725,0.0,0.0,0.0,-0.5312502980232239
73,0.0,1.555120587348938,0.0,0.0,0.0,-0.4820198714733124
74,0.0,0.7266550064086914,0.9549399614334106,1.1334431171417236,0.0,-0.15895934402942657
75,0.0,1.6010562181472778,0.0,0.0,0.0,-0.6838297843933105
76,1.9947220087051392,0.0,0.0,0.0,0.0,-2.1888043880462646
77,0.0,0.4116421639919281,0.0,0.0,0.0,1.763945460319519
78,0.0,0.9419746994972229,0.0,0.0,0.0,-0.4460252821445465
79,0.0,1.6545838117599487,0.0,0.0,0.0,-0.44847726821899414
80,1.3069952726364136,0.0,0.0,0.0,0.0,-0.360213041305542
81,0.0,1.043413519859314,0.0,0.0,0.0,0.5328004956245422
82,0.7729013562202454,0.6557169556617737,0.0,0.0,0.0,0.8482943773269653
83,0.0,1.0982801914215088,0.0,0.0,0.0,-0.4103231728076935
84,0.0,1.1244674921035767,0.0,0.0,0.0,1.1257214546203613
85,0.0,1.3746033906936646,0.0,0.0,0.0,0.8226661086082458
86,0.0,1.523375391960144,0.0,0.0,0.0,-0.9929700493812561
87,0.0,1.5635740756988525,0.0,0.0,0.0,0.29011112451553345
88,1.6275132894515991,0.0,0.0,0.0,0.0,-0.7844716906547546
89,0.0,0.0,0.0,1.649448275566101,0.0,-1.4827643632888794
90,1.394787073135376,0.0,0.0,0.0,0.0,-0.7425402402877808
91,0.0,0.9442536234855652,0.0,0.0,0.0,-0.7321772575378418
92,0.0,1.817441463470459,0.0,0.0,0.0,-2.305119276046753
93,0.0,0.0,0.0,1.3683754205703735,0.0,-0.4721234142780304
94,0.9454759955406189,0.7268859148025513,0.0,0.0,0.0,-0.1646375209093094
95,0.0,0.6272828578948975,0.0,0.0,0.0,1.1551686525344849
96,0.0,1.586164116859436,0.0,0.0,0.0,-1.0999810695648193
97,0.0,1.7263416051864624,0.0,0.0,0.0,-1.8964266777038574
98,0.0,0.0,1.2491769790649414,0.0,0.0,-0.39862528443336487
99,0.0,0.0,1.769395112991333,0.0,0.0,-1.8320612907409668
100,0.7924103140830994,0.0,0.0,0.0,0.0,0.38046666979789734
101,0.0,0.0,1.1095008850097656,0.0,0.0,-0.14335913956165314
102,0.0,1.3168964385986328,0.0,0.0,0.0,-1.3700025081634521
103,1.1691657304763794,0.0,0.0,0.0,0.0,0.6908729672431946
104,0.0,0.4852733016014099,0.0,0.0,0.0,2.3652842044830322
105,0.0,1.3123822212219238,0.0,0.0,0.0,0.2778867781162262
106,0.49043136835098267,0.45561808347702026,0.0,0.0,0.0,2.353208065032959
107,0.7907684445381165,0.0,0.0,0.0,0.0,1.4038748741149902
108,0.0,0.6640899777412415,0.0,0.0,0.0,-0.014634386636316776
109,2.1046791076660156,0.0,0.0,0.0,0.0,-2.5802974700927734
110,0.0,1.0913519859313965,0.0,0.0,0.0,-0.4230925440788269
111,0.0,0.8618761897087097,0.0,0.0,0.0,1.2501744031906128
112,0.0,0.660748302936554,0.0,0.0,0.0,1.2396469116210938
113,0.5971619486808777,0.0,0.0,0.0,0.0,1.305692195892334
114,1.4144243001937866,0.0,0.0,0.0,0.0,0.18576554954051971
115,1.3612534999847412,0.0,0.0,0.0,0.0,-0.649863064289093
116,2.0577545166015625,1.7760741710662842,0.0,0.0,0.0,-2.4661271572113037
117,0.0,0.0,1.2376395463943481,0.0,0.0,-0.5681541562080383
118,0.0,0.6319061517715454,0.0,0.0,0.0,1.9646638631820679
119,1.4193311929702759,0.0,0.0,0.0,0.0,-0.657103955745697
120,0.0,1.4012906551361084,0.0,0.0,0.0,-0.5918830633163452
121,1.6013329029083252,0.0,0.0,0.0,0.0,-0.661345362663269
122,0.8354741930961609,0.0,0.0,0.0,0.0,1.0902926921844482
123,0.38662832975387573,0.0,0.0,0.0,0.0,3.1261613368988037
124,0.0,1.608501672744751,0.0,0.0,0.0,0.14134572446346283
125,0.0,1.5368878841400146,0.0,0.0,0.0,0.010224386118352413
126,0.0,0.0,0.0,0.6392903923988342,0.0,2.448349714279175
127,1.4886388778686523,0.0,0.0,0.0,0.0,-1.1411175727844238
128,0.0,1.338688850402832,0.0,0.0,0.0,0.7134336829185486
129,0.3907167911529541,0.0,0.0,0.0,0.0,3.0767300128936768
130,1.0539681911468506,0.0,0.0,0.0,0.0,0.5509798526763916
131,0.0,1.6830501556396484,0.0,0.0,0.0,-0.13302208483219147
132,0.0,0.7303149700164795,0.0,0.0,0.0,0.28301331400871277
133,1.5156666040420532,0.0,0.0,0.0,0.0,-0.4876810610294342
134,1.4426432847976685,1.3606585264205933,0.0,0.0,0.0,-0.3698774576187134
135,0.0,0.8973522186279297,0.0,1.0951378345489502,0.0,0.4532862901687622
136,0.0,0.4596072733402252,0.0,0.0,0.0,0.8760896325111389
137,0.0,1.5870286226272583,0.0,0.0,0.0,-0.5428431630134583
138,0.0,0.25059565901756287,0.2557850480079651,0.51649409532547,0.0,3.5843656063079834
139,1.3792505264282227,0.0,0.0,0.0,0.0,-0.45995578169822693
140,0.4034600555896759,0.3197035491466522,0.0,0.0,0.0,2.239837408065796
141,0.0,1.4381436109542847,0.0,0.0,0.0,-0.1087779551744461
142,0.0,0.0,0.0,1.981131672859192,0.0,-2.5924360752105713
143,0.0,1.1345748901367188,0.0,0.0,0.0,-0.5152620673179626
144,1.8119748830795288,0.0,0.0,0.0,0.0,-1.2492847442626953
145,0.0,0.5558459758758545,0.0,0.0,0.0,0.39836135506629944
146,0.0,0.0,0.0,1.8288313150405884,0.0,-2.089139461517334
147,0.0,1.4321203231811523,0.0,0.0,0.0,-0.6042695641517639
148,0.0,1.269810676574707,0.0,0.0,0.0,-0.2546819746494293
149,0.0,1.6070950031280518,0.0,0.0,0.0,0.040148720145225525
150,0.0,0.3856063783168793,0.0,0.0,0.0,2.3463525772094727
151,0.0,1.6695386171340942,0.0,0.0,0.0,-0.37481144070625305
152,0.0,0.0,1.1560226678848267,0.0,0.0,-0.2809293866157532
153,0.0,1.6794730424880981,0.0,0.0,0.0,-0.004021898843348026
154,0.0,1.6914700269699097,0.0,0.0,0.0,-1.7602710723876953
155,0.0,0.0,0.0,2.022468328475952,0.0,-2.7336432933807373
156,0.0,1.6028081178665161,0.0,0.0,0.0,-1.3481613397598267
157,0.0,1.6548540592193604,0.0,0.0,0.0,-0.5463142991065979
158,1.721550464630127,1.5614678859710693,0.0,0.0,0.0,-1.3381470441818237
159,0.0,1.7872087955474854,0.0,0.0,0.0,-2.0471084117889404
160,0.0,0.8873602747917175,0.0,0.0,0.0,0.9728939533233643
161,0.8143796324729919,0.6849016547203064,0.0,0.0,0.0,0.676941454410553
162,0.0,1.77449631690979,0.0,0.0,0.0,-2.0838170051574707
163,0.0,1.6658170223236084,0.0,0.0,0.0,-1.2398755550384521
164,1.5506905317306519,1.4237908124923706,0.0,0.0,0.0,-0.8854281902313232
165,2.0806663036346436,0.0,0.0,0.0,0.0,-2.465224027633667
166,0.0,1.8337247371673584,0.0,0.0,0.0,-2.558244466781616
167,2.0288350582122803,0.0,0.0,0.0,0.0,-2.309690237045288
168,0.0,0.3303090035915375,0.0,0.0,0.0,2.121356725692749
169,0.0,0.9832892417907715,0.0,0.0,0.0,1.4231923818588257
170,0.0,1.7715611457824707,0.0,0.0,0.0,-1.9993817806243896
171,1.4698944091796875,0.0,0.0,0.0,0.0,-0.48601439595222473
172,1.9434336423873901,1.6892703771591187,0.0,0.0,0.0,-2.195875406265259
173,0.0,0.933042049407959,0.0,0.0,0.0,-0.4422290027141571
174,0.0,1.6326719522476196,0.0,0.0,0.0,-1.26870596408844
175,0.0,0.0,1.711458444595337,0.0,0.0,-1.696150302886963
176,0.0,0.31692224740982056,0.3293441832065582,0.5892956852912903,0.0,2.92702054977417
177,0.0,0.0,0.918815016746521,0.0,0.0,0.4091058671474457
178,0.0,1.793724775314331,0.0,0.0,0.0,-2.2024686336517334
179,0.0,1.224895715713501,0.0,0.0,0.0,0.752865731716156
180,0.7651086449623108,0.0,0.0,0.0,0.0,0.6846771836280823
181,2.013141632080078,0.0,0.0,0.0,0.0,-2.2431745529174805
182,0.0,1.363290548324585,0.0,0.0,0.0,-0.10732026398181915
183,1.1797574758529663,0.0,0.0,0.0,0.0,-0.18356002867221832
184,0.0,0.0,0.5465353727340698,0.0,0.0,1.8484057188034058
185,0.0,1.2251683473587036,0.0,0.0,0.0,-0.39059609174728394
186,1.0962157249450684,0.0,0.0,0.0,0.0,0.9555073380470276
187,0.0,0.0,1.6858625411987305,0.0,0.0,-1.60231614112854
188,0.0,1.1720744371414185,0.0,0.0,0.0,1.3290019035339355
189,1.4309781789779663,1.3893163204193115,0.0,0.0,0.0,-0.19803933799266815
190,0.0,1.5853826999664307,0.0,0.0,0.0,-1.252073049545288
191,0.0,1.2268009185791016,0.0,0.0,0.0,0.721716046333313
192,0.0,1.8171695470809937,0.0,0.0,0.0,-2.336986780166626
193,0.0,1.1698306798934937,0.0,0.0,0.0,-0.21962784230709076
194,0.0,0.7520405054092407,0.0,0.0,0.0,1.288160800933838
195,0.0,1.3948012590408325,0.0,0.0,0.0,0.8069730401039124
196,0.0,1.095055341720581,0.0,0.0,0.0,-0.15026874840259552
197,0.0,0.0,1.2502334117889404,0.0,0.0,-0.3725302517414093
198,0.0,1.505679965019226,0.0,0.0,0.0,-0.2506200969219208
199,0.0,0.0,0.0,1.4770656824111938,0.0,-0.8738663196563721
200,0.0,1.4361002445220947,0.0,0.0,0.0,-0.3333287239074707
201,0.0,1.3899415731430054,0.0,0.0,0.0,-0.016037598252296448
202,0.0,1.3083362579345703,0.0,0.0,0.0,-1.3896875381469727
203,0.0,1.7969988584518433,0.0,0.0,0.0,-2.359607458114624
204,0.0,1.3483593463897705,0.0,0.0,0.0,-1.4116511344909668
205,0.0,1.1350313425064087,0.0,0.0,0.0,-0.5263492465019226
206,0.0,1.233190894126892,0.0,0.0,0.0,0.7300047874450684
207,0.0,1.0000163316726685,0.0,0.0,0.0,-0.017214909195899963
208,0.0,1.811299204826355,0.0,0.0,0.0,-2.153974771499634
209,1.3506908416748047,0.0,0.0,0.0,0.0,-0.2179759293794632
210,1.1804202795028687,1.056986689567566,0.0,0.0,0.0,-0.06629510223865509
211,0.0,1.751796007156372,0.0,0.0,0.0,-1.938684344291687
212,0.0,1.7427815198898315,0.0,0.0,0.0,-1.5779526233673096
213,0.0,0.0,1.871315360069275,0.0,0.0,-2.1200320720672607
214,0.0,1.7170568704605103,0.0,0.0,0.0,-1.5602962970733643
215,1.8873012065887451,0.0,0.0,0.0,0.0,-1.8998850584030151
216,0.0,0.36869725584983826,0.0,0.0,0.0,2.683840751647949
217,0.0,1.1538715362548828,0.0,0.0,0.0,0.19651822745800018
218,0.0,0.5781876444816589,0.0,0.0,0.0,0.32920876145362854
219,0.0,0.8761606812477112,0.0,0.0,0.0,1.3081365823745728
220,2.0067920684814453,0.0,0.0,0.0,0.0,-2.2455942630767822
221,0.0,1.477039098739624,0.0,0.0,0.0,0.3385586440563202
222,1.9486863613128662,0.0,0.0,0.0,0.0,-2.0644326210021973
223,0.0,0.0,1.7155652046203613,0.0,0.0,-1.68217134475708
224,0.0,0.0,0.0,1.0991778373718262,0.0,0.530547022819519
225,0.0,1.1625196933746338,0.0,0.0,0.0,-1.506429672241211
226,0.0,0.44201362133026123,0.0,0.0,0.0,1.4656293392181396
227,1.665460228919983,0.0,0.0,0.0,0.0,-1.1789042949676514
228,1.440588355064392,0.0,0.0,0.0,0.0,-0.9254484176635742
229,0.0,0.7546051740646362,0.0,0.0,0.0,-0.3055938482284546
230,0.0,1.877617359161377,0.0,0.0,0.0,-2.4917972087860107
231,0.0,1.8071801662445068,0.0,0.0,0.0,-2.189718008041382
232,0.0,0.9691450595855713,0.0,0.0,0.0,-0.6205515265464783
233,0.0,1.7999351024627686,0.0,0.0,0.0,-2.3018479347229004
234,0.0,1.8360860347747803,0.0,0.0,0.0,-2.341295003890991
235,0.0,1.7268891334533691,0.0,0.0,0.0,-1.5026230812072754
236,0.0,0.4341931641101837,0.0,0.0,0.0,1.9918813705444336
237,1.387057900428772,0.0,0.0,0.0,0.0,-0.7792525887489319
238,1.3705925941467285,0.0,0.0,0.0,0.0,-0.6041448712348938
239,0.0,1.636417031288147,0.0,0.0,0.0,-1.0575828552246094
240,0.0,1.4479215145111084,0.0,0.0,0.0,-0.5317721962928772
241,1.3462638854980469,0.0,0.0,0.0,0.0,-0.7320796847343445
242,0.0,1.6856709718704224,0.0,0.0,0.0,-1.3738248348236084
243,0.0,0.0,1.8142963647842407,0.0,0.0,-1.9702447652816772
244,0.0,1.6947766542434692,0.0,0.0,0.0,-1.4627628326416016
245,0.0,0.8509951233863831,0.0,0.0,0.0,1.5416942834854126
246,0.0,1.5716273784637451,0.0,0.0,0.0,-0.1190878301858902
247,0.0,0.5510944724082947,0.0,0.0,0.0,0.8184850811958313
248,0.0,0.7081709504127502,0.0,0.0,0.0,1.824673056602478
249,0.0,1.653024435043335,0.0,0.0,0.0,-1.6586508750915527
250,0.0,1.498228907585144,0.0,0.0,0.0,-1.08665931224823
251,0.0,0.0,1.775343656539917,0.0,0.0,-1.8754934072494507
252,1.4590421915054321,0.0,0.0,0.0,0.0,-1.0498015880584717
253,0.0,0.942378580570221,0.8239414691925049,1.029492735862732,0.0,0.9417381882667542
254,0.0,1.618332862854004,0.0,0.0,0.0,-0.4873240292072296
255,0.0,1.6278105974197388,0.0,0.0,0.0,-1.322027564048767
256,0.0,0.550623893737793,0.0,0.0,0.0,1.1787493228912354
257,0.0,1.239245891571045,0.0,0.0,0.0,0.7408114075660706
258,0.0,0.9146059155464172,0.0,0.0,0.0,-0.8481276631355286
259,0.38102293014526367,0.0,0.0,0.0,0.0,3.1920716762542725
260,0.8977131843566895,0.0,0.7152919769287109,0.0,0.0,1.4895521402359009
261,0.0,1.7629101276397705,0.0,0.0,0.0,-2.2800025939941406
262,0.0,1.3100882768630981,0.0,0.0,0.0,-0.08477361500263214
263,0.0,1.83091402053833,0.0,0.0,0.0,-2.2005841732025146
264,0.0,1.8697952032089233,0.0,0.0,0.0,-2.5433762073516846
265,0.0,0.86542147397995,0.0,0.0,0.0,-0.41995394229888916
266,0.0,1.8041163682937622,0.0,0.0,0.0,-2.2771856784820557
267,0.8377601504325867,0.6592092514038086,0.0,0.0,0.0,0.2744816243648529
268,0.0,0.7186049222946167,0.0,0.0,0.0,-0.19082005321979523
269,0.0,1.0787919759750366,0.0,0.0,0.0,0.009398861788213253
270,0.7308651208877563,0.0,0.0,0.0,0.0,1.558740258216858
271,0.0,1.8258315324783325,0.0,0.0,0.0,-2.1830506324768066
272,0.0,1.3581150770187378,0.0,0.0,0.0,0.8137204051017761
273,0.0,1.4124490022659302,0.0,0.0,0.0,0.8681513071060181
274,0.0,1.791196346282959,0.0,0.0,0.0,-2.525136709213257
275,0.0,1.162015676498413,0.0,0.0,0.0,-0.25662943720817566
276,0.0,1.6379750967025757,0.0,0.0,0.0,-1.1727161407470703
277,0.0,0.0,1.8850988149642944,0.0,0.0,-2.1454975605010986
278,0.0,0.6337647438049316,0.0,0.0,0.0,1.4521328210830688
279,0.0,1.0454668998718262,0.0,0.0,0.0,0.6353928446769714
280,0.0,1.6720507144927979,0.0,0.0,0.0,-1.5440571308135986
281,0.0,1.3212281465530396,0.0,0.0,0.0,0.192890927195549
282,0.0,1.655360221862793,0.0,0.0,0.0,-1.3240466117858887
283,0.0,1.1033246517181396,0.0,0.0,0.0,1.1657721996307373
284,1.4469608068466187,0.0,0.0,0.0,0.0,0.1116633266210556
285,0.0,1.178369402885437,0.0,0.0,0.0,-0.14930923283100128
286,0.0,1.4731322526931763,0.0,0.0,0.0,0.4173293113708496
287,0.3927645981311798,0.0,0.0,0.0,0.0,3.1305696964263916
288,0.0,0.0,1.521968960762024,0.0,0.0,-1.235584020614624
289,1.3330422639846802,0.0,0.0,0.0,0.0,-0.6526818871498108
290,2.0092480182647705,0.0,0.0,0.0,0.0,-2.250307083129883
291,1.5721089839935303,0.0,0.0,0.0,0.0,-0.2597910165786743
292,0.0,0.9508263468742371,0.0,0.0,0.0,-0.01705123484134674
293,0.0,1.7145177125930786,0.0,0.0,0.0,-1.4666845798492432
294,0.0,0.5563951730728149,0.0,0.0,0.0,0.392712265253067
295,0.0,1.539981722831726,0.0,0.0,0.0,-0.85299152135849
296,0.0,1.0671433210372925,0.0,0.0,0.0,0.8037487268447876
297,0.0,1.5143588781356812,0.0,0.0,0.0,-0.7951074838638306
298,0.0,1.816281795501709,0.0,0.0,0.0,-2.22336745262146
299,1.1772633790969849,0.0,0.0,0.0,0.0,-0.5952057838439941
300,0.0,1.4587249755859375,0.0,0.0,0.0,-1.562264084815979
301,0.0,0.0,0.0,1.0270273685455322,0.0,0.6521918773651123
302,0.0,1.2201170921325684,0.0,0.0,0.0,-0.5364416241645813
303,0.0,0.0,0.9150933623313904,0.0,0.0,0.6763172745704651
304,1.354780673980713,0.0,0.0,0.0,0.0,-0.25347694754600525
305,0.0,0.33406394720077515,0.3054327666759491,0.5458940863609314,0.0,3.1830837726593018
306,0.0,0.0,1.8677421808242798,0.0,0.0,-2.1220004558563232
307,0.0,0.0,0.0,0.5885257720947266,0.0,2.9889838695526123
308,0.0,1.809502124786377,0.0,0.0,0.0,-2.1933133602142334
309,0.0,1.6272308826446533,0.0,0.0,0.0,-1.042494773864746
310,0.0,1.7874668836593628,0.0,0.0,0.0,-2.048374891281128
311,0.0,1.2252527475357056,0.0,0.0,0.0,0.23900975286960602
312,0.0,1.8489961624145508,0.0,0.0,0.0,-2.280773162841797
313,0.32235297560691833,0.27604493498802185,0.0,0.0,0.0,3.2531168460845947
314,0.0,1.344009518623352,0.0,0.0,0.0,0.8319687247276306
315,0.0,0.5356823801994324,0.4291122853755951,0.6543476581573486,0.0,2.5550293922424316
316,0.0,1.3745020627975464,0.0,0.0,0.0,0.5309474468231201
317,1.8672358989715576,0.0,0.0,0.0,0.0,-1.703201174736023
318,0.0,1.4048960208892822,0.0,0.0,0.0,0.07235614955425262
319,0.0,0.9216626286506653,0.0,0.0,0.0,1.222643256187439
320,0.0,1.321685791015625,0.0,0.0,0.0,-1.3365998268127441
321,0.0,1.1870989799499512,0.9684435129165649,1.1514946222305298,0.0,0.6664494872093201
322,1.4600540399551392,0.0,0.0,0.0,0.0,-0.4154267907142639
323,1.996015191078186,0.0,0.0,0.0,0.0,-2.2022411823272705
324,1.6377052068710327,0.0,0.0,0.0,0.0,-1.0893526077270508
325,0.0,0.8646939992904663,0.0,0.0,0.0,0.886406421661377
326,0.0,0.0,1.0573275089263916,0.0,0.0,-0.023104384541511536
327,0.0,0.3166165351867676,0.0,0.0,0.0,1.9135916233062744
328,0.6308684349060059,0.0,0.4914140999317169,0.0,0.0,2.231740713119507
329,1.1306509971618652,0.0,0.0,0.0,0.0,0.8934819102287292
330,0.0,0.8105829358100891,0.0,0.0,0.0,0.8072609901428223
331,0.0,0.9503923654556274,0.0,0.0,0.0,0.19890187680721283
332,0.0,1.5555737018585205,0.0,0.0,0.0,0.3123323917388916
333,0.0,1.6048221588134766,0.0,0.0,0.0,0.04188476502895355
334,0.0,1.2544665336608887,0.0,0.0,0.0,-0.43037286400794983
335,0.0,1.7739521265029907,0.0,0.0,0.0,-1.9971327781677246
336,0.0,0.33228880167007446,0.0,0.0,0.0,3.03349232673645
337,0.0,1.7452139854431152,0.0,0.0,0.0,-1.8815155029296875
338,0.0,1.0790585279464722,0.0,0.0,0.0,0.7894800901412964
339,0.0,1.8056329488754272,0.0,0.0,0.0,-2.381087064743042
340,0.0,1.141099214553833,0.0,0.0,0.0,-0.575169026851654
341,0.0,0.7709006071090698,0.0,0.0,0.0,0.6588665843009949
342,0.0,1.7701998949050903,0.0,0.0,0.0,-2.008322238922119
343,0.0,0.0,0.0,1.3514786958694458,0.0,-0.3022584617137909
344,0.0,0.0,0.8707181215286255,0.0,0.0,0.7283325791358948
345,0.0,1.6787810325622559,0.0,0.0,0.0,-1.3894438743591309
346,0.0,1.6806093454360962,0.0,0.0,0.0,0.09611932933330536
347,1.5320353507995605,0.0,0.0,0.0,0.0,-0.41464439034461975
348,1.9657074213027954,0.0,0.0,0.0,0.0,-2.1294362545013428
349,0.0,1.6268954277038574,0.0,0.0,0.0,-1.003556251525879
350,0.0,1.5826948881149292,0.0,0.0,0.0,-0.8932374119758606
351,0.0,1.7717894315719604,0.0,0.0,0.0,-2.0280840396881104
352,0.0,0.9667437672615051,0.0,0.0,0.0,0.314347505569458
353,0.0,1.2071727514266968,0.0,0.0,0.0,-0.1888355165719986
354,1.2956838607788086,0.0,0.0,0.0,0.0,0.0769113153219223
355,0.0,0.7506860494613647,0.0,0.0,0.0,0.7913000583648682
356,0.0,1.5743401050567627,0.0,0.0,0.0,-1.1865122318267822
357,0.0,1.660481333732605,0.0,0.0,0.0,-0.6620607972145081
358,0.0,0.0,1.280579924583435,0.0,0.0,-0.75829017162323
359,1.4538359642028809,0.0,0.0,0.0,0.0,-0.7194061875343323
360,0.0,0.0,1.1692904233932495,0.0,0.0,-0.2659435570240021
361,0.0,1.5152031183242798,0.0,0.0,0.0,0.31597718596458435
362,0.0,1.2631621360778809,0.0,0.0,0.0,0.3147765100002289
363,0.0,1.4284032583236694,0.0,0.0,0.0,0.6531031727790833
364,1.3235467672348022,0.0,0.0,0.0,0.0,-0.2059061974287033
365,0.0,1.1971367597579956,0.0,0.0,0.0,0.012842162512242794
366,0.0,1.4063807725906372,0.0,0.0,0.0,-0.3025447130203247
367,1.2864530086517334,0.0,0.0,0.0,0.0,-0.41502055525779724
368,0.0,1.7793612480163574,0.0,0.0,0.0,-2.1767492294311523
369,0.0,1.1161495447158813,0.0,0.0,0.0,-0.6753401756286621
370,0.0,1.4919074773788452,0.0,0.0,0.0,-0.28383710980415344
371,0.0,1.6859967708587646,0.0,0.0,0.0,-1.7133891582489014
372,0.0,1.0177007913589478,0.0,0.0,0.0,-0.5495235323905945
373,1.4841927289962769,0.0,0.0,0.0,0.0,-0.8102061748504639
374,0.0,0.0,1.5530449151992798,0.0,0.0,-1.2579609155654907
375,1.3018966913223267,0.0,0.0,0.0,0.0,-0.6751967072486877
376,0.0,0.9487864375114441,0.0,0.0,0.0,0.6399951577186584
377,0.0,1.1052637100219727,0.0,0.0,0.0,0.9004088640213013
378,0.0,1.739296317100525,0.0,0.0,0.0,-1.899484395980835
379,0.0,0.0,1.6735566854476929,0.0,0.0,-1.5888441801071167
380,0.0,0.5816221237182617,0.0,0.0,0.0,1.6140186786651611
381,0.0,1.829911231994629,0.0,0.0,0.0,-2.309173583984375
382,0.0,0.0,0.0,1.6587743759155273,0.0,-1.452749252319336
383,0.0,1.6113145351409912,0.0,0.0,0.0,-1.1659820079803467
384,0.8129597902297974,0.0,0.0,0.0,0.0,0.9973164200782776
385,0.5650988221168518,0.46552008390426636,0.0,0.0,0.0,1.496026873588562
386,0.8159571290016174,0.0,0.0,0.0,0.0,0.7764905095100403
387,0.0,1.2012403011322021,0.0,0.0,0.0,-1.4439263343811035
388,1.2795171737670898,0.0,0.0,0.0,0.0,0.47505927085876465
389,0.0,0.0,1.5837570428848267,0.0,0.0,-1.3339122533798218
390,0.0,0.4489303231239319,0.0,0.0,0.0,2.0401723384857178
391,1.411407232284546,0.0,0.0,0.0,0.0,-0.5241242051124573
392,0.0,1.8411060571670532,0.0,0.0,0.0,-2.4559457302093506
393,0.0,1.8412808179855347,0.0,0.0,0.0,-2.389779567718506
394,0.0,0.0,1.8026220798492432,0.0,0.0,-1.9262899160385132
395,0.0,1.7970004081726074,0.0,0.0,0.0,-2.2967288494110107
396,0.7175692319869995,0.0,0.0,0.0,0.0,1.7263565063476562
397,2.000187873840332,0.0,0.0,0.0,0.0,-2.1972999572753906
398,0.0,0.59800124168396,0.0,0.0,0.0,0.8816915154457092
399,1.4665435552597046,0.0,0.0,0.0,0.0,-1.2054517269134521
400,2.057307720184326,0.0,0.0,0.0,0.0,-2.401250123977661
401,0.0,1.7109706401824951,0.0,0.0,0.0,-1.4102089405059814
402,1.9786443710327148,0.0,0.0,0.0,0.0,-2.171513795852661
403,0.5197201371192932,0.0,0.0,0.0,0.0,2.3150229454040527
404,0.0,1.4027196168899536,0.0,0.0,0.0,-1.303954839706421
405,0.0,1.782374620437622,0.0,0.0,0.0,-2.2984464168548584
406,0.6832979917526245,0.0,0.0,0.0,0.0,0.907278299331665
407,1.2758740186691284,0.0,0.0,0.0,0.0,0.550507128238678
408,0.0,1.6241252422332764,0.0,0.0,0.0,-0.48933205008506775
409,0.0,0.9126895070075989,0.0,0.0,0.0,0.7192721962928772
410,1.4612325429916382,1.3915839195251465,0.0,0.0,0.0,-0.4086519777774811
411,0.0,1.0381137132644653,0.0,0.0,0.0,-1.1806647777557373
412,0.0,0.4071943461894989,0.0,0.0,0.0,2.257100820541382
413,0.9765742421150208,0.0,0.0,0.0,0.0,-0.1660507470369339
414,0.0,0.36829429864883423,0.0,0.0,0.0,1.4283126592636108
415,0.0,0.0,0.0,1.936733603477478,0.0,-2.439162015914917
416,0.0,0.0,0.0,1.1620134115219116,0.0,0.1231408566236496
417,0.0,0.8665006756782532,0.0,0.0,0.0,0.8881966471672058
418,0.0,0.5747095942497253,0.0,0.0,0.0,1.1366560459136963
419,0.0,0.6084337830543518,0.0,0.0,0.0,0.3209177553653717
420,0.0,1.065657615661621,0.0,0.0,0.0,-0.22155143320560455
421,1.3111966848373413,0.0,0.0,0.0,0.0,0.18546287715435028
422,0.0,1.733230710029602,0.0,0.0,0.0,-1.96693754196167
423,1.1863945722579956,0.0,0.0,0.0,0.0,0.4105641543865204
424,0.0,1.8296250104904175,0.0,0.0,0.0,-2.290062665939331
425,0.0,0.0,1.8048063516616821,0.0,0.0,-1.9406492710113525
426,0.0,0.382991224527359,0.0,0.0,0.0,2.7969987392425537
427,1.187095046043396,0.0,0.0,0.0,0.0,0.45309513807296753
428,0.0,1.8729584217071533,0.0,0.0,0.0,-2.398693084716797
429,0.0,0.4997205436229706,0.0,0.0,0.0,0.6648828387260437
430,0.0,0.7175673246383667,0.0,0.0,0.0,2.026113271713257
431,0.0,1.859401822090149,0.0,0.0,0.0,-2.3937463760375977
432,0.0,1.9015611410140991,0.0,0.0,0.0,-2.6547133922576904
433,0.0,0.41150355339050293,0.0,0.0,0.0,2.6109087467193604
434,1.2498779296875,0.0,0.0,0.0,0.0,-0.38538339734077454
435,0.0,1.0846776962280273,0.0,0.0,0.0,-0.759168803691864
436,0.0,1.1624313592910767,0.0,0.0,0.0,0.90813148021698
437,0.0,1.7393871545791626,0.0,0.0,0.0,-2.0968925952911377
438,1.532401204109192,0.0,1.4290297031402588,0.0,0.0,-1.0271265506744385
439,0.0,1.860385775566101,0.0,0.0,0.0,-2.540839433670044
440,0.0,1.3592934608459473,0.0,0.0,0.0,0.3523714542388916
441,0.0,0.0,1.734937310218811,0.0,0.0,-1.7596585750579834
442,0.0,0.6682133674621582,0.0,0.0,0.0,1.8313430547714233
443,0.9726251363754272,0.7575210928916931,0.9875402450561523,0.0,0.0,-0.22329844534397125
444,0.37650254368782043,0.29019227623939514,0.37111520767211914,0.0,0.0,2.283895254135132
445,0.0,1.0501790046691895,0.0,0.0,0.0,-1.1920007467269897
446,0.0,1.286197543144226,0.0,0.0,0.0,0.6727693676948547
447,0.0,0.7188520431518555,0.0,0.0,0.0,0.5288427472114563
448,0.34188055992126465,0.2926792800426483,0.0,0.0,0.0,3.1337063312530518
449,0.0,1.2151641845703125,0.0,0.0,0.0,-1.0860016345977783
450,0.9347343444824219,0.7127739191055298,0.0,0.0,0.0,-0.16678108274936676
451,0.0,1.6047900915145874,0.0,0.0,0.0,-1.1391563415527344
452,0.0,1.7990853786468506,0.0,0.0,0.0,-2.2377660274505615
453,0.0,1.805713415145874,0.0,0.0,0.0,-2.383208751678467
454,0.0,0.0,1.4533615112304688,0.0,0.0,-0.9916520714759827
455,1.0031161308288574,0.0,0.0,1.0958880186080933,0.0,0.46292853355407715
456,0.0,0.0,1.0590459108352661,0.0,0.0,0.2506771385669708
457,1.4872480630874634,0.0,0.0,0.0,0.0,-0.971455991268158
458,0.0,1.8677520751953125,0.0,0.0,0.0,-2.5915749073028564
459,0.0,0.45631739497184753,0.0,0.0,0.0,1.7812954187393188
460,0.0,1.2309296131134033,0.0,0.0,0.0,-0.4602811336517334
461,0.0,1.7698578834533691,0.0,0.0,0.0,-1.8589125871658325
462,2.0610151290893555,0.0,0.0,0.0,0.0,-2.4014594554901123
463,0.0,1.6172153949737549,0.0,0.0,0.0,-1.2257577180862427
464,0.0,1.5019718408584595,0.0,0.0,0.0,0.10613910853862762
465,0.0,0.0,0.0,0.5895300507545471,0.0,2.9640018939971924
466,1.9979294538497925,0.0,0.0,0.0,0.0,-2.219536781311035
467,0.0,1.022009015083313,0.0,0.0,0.0,-0.13354749977588654
468,0.0,1.1061382293701172,0.0,0.0,0.0,-0.21669532358646393
469,0.0,0.0,0.0,0.9469821453094482,0.0,0.820713222026825
470,0.0,1.1685622930526733,0.0,0.0,0.0,-1.1595346927642822
471,0.0,1.5519942045211792,0.0,0.0,0.0,-1.0514135360717773
472,0.8522323369979858,0.6928942799568176,0.0,0.0,0.0,0.3777446448802948
473,0.0,0.8071184158325195,0.0,0.0,0.0,1.618943214416504
474,1.0412427186965942,0.0,0.0,0.0,0.0,0.9324497580528259
475,0.0,1.7290661334991455,0.0,0.0,0.0,-1.944711446762085
476,0.0,1.817779541015625,0.0,0.0,0.0,-2.256852626800537
477,0.0,1.8671355247497559,0.0,0.0,0.0,-2.3920865058898926
478,0.0,1.7298400402069092,0.0,0.0,0.0,-1.4794939756393433
479,0.0,0.0,0.0,1.825528860092163,0.0,-2.066943883895874
480,2.1100590229034424,0.0,0.0,0.0,0.0,-2.571382999420166
481,1.2529842853546143,0.0,0.0,0.0,0.0,0.575971782207489
482,0.0,1.4903281927108765,0.0,0.0,0.0,-0.3300152122974396
483,0.0,0.5158836841583252,0.0,0.0,0.0,1.99873685836792
484,0.0,0.0,0.0,1.9195995330810547,0.0,-2.387700080871582
485,0.0,1.7615820169448853,0.0,0.0,0.0,-2.0555777549743652
486,0.0,1.5562695264816284,0.0,0.0,0.0,-0.9841632843017578
487,0.0,1.1284215450286865,0.0,0.0,0.0,0.11970703303813934
488,0.0,0.7902454137802124,0.7904091477394104,0.0,0.0,0.7856135964393616
489,0.0,1.758115291595459,0.0,0.0,0.0,-2.0946569442749023
490,0.0,1.2703088521957397,0.0,0.0,0.0,-0.35816752910614014
491,0.0,1.531705379486084,0.0,0.0,0.0,-0.9614477753639221
492,0.0,0.0,1.7631970643997192,0.0,0.0,-1.8312034606933594
493,0.0,1.6130338907241821,0.0,0.0,0.0,0.06770019233226776
494,0.0,1.8386774063110352,0.0,0.0,0.0,-2.2659809589385986
495,0.0,1.486098051071167,0.0,0.0,0.0,-0.31411612033843994
496,1.4549462795257568,0.0,0.0,0.0,0.0,-0.49954429268836975
497,0.0,0.8097716569900513,0.0,0.0,0.0,-0.4735918939113617
498,0.0,1.4385311603546143,0.0,0.0,0.0,-1.487235188484192
499,0.0,0.8026058077812195,0.0,0.0,0.0,0.2976738214492798
500,0.0,1.5125242471694946,0.0,0.0,0.0,0.4507042467594147
501,0.38350698351860046,0.31346774101257324,0.0,0.0,0.0,2.3467068672180176
502,0.0,1.7323722839355469,0.0,0.0,0.0,-1.9856126308441162
503,0.0,0.31042543053627014,0.3079458773136139,0.0,0.0,3.1731574535369873
504,0.5897210240364075,0.475081205368042,0.0,0.8046084046363831,0.0,1.2785322666168213
505,0.0,1.1875617504119873,0.0,0.0,0.0,0.35032930970191956
506,0.0,1.7749683856964111,0.0,0.0,0.0,-2.0823662281036377
507,0.0,0.45429691672325134,0.0,0.0,0.0,1.7326871156692505
508,0.0,0.0,0.0,0.6230318546295166,0.0,2.772063970565796
509,0.0,1.828070044517517,0.0,0.0,0.0,-2.38244366645813
510,0.0,1.139838457107544,0.0,0.0,0.0,-0.409127801656723
511,0.0,1.0219569206237793,0.0,0.0,0.0,-0.07824362814426422
512,0.0,1.7593941688537598,0.0,0.0,0.0,-2.1155107021331787
513,0.0,1.6206343173980713,0.0,0.0,0.0,-0.7987058758735657
514,1.6121500730514526,0.0,0.0,0.0,0.0,-0.4713342487812042
515,0.0,0.0,1.848004698753357,0.0,0.0,-2.0491344928741455
516,0.0,1.5287004709243774,1.598883032798767,1.6327910423278809,0.0,-1.4155933856964111
517,0.0,1.8337329626083374,0.0,0.0,0.0,-2.4424664974212646
518,0.0,1.3555885553359985,0.0,0.0,0.0,0.251141756772995
519,0.0,1.7094112634658813,0.0,0.0,0.0,-1.8539624214172363
520,0.6934270858764648,0.6900595426559448,0.0,0.0,0.0,1.9183000326156616
521,0.0,1.592206358909607,0.0,0.0,0.0,-0.7243289351463318
522,0.0,0.39236924052238464,0.0,0.0,0.0,2.262578010559082
523,0.0,1.2629683017730713,0.0,0.0,0.0,-1.0587027072906494
524,0.0,1.6502056121826172,0.0,0.0,0.0,-1.3309259414672852
525,0.0,0.816937267780304,0.0,0.0,0.0,0.22973482310771942
526,1.315801739692688,0.0,0.0,0.0,0.0,0.49418553709983826
527,0.0,0.5846523642539978,0.0,0.0,0.0,1.8690201044082642
528,0.0,1.6812626123428345,0.0,0.0,0.0,-0.12978775799274445
529,0.0,0.0,1.145491361618042,0.0,0.0,-0.2394658476114273
530,0.0,1.4624277353286743,0.0,1.4437516927719116,0.0,-0.5043091773986816
531,0.0,1.8324850797653198,0.0,0.0,0.0,-2.422142267227173
532,0.0,0.0,1.7340834140777588,0.0,0.0,-1.7259577512741089
533,0.0,0.0,0.7939280271530151,0.0,0.0,0.9210594296455383
534,0.0,1.2676951885223389,0.0,0.0,0.0,0.19154952466487885
535,0.0,0.0,0.0,1.9461387395858765,0.0,-2.473159074783325
536,0.34733057022094727,0.2810111343860626,0.0,0.0,0.0,2.7762701511383057
537,0.0,1.42973792552948,0.0,0.0,0.0,-0.7699102759361267
538,0.8774752020835876,0.8434664011001587,0.7520335912704468,0.0,0.0,1.0804812908172607
539,1.9891525506973267,0.0,0.0,0.0,0.0,-2.1930296421051025
540,0.0,1.2614285945892334,0.0,0.0,0.0,-0.6892745494842529
541,0.0,0.0,0.0,1.8951579332351685,0.0,-2.3004815578460693
542,0.0,0.0,1.2466769218444824,0.0,0.0,-0.3324163854122162
543,1.293104887008667,0.0,0.0,0.0,0.0,-1.098677635192871
544,0.0,1.1717824935913086,0.0,0.0,0.0,-0.04181583225727081
545,0.0,1.8328193426132202,0.0,0.0,0.0,-2.191126585006714
546,1.1460230350494385,0.0,0.0,0.0,0.0,0.7391530871391296
547,0.0,1.3965742588043213,0.0,0.0,0.0,-1.2901999950408936
548,0.0,1.7739801406860352,0.0,0.0,0.0,-2.2415640354156494
549,0.0,1.3988522291183472,0.0,0.0,0.0,0.8090980648994446
550,0.0,0.0,1.8214954137802124,0.0,0.0,-1.991070032119751
551,0.0,0.3677401840686798,0.0,0.7088652849197388,0.0,1.5798559188842773
552,0.0,0.9313021898269653,0.0,0.0,0.0,-0.5468419194221497
553,0.0,0.9619753956794739,0.0,0.0,0.0,1.4275957345962524
554,0.0,0.0,1.8024942874908447,0.0,0.0,-1.9256800413131714
555,0.0,1.2446855306625366,0.0,0.0,0.0,-0.3469783067703247
556,0.0,1.5703859329223633,0.0,0.0,0.0,-1.0997607707977295
557,0.0,0.0,0.0,1.591973900794983,0.0,-1.2244601249694824
558,0.0,0.32064056396484375,0.0,0.0,0.0,3.0793774127960205
559,0.0,0.0,1.0822077989578247,0.0,0.0,-0.17730171978473663
560,0.0,1.2985689640045166,0.0,0.0,0.0,0.14309369027614594
561,0.0,0.8093482255935669,0.0,0.0,0.0,0.8291307091712952
562,1.2728358507156372,1.1837522983551025,0.0,0.0,0.0,-0.12206996977329254
563,0.0,1.250779628753662,0.0,0.0,0.0,-0.8554396033287048
564,0.0,0.0,0.5053978562355042,0.0,0.0,2.045630693435669
565,0.7216328382492065,0.6268342137336731,0.0,0.0,0.0,1.1081377267837524
566,0.643714427947998,0.5166187286376953,0.0,0.0,0.0,1.0921545028686523
567,0.0,1.0086561441421509,0.0,0.0,0.0,-1.1770246028900146
568,0.0,0.3358747065067291,0.0,0.0,0.0,2.385929584503174
569,0.0,1.320945382118225,0.0,0.0,0.0,0.07462690770626068
570,0.0,1.7811046838760376,0.0,0.0,0.0,-2.2251088619232178
571,0.0,0.0,1.107771873474121,0.0,0.0,0.00026957597583532333
572,0.0,0.0,1.7508745193481445,0.0,0.0,-1.7953853607177734
573,0.0,1.779090166091919,0.0,0.0,0.0,-2.131578207015991
574,1.341619849205017,0.0,0.0,0.0,0.0,0.4456864595413208
575,0.0,1.4504003524780273,0.0,0.0,0.0,0.01620994508266449
576,0.0,0.0,1.7960200309753418,0.0,0.0,-1.9157099723815918
577,0.0,0.3436491787433624,0.0,0.0,0.0,2.2757909297943115
578,0.0,0.0,1.9316550493240356,0.0,0.0,-2.2693583965301514
579,0.0,1.7594025135040283,0.0,0.0,0.0,-2.1206634044647217
580,0.0,0.0,1.8782963752746582,0.0,0.0,-2.1152141094207764
581,0.0,1.6590665578842163,0.0,0.0,0.0,-1.2138307094573975
582,1.1442992687225342,0.9007712006568909,0.0,0.0,0.0,-0.7261099815368652
583,0.0,1.5825982093811035,0.0,0.0,0.0,-1.1640994548797607
584,0.0,1.7832022905349731,0.0,0.0,0.0,-2.1045475006103516
585,0.2947727143764496,0.25018447637557983,0.0,0.5208323001861572,0.0,3.482084035873413
586,0.0,0.0,0.0,0.9835636019706726,0.0,1.06122887134552
587,0.4695369303226471,0.0,0.0,0.0,0.0,2.2072103023529053
588,0.0,1.3987462520599365,0.0,0.0,0.0,-0.0784420520067215
589,2.0626699924468994,0.0,0.0,0.0,0.0,-2.402345895767212
590,1.3801904916763306,1.2903249263763428,1.2286728620529175,0.0,0.0,-0.3463607132434845
591,0.0,1.430579662322998,0.0,0.0,0.0,-0.8557966351509094
592,0.9347205758094788,0.0,0.0,0.0,0.0,0.6097412109375
593,0.0,0.3324086666107178,0.0,0.0,0.0,3.0852253437042236
594,0.7294443845748901,0.6724278926849365,0.0,0.0,0.0,1.4745761156082153
595,0.0,1.6807104349136353,0.0,0.0,0.0,-0.7349286079406738
596,0.0,1.2889569997787476,0.0,0.0,0.0,-0.7463993430137634
597,0.0,1.0197190046310425,0.0,0.0,0.0,0.40924039483070374
598,0.0,0.0,1.346755862236023,0.0,0.0,-0.7040034532546997
599,0.0,0.9050086140632629,0.0,0.0,0.0,0.06788699328899384
600,0.6741029620170593,0.0,0.0,0.0,0.0,1.27482008934021
601,0.0,1.6607385873794556,0.0,0.0,0.0,-1.117331624031067
602,0.0,0.8536646962165833,0.0,0.0,0.0,-0.5525434613227844
603,0.0,0.3749305307865143,0.0,0.746235191822052,0.0,1.3122256994247437
604,1.5355020761489868,1.487020492553711,0.0,0.0,0.0,-0.4437773823738098
605,1.4623469114303589,0.0,0.0,0.0,0.0,-0.34753525257110596
606,0.0,1.811115026473999,0.0,0.0,0.0,-2.3160316944122314
607,0.0,1.801307201385498,0.0,0.0,0.0,-2.240238666534424
608,0.0,0.7930024862289429,0.0,0.0,0.0,-0.3514738976955414
609,0.0,1.4205026626586914,0.0,0.0,0.0,0.01840721070766449
610,0.0,0.0,0.0,1.9785298109054565,0.0,-2.584423780441284
611,0.0,0.0,1.8907134532928467,0.0,0.0,-2.175926923751831
612,0.0,0.9256615042686462,0.0,0.0,0.0,-0.550624668598175
613,0.47675254940986633,0.0,0.0,0.0,0.0,2.3899545669555664
614,0.0,0.3060402572154999,0.0,0.6175050139427185,0.0,2.0482492446899414
615,0.5174747705459595,0.4742003083229065,0.0,0.6715720891952515,0.0,2.1866347789764404
616,1.2005279064178467,0.0,0.0,0.0,0.0,-0.14380522072315216
617,1.5339908599853516,0.0,0.0,0.0,0.0,-0.1431300789117813
618,0.0,0.7953781485557556,0.0,0.0,0.0,-0.015479103662073612
619,0.0,1.3635947704315186,0.0,0.0,0.0,-1.4517877101898193
620,0.0,1.745153784751892,0.0,0.0,0.0,-1.9366798400878906
621,0.0,0.2931687831878662,0.0,0.5352510213851929,0.0,3.3293933868408203
622,0.0,1.7031750679016113,0.0,0.0,0.0,-2.0578510761260986
623,2.0038039684295654,0.0,0.0,0.0,0.0,-2.2656073570251465
624,0.0,1.0103925466537476,0.0,0.0,0.0,0.3925180435180664
625,0.4229065775871277,0.3556695878505707,0.0,0.0,0.0,2.474505662918091
626,1.1007884740829468,0.0,0.0,0.0,0.0,-0.6870493292808533
627,0.0,0.27589327096939087,0.0,0.0,0.0,2.6611835956573486
628,1.5564298629760742,1.5064693689346313,0.0,0.0,0.0,-0.49921807646751404
629,0.0,0.0,0.6679426431655884,0.0,0.0,0.9941338896751404
630,1.1388518810272217,0.0,0.0,0.0,0.0,0.6936678290367126
631,0.0,1.0138747692108154,0.0,0.0,0.0,-1.1793971061706543
632,0.0,1.2639473676681519,0.0,0.0,0.0,-0.4442129135131836
633,0.0,0.7469856142997742,0.6871812343597412,0.0,0.0,1.2502315044403076
634,0.9191635251045227,0.0,0.0,0.0,0.0,0.03777723014354706
635,0.0,1.5147569179534912,0.0,0.0,0.0,0.521961510181427
636,0.0,0.7488732933998108,0.0,0.0,0.0,1.3925788402557373
637,1.66765558719635,0.0,0.0,0.0,0.0,-0.8848629593849182
638,0.900838315486908,0.7510659694671631,0.8641547560691833,0.0,0.0,0.3506244122982025
639,0.0,1.3664662837982178,0.0,0.0,0.0,-0.6542661786079407
640,0.0,0.0,0.0,1.9647361040115356,0.0,-2.5309221744537354
641,1.8608412742614746,1.6521307229995728,0.0,0.0,0.0,-1.867598056793213
642,0.9806474447250366,0.0,0.0,0.0,0.0,-0.035493865609169006
643,0.0,0.7647638320922852,0.0,0.0,0.0,-0.2069038301706314
644,0.0,1.0775941610336304,0.0,0.0,0.0,0.5637845993041992
645,0.0,1.3824756145477295,0.0,0.0,0.0,-0.5908578038215637
646,0.0,1.5711665153503418,0.0,0.0,0.0,-1.0813000202178955
647,0.0,1.4029818773269653,0.0,0.0,0.0,-1.350784420967102
648,1.94130539894104,1.6969588994979858,0.0,0.0,0.0,-2.150632619857788
649,0.0,1.8166253566741943,0.0,0.0,0.0,-2.210430383682251
650,0.0,1.0248210430145264,0.0,0.0,0.0,0.9654324054718018
651,0.0,0.8623976111412048,0.0,0.0,0.0,-0.6293186545372009
652,1.5402218103408813,0.0,0.0,0.0,0.0,-0.8635688424110413
653,0.0,1.5890651941299438,0.0,0.0,0.0,-0.9632154703140259
654,0.0,1.2639055252075195,0.0,0.0,0.0,-1.0945686101913452
655,1.5271503925323486,0.0,0.0,0.0,0.0,-1.3977775573730469
656,0.7475250363349915,0.0,0.0,0.0,0.0,1.7576550245285034
657,0.0,0.9997593760490417,0.0,0.0,0.0,0.4966863989830017
658,0.0,0.5459211468696594,0.0,0.0,0.0,0.4284855127334595
659,1.2314034700393677,1.313335657119751,0.0,0.0,0.0,0.882084310054779
660,0.860506534576416,0.0,0.0,0.0,0.0,0.41619616746902466
661,0.0,0.0,0.0,1.4418249130249023,0.0,-0.674010157585144
662,0.0,1.8438732624053955,0.0,0.0,0.0,-2.351513385772705
663,0.41832584142684937,0.3579646050930023,0.0,0.6336668133735657,0.0,2.512141704559326
664,0.0,0.5587713718414307,0.0,0.0,0.0,1.3286831378936768
665,0.0,0.8115270733833313,0.0,0.0,0.0,1.2425153255462646
666,0.7949852347373962,0.0,0.0,0.0,0.0,1.4926201105117798
667,0.8821691274642944,0.7513936161994934,0.0,1.037428617477417,0.0,0.5400901436805725
668,1.3941926956176758,0.0,0.0,1.330232858657837,0.0,-0.005488173104822636
669,1.0295112133026123,0.0,0.0,0.0,0.0,0.15015201270580292
670,0.0,0.0,0.0,1.0409539937973022,0.0,0.816415011882782
671,0.0,0.6719376444816589,0.0,0.0,0.0,1.1665267944335938
672,0.0,0.9066595435142517,0.0,0.0,0.0,1.702561378479004
673,0.40957245230674744,0.0,0.0,0.0,0.0,2.8803322315216064
674,1.7148867845535278,0.0,0.0,0.0,0.0,-1.2834439277648926
675,0.0,0.6903209686279297,0.0,0.0,0.0,0.6374505162239075
676,0.0,0.5345609188079834,0.0,0.0,0.0,0.9898707270622253
677,0.0,0.9334056973457336,0.0,0.0,0.0,0.39579856395721436
678,0.4546810984611511,0.0,0.0,0.0,0.0,2.312819480895996
679,0.0,1.2869151830673218,0.0,0.0,0.0,0.8767372369766235
680,0.0,0.4713340997695923,0.0,0.0,0.0,1.8844325542449951
681,0.0,0.358337938785553,0.0,0.0,0.0,2.572862148284912
682,0.0,1.2449603080749512,0.0,0.0,0.0,-1.2268576622009277
683,0.0,1.0431517362594604,0.0,0.0,0.0,0.2774356007575989
684,0.0,1.767167329788208,0.0,0.0,0.0,-1.8835430145263672
685,0.0,0.9760693907737732,0.0,1.2002214193344116,0.0,-0.03638429939746857
686,0.0,1.7135460376739502,0.0,0.0,0.0,-1.7096173763275146
687,1.135130524635315,0.0,0.0,0.0,0.0,0.5166493058204651
688,0.0,0.3646426498889923,0.0,0.0,0.0,2.3311727046966553
689,0.0,1.7680561542510986,0.0,0.0,0.0,-2.0033535957336426
690,0.0,1.8547083139419556,0.0,0.0,0.0,-2.3742446899414062
691,1.131377100944519,0.0,0.0,0.0,0.0,0.2798623740673065
692,1.6169419288635254,0.0,0.0,0.0,0.0,-0.7975829243659973
693,0.0,0.9280765056610107,0.0,0.0,0.0,-0.739336371421814
694,0.0,0.9076904654502869,0.0,0.0,0.0,0.05464749038219452
695,2.0128579139709473,0.0,0.0,0.0,0.0,-2.245131254196167
696,1.3653478622436523,0.0,0.0,0.0,0.0,-0.632719874382019
697,0.0,1.2220677137374878,0.0,0.0,0.0,-0.17817933857440948
698,0.0,0.7263457179069519,0.0,0.0,0.0,-0.12449730932712555
699,0.0,1.7527037858963013,0.0,0.0,0.0,-1.9590532779693604
700,0.0,0.0,1.3547199964523315,0.0,0.0,-0.7267154455184937
701,1.1027709245681763,0.0,0.0,0.0,0.0,-0.020863130688667297
702,0.0,1.772396445274353,0.0,0.0,0.0,-2.1836209297180176
703,0.0,0.0,0.8476689457893372,0.0,0.0,0.6920307278633118
704,0.0,0.0,1.555027723312378,0.0,0.0,-1.2587939500808716
705,0.0,1.0764784812927246,0.0,0.0,0.0,-0.5508438944816589
706,0.0,0.0,0.0,1.8596718311309814,0.0,-2.164364814758301
707,0.0,1.2487123012542725,0.0,0.0,0.0,-1.0544798374176025
708,0.0,0.7175033092498779,0.0,0.0,0.0,-0.16878719627857208
709,0.0,1.7634268999099731,0.0,0.0,0.0,-2.2462856769561768
710,0.0,0.8614637851715088,0.0,0.0,0.0,0.11594061553478241
711,0.3855394124984741,0.30982235074043274,0.0,0.0,0.0,2.5099992752075195
712,0.0,0.0,0.881062924861908,0.0,0.0,0.4550788998603821
713,2.090374708175659,0.0,0.0,0.0,0.0,-2.474482536315918
714,0.0,0.0,0.0,1.959511399269104,0.0,-2.523463726043701
715,0.0,0.0,1.790203332901001,0.0,0.0,-1.8945469856262207
716,0.0,1.2169257402420044,0.0,0.0,0.0,-1.1894500255584717
717,0.0,0.8474807143211365,0.0,0.0,0.0,-0.08600558340549469
718,0.757535457611084,0.6846812963485718,0.0,0.0,0.0,1.2658493518829346
719,1.232717752456665,0.0,0.0,0.0,0.0,0.41117092967033386
720,0.0,0.7638205885887146,0.0,0.0,0.0,1.8308744430541992
721,0.0,0.510836124420166,0.0,0.0,0.0,1.6892263889312744
722,0.0,1.5709452629089355,0.0,0.0,0.0,-1.044063687324524
723,0.0,1.7261821031570435,0.0,0.0,0.0,-1.8446400165557861
724,0.0,0.0,0.0,0.9744791984558105,0.0,1.0936188697814941
725,0.0,0.0,1.883557915687561,0.0,0.0,-2.159010171890259
726,1.3831995725631714,0.0,0.0,0.0,0.0,-1.1296653747558594
727,0.0,1.7579014301300049,0.0,0.0,0.0,-2.1333048343658447
728,0.0,1.736644983291626,0.0,0.0,0.0,-2.182481050491333
729,0.0,1.3625010251998901,0.0,0.0,0.0,-0.6295244693756104
730,0.0,0.6020517945289612,0.0,0.0,0.0,1.8775062561035156
731,1.9480719566345215,0.0,0.0,0.0,0.0,-2.0935707092285156
732,0.0,0.37961676716804504,0.0,0.0,0.0,1.547761082649231
733,0.0,0.7491480112075806,0.0,0.0,0.0,0.7100636959075928
734,0.0,1.207955241203308,0.0,0.0,0.0,0.2958073616027832
735,0.0,0.9152612090110779,0.8440731763839722,0.0,0.0,0.731286346912384
736,0.0,0.0,0.0,1.906969666481018,0.0,-2.3359360694885254
737,0.0,0.35867825150489807,0.0,0.6160163283348083,0.0,2.4809110164642334
738,0.0,1.3225005865097046,0.0,0.0,0.0,-0.6921024918556213
739,0.0,1.8717097043991089,0.0,0.0,0.0,-2.557556629180908
740,0.0,0.8353660702705383,0.0,0.0,0.0,1.2052497863769531
741,0.0,0.7754437327384949,0.0,0.0,0.0,1.033279538154602
742,0.0,1.8578540086746216,0.0,0.0,0.0,-2.418015241622925
743,0.5985091924667358,0.0,0.0,0.0,0.0,1.8262169361114502
744,0.0,1.8146140575408936,0.0,0.0,0.0,-2.429029941558838
745,0.0,0.5011845231056213,0.0,0.0,0.0,2.082343816757202
746,0.0,1.6927149295806885,0.0,0.0,0.0,-0.7736031413078308
747,0.7735120058059692,0.7086122035980225,0.0,0.0,0.0,1.2858980894088745
748,0.0,1.687132716178894,0.0,0.0,0.0,-1.4124623537063599
749,0.0,0.0,0.8549852967262268,0.0,0.0,0.4901595115661621
750,1.9249721765518188,0.0,0.0,0.0,0.0,-1.9326016902923584
751,0.0,0.2796770930290222,0.3263903558254242,0.0,0.0,2.7247252464294434
752,0.6313678026199341,0.4733552038669586,0.0,0.0,0.0,0.7976161241531372
753,0.0,1.6763646602630615,0.0,0.0,0.0,-1.4994707107543945
754,1.9268622398376465,0.0,0.0,0.0,0.0,-1.9817166328430176
755,0.0,1.3150631189346313,0.0,0.0,0.0,-0.5836222171783447
756,1.2467625141143799,0.0,0.0,0.0,0.0,-0.08704324066638947
757,0.5753391981124878,0.5659865140914917,0.0,0.0,0.0,2.2899367809295654
758,0.0,0.830112874507904,0.0,0.0,0.0,0.6944798827171326
759,0.7331497669219971,0.6590022444725037,0.6334057450294495,0.0,0.0,1.425814151763916
760,0.0,1.5322072505950928,0.0,0.0,0.0,-0.1861184984445572
761,0.0,1.7149252891540527,0.0,0.0,0.0,-1.452662706375122
762,0.7333090901374817,0.6155517101287842,0.0,0.9195907115936279,0.0,0.899397611618042
763,0.9341567754745483,0.0,0.0,0.0,0.0,-0.037813201546669006
764,0.0,0.3287914991378784,0.0,0.0,0.0,2.579338788986206
765,0.0,0.7145134210586548,0.0,0.0,0.0,0.6657276749610901
766,0.0,0.4260387420654297,0.0,0.0,0.0,2.1376121044158936
767,0.3792387545108795,0.34762388467788696,0.32573026418685913,0.0,0.0,3.0127298831939697
768,0.0,0.7432554960250854,0.0,0.0,0.0,1.7534401416778564
769,1.9604085683822632,0.0,0.0,0.0,0.0,-2.105677366256714
770,0.0,1.0109351873397827,0.0,0.0,0.0,0.40687525272369385
771,1.0794274806976318,0.9030629396438599,0.0,0.0,0.0,-0.2179681807756424
772,0.0,1.842446208000183,0.0,0.0,0.0,-2.440768241882324
773,0.0,0.5541216135025024,0.0,0.0,0.0,0.3471253514289856
774,0.0,1.8467717170715332,0.0,0.0,0.0,-2.2391910552978516
775,0.0,1.6199554204940796,0.0,0.0,0.0,-0.6641495823860168
776,0.0,1.638357162475586,0.0,0.0,0.0,-1.0411083698272705
777,1.747288703918457,0.0,0.0,0.0,0.0,-1.3817427158355713
778,0.0,1.7460782527923584,0.0,0.0,0.0,-2.0587868690490723
779,0.6892576813697815,0.6575310230255127,0.0,0.0,0.0,1.726271152496338
780,0.0,1.0623743534088135,0.0,0.0,0.0,0.24887429177761078
781,1.6046909093856812,0.0,0.0,0.0,0.0,-0.9644534587860107
782,1.6086682081222534,0.0,0.0,1.5527607202529907,0.0,-1.081626534461975
783,0.0,0.8780007362365723,0.0,0.0,0.0,1.7702627182006836
784,0.0,1.786380410194397,0.0,0.0,0.0,-2.052748918533325
785,0.0,0.8769702911376953,0.0,0.0,0.0,1.1204745769500732
786,0.0,1.8298592567443848,0.0,0.0,0.0,-2.3954408168792725
787,0.0,1.0667170286178589,0.0,0.0,0.0,-0.10325099527835846
788,0.0,0.3611551821231842,0.35021841526031494,0.5886061787605286,0.0,2.7598469257354736
789,1.1779437065124512,0.0,0.0,0.0,0.0,0.7736000418663025
790,0.0,0.634700357913971,0.0,0.0,0.0,0.8510048389434814
791,0.0,0.769758403301239,0.0,0.0,0.0,-0.078129842877388
792,0.0,1.8152635097503662,0.0,0.0,0.0,-2.40625262260437
793,0.0,0.5143870711326599,0.0,0.0,0.0,0.7544583678245544
794,0.0,1.7431005239486694,0.0,0.0,0.0,-1.9603095054626465
795,0.0,1.219899296760559,0.0,0.0,0.0,-0.36436793208122253
796,0.0,0.8943830132484436,0.0,0.0,0.0,-0.48308566212654114
797,0.4689369201660156,0.3827461004257202,0.0,0.0,0.0,1.8412680625915527
798,0.0,1.6801854372024536,0.0,0.0,0.0,-1.2296137809753418
799,1.5750077962875366,0.0,0.0,0.0,0.0,-0.19158105552196503
800,0.0,1.6776107549667358,0.0,0.0,0.0,-1.2540603876113892
801,0.0,1.360886573791504,0.0,0.0,0.0,-1.5845803022384644
802,0.0,1.3042618036270142,0.0,0.0,0.0,0.6709961891174316
803,0.0,1.1397230625152588,0.0,0.0,0.0,-1.4109114408493042
804,1.318943738937378,0.0,0.0,0.0,0.0,0.2895452380180359
805,1.6829057931900024,0.0,0.0,0.0,0.0,-1.075838327407837
806,0.0,0.0,0.0,1.2069053649902344,0.0,0.051242753863334656
807,1.4668387174606323,1.3347100019454956,1.3346964120864868,0.0,0.0,-0.6874943375587463
808,0.34899115562438965,0.30062249302864075,0.0,0.0,0.0,3.1381144523620605
809,0.0,1.1295126676559448,0.0,0.0,0.0,0.3814298212528229
810,0.0,0.0,1.9782458543777466,0.0,0.0,-2.4046714305877686
811,0.0,0.0,0.9612252712249756,0.0,0.0,0.2986932396888733
812,0.0,1.188276767730713,0.0,0.0,0.0,-0.6868574023246765
813,1.9235631227493286,1.6951427459716797,0.0,0.0,0.0,-2.065260171890259
814,0.0,1.4636026620864868,0.0,0.0,0.0,-0.2598041296005249
815,0.5450209379196167,0.41716670989990234,0.0,0.0,0.0,1.2670679092407227
816,0.0,1.3542375564575195,0.0,0.0,0.0,0.10768811404705048
817,0.0,0.3284446895122528,0.0,0.0,0.0,3.017423391342163
818,0.0,1.605339527130127,0.0,0.0,0.0,-0.652164101600647
819,0.0,1.7860227823257446,0.0,0.0,0.0,-2.156386137008667
820,1.522539496421814,0.0,0.0,0.0,0.0,-1.1890301704406738
821,0.0,0.8488710522651672,0.9061447978019714,0.0,0.0,0.3242659568786621
822,0.6412930488586426,0.6389451622962952,0.0,0.0,0.0,1.9039443731307983
823,1.4575990438461304,0.0,0.0,0.0,0.0,0.058226391673088074
824,1.775299072265625,0.0,0.0,0.0,0.0,-1.4365458488464355
825,0.0,1.687221884727478,0.0,0.0,0.0,-1.2517284154891968
826,1.4018192291259766,0.0,0.0,0.0,0.0,-0.7887255549430847
827,0.0,0.0,0.0,0.6541939973831177,0.0,2.4972832202911377
828,1.5474157333374023,0.0,0.0,0.0,0.0,-1.2089813947677612
829,0.0,1.7350199222564697,0.0,0.0,0.0,-1.5799100399017334
830,2.053067445755005,0.0,0.0,0.0,0.0,-2.407641887664795
831,1.0755486488342285,0.0,0.0,0.0,0.0,-0.11730946600437164
832,0.0,1.5995956659317017,0.0,0.0,0.0,-1.2577433586120605
833,0.34762996435165405,0.2965308725833893,0.0,0.0,0.0,3.1007323265075684
834,1.1489934921264648,0.0,0.0,0.0,0.0,0.7754986882209778
835,0.0,1.6062663793563843,0.0,0.0,0.0,-1.1571142673492432
836,0.0,1.7557240724563599,0.0,0.0,0.0,-2.1182568073272705
837,0.0,1.2853933572769165,0.0,0.0,0.0,0.004841013811528683
838,0.0,1.334209680557251,0.0,0.0,0.0,-0.8913258910179138
839,0.0,1.0019854307174683,0.0,0.0,0.0,1.0640815496444702
840,0.0,0.6527528762817383,0.0,0.0,0.0,1.1400190591812134
841,1.009367823600769,0.0,0.0,0.0,0.0,0.4141179025173187
842,0.0,1.7201268672943115,0.0,0.0,0.0,-1.8466638326644897
843,0.0,1.4835519790649414,0.0,0.0,0.0,-1.4431177377700806
844,0.0,1.196147084236145,0.0,0.0,0.0,0.4606812298297882
845,0.0,1.0665690898895264,0.0,0.0,0.0,0.26513662934303284
846,0.0,0.5843510031700134,0.0,0.0,0.0,1.0565922260284424
847,0.0,0.5708048343658447,0.5323057770729065,0.0,0.0,1.8169965744018555
848,0.0,1.4790962934494019,0.0,0.0,0.0,-0.9020267128944397
849,0.0,0.8365761041641235,0.0,0.0,0.0,0.06385152041912079
850,0.0,1.322880506515503,0.0,0.0,0.0,-0.8342217803001404
851,0.0,0.0,1.369225263595581,0.0,0.0,-0.7435539364814758
852,0.0,1.3462013006210327,0.0,0.0,0.0,0.25173312425613403
853,0.0,1.7738641500473022,0.0,0.0,0.0,-2.2590200901031494
854,0.0,1.0089216232299805,0.0,0.0,0.0,0.29356637597084045
855,0.0,1.7359498739242554,0.0,0.0,0.0,-2.088789701461792
856,0.0,0.5065367817878723,0.0,0.0,0.0,0.8339049220085144
857,0.0,0.9129215478897095,0.0,0.0,0.0,1.04388427734375
858,0.0,0.9854886531829834,0.0,0.0,0.0,-0.44652602076530457
859,0.0,1.764704704284668,0.0,0.0,0.0,-2.0449414253234863
860,0.0,1.30279541015625,0.0,0.0,0.0,0.31821587681770325
861,0.0,0.8854013681411743,0.0,0.0,0.0,0.9179196953773499
862,0.0,0.5845277905464172,0.0,0.6977705359458923,0.0,2.362743854522705
863,0.0,0.9348790049552917,0.0,0.0,0.0,0.0390157550573349
864,0.0,1.108981728553772,0.0,0.0,0.0,1.1148830652236938
865,0.0,0.9878455400466919,0.0,0.0,0.0,1.0314645767211914
866,0.0,1.8535888195037842,0.0,0.0,0.0,-2.6028342247009277
867,0.0,1.2388256788253784,0.0,0.0,0.0,1.000520944595337
868,0.0,0.0,0.344839483499527,0.0,0.0,2.855386257171631
869,0.0,1.6721657514572144,0.0,0.0,0.0,-1.3450548648834229
870,0.0,1.3154507875442505,0.0,0.0,0.0,-0.6978978514671326
871,0.0,0.5258846879005432,0.0,0.0,0.0,1.059049367904663
872,0.0,1.4227039813995361,0.0,0.0,0.0,-0.8414780497550964
873,1.6254332065582275,0.0,0.0,0.0,0.0,-0.8886218070983887
874,0.0,1.1994950771331787,0.0,0.0,0.0,0.5144080519676208
875,0.0,1.7465816736221313,0.0,0.0,0.0,-1.918379545211792
876,0.0,1.3091992139816284,0.0,0.0,0.0,-0.1595432311296463
877,0.0,1.2241135835647583,0.0,0.0,0.0,0.5561103224754333
878,0.0,1.3508208990097046,0.0,0.0,0.0,-1.315459966659546
879,1.1493568420410156,0.0,0.0,0.0,0.0,0.25512704253196716
880,0.0,1.322705864906311,0.0,0.0,0.0,-0.453817218542099
881,0.0,1.7746050357818604,0.0,0.0,0.0,-1.9878270626068115
882,0.0,1.8060240745544434,0.0,0.0,0.0,-2.1741421222686768
883,0.0,1.5878187417984009,0.0,0.0,0.0,-1.120697021484375
884,0.0,1.3447575569152832,0.0,0.0,0.0,-1.3509728908538818
885,0.0,0.6780526638031006,0.0,0.0,0.0,0.08672778308391571
886,0.8067538142204285,0.0,0.0,0.0,0.0,1.778792142868042
887,0.9787817597389221,0.0,0.0,0.0,0.0,0.724153459072113
888,0.0,1.5735951662063599,0.0,0.0,0.0,-0.44856134057044983
889,1.5582906007766724,0.0,0.0,0.0,0.0,-1.3665621280670166
890,0.0,1.8198744058609009,0.0,0.0,0.0,-2.411334991455078
891,1.4078093767166138,0.0,0.0,0.0,0.0,-0.2741277515888214
892,0.0,1.199524998664856,0.0,0.0,0.0,-1.3255503177642822
893,0.0,1.6274385452270508,0.0,0.0,0.0,-1.1316415071487427
894,0.0,1.488301157951355,0.0,0.0,0.0,0.5284005999565125
895,0.0,0.0,0.0,1.4324909448623657,0.0,-0.5542188286781311
896,0.0,0.0,1.0513960123062134,0.0,0.0,0.06748627126216888
897,0.0,1.5376920700073242,0.0,0.0,0.0,-0.41522032022476196
898,0.0,0.5151992440223694,0.0,0.0,0.0,0.6625792980194092
899,1.3957191705703735,1.32267165184021,0.0,1.353266954421997,0.0,-0.30011317133903503
900,0.512445867061615,0.0,0.48205113410949707,0.71044921875,0.0,1.7738361358642578
901,0.0,1.8759688138961792,0.0,0.0,0.0,-2.4541141986846924
902,1.9839173555374146,0.0,0.0,0.0,0.0,-2.2170472145080566
903,0.0,1.8534330129623413,0.0,0.0,0.0,-2.447906732559204
904,0.0,1.3581812381744385,0.0,0.0,0.0,-0.49061378836631775
905,0.0,0.0,0.0,0.7656776905059814,0.0,1.9071004390716553
906,1.9835419654846191,0.0,0.0,0.0,0.0,-2.1858444213867188
907,0.0,0.4738219976425171,0.0,0.0,0.0,0.7246633768081665
908,1.5238754749298096,0.0,0.0,0.0,0.0,-0.20295988023281097
909,0.9537354111671448,0.0,0.7916232347488403,0.0,0.0,1.0941319465637207
910,0.0,0.673683226108551,0.0,0.0,0.0,0.8178073763847351
911,0.0,0.942855715751648,0.0,0.0,0.0,0.7171239852905273
912,0.9840288758277893,0.8856381773948669,0.0,0.0,0.0,0.5382697582244873
913,0.0,1.3693389892578125,0.0,0.0,0.0,0.6727959513664246
914,0.0,1.810640811920166,0.0,0.0,0.0,-2.237833261489868
915,0.0,1.6793380975723267,0.0,0.0,0.0,-1.2042577266693115
916,1.5154390335083008,0.0,0.0,0.0,0.0,-0.5018953680992126
917,0.0,1.7604366540908813,0.0,0.0,0.0,-1.9633972644805908
918,0.0,0.3298320472240448,0.0,0.0,0.0,2.6662440299987793
919,0.0,0.7706845998764038,0.0,0.0,0.0,0.20296888053417206
920,0.0,1.6363617181777954,0.0,0.0,0.0,-0.577963650226593
921,1.2005776166915894,0.0,0.0,0.0,0.0,0.05392424762248993
922,1.1160377264022827,0.0,0.0,0.0,0.0,0.22767160832881927
923,0.0,1.7998477220535278,0.0,0.0,0.0,-2.4050536155700684
924,0.0,1.216148853302002,0.0,0.0,0.0,-1.3278148174285889
925,0.9292277097702026,0.0,0.0,0.0,0.0,0.4179220199584961
926,0.0,0.0,0.0,1.071159839630127,0.0,0.7437342405319214
927,0.0,1.728302001953125,0.0,0.0,0.0,-1.81917405128479
928,0.0,1.7463291883468628,0.0,0.0,0.0,-1.519124984741211
929,0.0,1.1771615743637085,0.0,0.0,0.0,-0.9073686599731445
930,0.0,0.3103415369987488,0.0,0.0,0.0,2.54866099357605
931,0.0,1.3071141242980957,0.0,0.0,0.0,0.33374473452568054
932,0.0,1.816727876663208,0.0,0.0,0.0,-2.417330503463745
933,0.0,1.7393683195114136,0.0,0.0,0.0,-1.9066576957702637
934,0.0,1.0190752744674683,0.0,0.0,0.0,0.7158321142196655
935,0.0,1.7143769264221191,0.0,0.0,0.0,-1.155951976776123
936,0.0,1.6429342031478882,0.0,0.0,0.0,-1.6798861026763916
937,0.0,1.8297423124313354,0.0,0.0,0.0,-2.3564882278442383
938,1.9236910343170166,0.0,0.0,0.0,0.0,-2.0240979194641113
939,0.0,1.9235713481903076,0.0,0.0,0.0,-2.6508684158325195
940,0.0,1.1994456052780151,0.0,0.0,0.0,1.0119258165359497
941,0.0,1.649594783782959,0.0,0.0,0.0,-1.273889183998108
942,1.3630903959274292,0.0,0.0,0.0,0.0,-0.6138319373130798
943,0.0,0.7145615816116333,0.6902547478675842,0.0,0.0,1.1700842380523682
944,0.0,1.815019965171814,0.0,0.0,0.0,-2.312138319015503
945,0.0,0.0,0.0,1.669594645500183,0.0,-1.391566514968872
946,1.464019536972046,1.3456909656524658,1.3248964548110962,0.0,0.0,-0.644707202911377
947,0.0,1.633970856666565,0.0,0.0,0.0,-1.375002145767212
948,0.0,0.5158743858337402,0.0,0.0,0.0,1.336557149887085
949,0.0,0.5742246508598328,0.0,0.0,0.0,1.3709965944290161
950,0.0,0.0,1.373152256011963,1.4731098413467407,0.0,-0.7954085469245911
951,0.0,1.7670016288757324,0.0,0.0,0.0,-2.1040117740631104
952,1.147061824798584,0.0,0.0,0.0,0.0,0.5518143773078918
953,0.0,0.6353293061256409,0.7217520475387573,0.0,0.0,0.8471395969390869
954,0.0,0.0,1.4434529542922974,0.0,0.0,-0.9905105233192444
955,0.7112536430358887,0.6515944004058838,0.0,0.0,0.0,1.5313509702682495
956,0.0,1.179284691810608,0.0,0.0,0.0,-0.16850264370441437
957,0.0,1.7042853832244873,0.0,0.0,0.0,-1.8149309158325195
958,1.1919580698013306,0.0,0.0,0.0,0.0,-0.504214346408844
959,0.0,1.7766915559768677,0.0,0.0,0.0,-1.5764081478118896
960,0.0,0.3897587060928345,0.0,0.0,0.0,2.2098660469055176
961,0.2701791226863861,0.22061492502689362,0.24601642787456512,0.0,0.0,3.575101375579834
962,0.0,0.0,0.0,0.565463662147522,0.0,3.1755306720733643
963,0.0,0.0,0.7762353420257568,0.0,0.0,0.6813669800758362
964,0.0,0.2977807819843292,0.30149146914482117,0.0,0.0,3.193404197692871
965,0.0,1.1560328006744385,0.0,0.0,0.0,-0.9635986685752869
966,0.0,1.8130409717559814,0.0,0.0,0.0,-2.2940866947174072
967,0.0,1.2512686252593994,0.0,0.0,0.0,0.9818332195281982
968,0.0,0.0,0.8855799436569214,0.0,0.0,0.5990551114082336
969,0.0,1.6528538465499878,0.0,0.0,0.0,-1.1510381698608398
970,2.036827325820923,0.0,0.0,0.0,0.0,-2.3842756748199463
971,0.0,1.6382081508636475,0.0,0.0,0.0,-1.0803208351135254
972,0.0,0.4812397062778473,0.0,0.0,0.0,0.9628025889396667
973,0.0,1.7052733898162842,0.0,0.0,0.0,-1.8315324783325195
974,0.0,0.4894784390926361,0.0,0.0,0.0,1.1046557426452637
975,0.0,1.824524164199829,0.0,0.0,0.0,-2.367596387863159
976,0.0,1.5841610431671143,0.0,0.0,0.0,-1.290616750717163
977,0.0,0.9633557796478271,0.0,0.0,0.0,-0.6400174498558044
978,0.0,0.0,0.0,1.4557254314422607,0.0,-0.5996816754341125
979,0.0,1.3601293563842773,0.0,0.0,0.0,0.7563602328300476
980,0.0,1.7607399225234985,0.0,0.0,0.0,-1.9805195331573486
981,1.260313868522644,0.0,0.0,0.0,0.0,0.24878419935703278
982,0.0,1.0269728899002075,0.0,0.0,0.0,-0.6414185166358948
983,0.0,0.560875415802002,0.0,0.0,0.0,0.27575889229774475
984,0.6741166114807129,0.0,0.0,0.0,0.0,1.5451791286468506
985,0.0,0.0,1.2599737644195557,0.0,0.0,-0.4317747950553894
986,0.0,1.8851206302642822,0.0,0.0,0.0,-2.307612895965576
987,0.0,1.6132739782333374,1.7261419296264648,0.0,0.0,-1.7475734949111938
988,0.0,1.4473357200622559,0.0,0.0,0.0,-1.4354889392852783
989,0.0,1.5191057920455933,0.0,0.0,0.0,-0.3771611154079437
990,1.4744117259979248,0.0,0.0,0.0,0.0,-1.2494901418685913
991,0.8496052622795105,0.0,0.0,1.0352696180343628,0.0,0.3830219805240631
992,0.8176437020301819,0.0,0.0,0.8844565153121948,0.0,1.614609718322754
993,1.5797359943389893,1.468217134475708,0.0,0.0,0.0,-0.8606680631637573
994,0.7053682208061218,0.0,0.0,0.0,0.0,1.9131114482879639
995,0.8434779644012451,0.8932545185089111,0.0,0.0,0.0,1.6535758972167969
996,0.0,1.6923590898513794,0.0,0.0,0.0,-1.4172451496124268
997,1.982841968536377,0.0,0.0,0.0,0.0,-2.1934478282928467
998,0.0,0.0,1.7840393781661987,0.0,0.0,-1.881380558013916
999,0.0,1.233581781387329,0.0,0.0,0.0,-0.412126749753952
1000,1.7606242895126343,0.0,0.0,0.0,0.0,-1.408989429473877
1001,0.0,1.6882832050323486,0.0,0.0,0.0,-1.9907498359680176
1002,0.8061762452125549,0.6100143194198608,0.0,1.0286381244659424,0.0,0.22574608027935028
1003,0.0,1.7726889848709106,0.0,0.0,0.0,-2.101875066757202
1004,0.0,1.8477911949157715,0.0,0.0,0.0,-2.598972797393799
1005,0.0,0.6957730054855347,0.0,0.0,0.0,0.5575239062309265
1006,0.0,1.707301139831543,0.0,0.0,0.0,-0.9394029378890991
1007,0.0,1.839043140411377,0.0,0.0,0.0,-2.4037137031555176
1008,0.0,1.8376890420913696,0.0,0.0,0.0,-2.1549665927886963
1009,0.0,0.0,1.6550954580307007,0.0,0.0,-1.541157603263855
1010,0.0,1.7766724824905396,0.0,0.0,0.0,-2.0508182048797607
1011,0.0,0.35663214325904846,0.0,0.0,0.0,2.797478199005127
1012,0.0,1.5954748392105103,0.0,0.0,0.0,-1.185305118560791
1013,0.0,1.640621542930603,0.0,0.0,0.0,-1.499233603477478
1014,0.0,1.7628161907196045,0.0,0.0,0.0,-2.0920817852020264
1015,0.0,1.797433614730835,0.0,0.0,0.0,-2.203953981399536
1016,0.0,1.0787575244903564,0.0,0.0,0.0,-1.048904299736023
1017,0.0,0.6832589507102966,0.0,0.0,0.0,1.1406371593475342
1018,0.0,1.1179536581039429,0.0,0.0,0.0,-1.1706624031066895
1019,0.8244884610176086,0.7145718932151794,0.0,0.0,0.0,0.7967728972434998
1020,0.0,0.5987724661827087,0.0,0.0,0.0,0.06751637160778046
1021,0.0,0.415772408246994,0.0,0.0,0.0,1.9440569877624512
1022,0.0,1.1511317491531372,0.0,0.0,0.0,-0.5724398493766785
1023,0.0,1.108264684677124,0.0,0.0,0.0,-0.4558973014354706
1024,0.0,1.7774031162261963,0.0,0.0,0.0,-2.107583999633789
1025,0.0,1.5901070833206177,0.0,0.0,0.0,-1.1969202756881714
1026,0.0,0.36594876646995544,0.0,0.0,0.0,2.8854446411132812
1027,0.0,1.0643126964569092,0.0,0.0,0.0,1.5254827737808228
1028,0.0,0.4904443323612213,0.0,0.0,0.0,0.98785799741745
1029,0.0,0.5090477466583252,0.0,0.0,0.0,1.1985352039337158
1030,0.0,1.6633667945861816,0.0,0.0,0.0,-0.0713280588388443
1031,1.9916102886199951,0.0,0.0,0.0,0.0,-2.2319376468658447
1032,0.4954336881637573,0.0,0.0,0.0,0.0,2.4171953201293945
1033,0.0,0.0,0.0,1.2058871984481812,0.0,0.03345845639705658
1034,0.0,1.7527438402175903,0.0,0.0,0.0,-0.20937643945217133
1035,0.0,0.0,1.7157387733459473,0.0,0.0,-1.6879091262817383
1036,0.0,0.0,0.0,1.7519887685775757,0.0,-1.7695339918136597
1037,0.0,0.9307482838630676,0.0,0.0,0.0,-0.664542019367218
1038,2.081639528274536,0.0,0.0,0.0,0.0,-2.4672744274139404
1039,0.0,1.7607316970825195,0.0,0.0,0.0,-1.9671131372451782
1040,0.0,0.5471563339233398,0.0,0.0,0.0,0.37708038091659546
1041,0.0,0.422521710395813,0.0,0.0,0.0,2.2768774032592773
1042,1.716110348701477,0.0,0.0,0.0,0.0,-1.2515616416931152
1043,0.0,0.0,1.8158268928527832,0.0,0.0,-1.9544885158538818
1044,0.33676019310951233,0.256848007440567,0.0,0.0,0.0,2.477032423019409
1045,0.48367977142333984,0.4326208829879761,0.0,0.0,0.0,2.170435905456543
1046,0.0,1.2992905378341675,0.0,0.0,0.0,-0.5999452471733093
1047,0.3750626742839813,0.297391802072525,0.0,0.0,0.0,2.438342809677124
1048,0.0,0.7691748738288879,0.0,0.0,0.0,1.9074934720993042
1049,0.0,1.89053475856781,0.0,0.0,0.0,-2.5409324169158936
1050,0.0,0.791239321231842,0.0,0.0,0.0,-0.35187897086143494
1051,0.0,0.9607253670692444,0.0,0.0,0.0,1.4178709983825684
1052,0.0,1.7801880836486816,0.0,0.0,0.0,-2.1626784801483154
1053,1.985965609550476,0.0,0.0,0.0,0.0,-2.1526432037353516
1054,0.0,0.9669280648231506,0.0,0.0,0.0,0.41793373227119446
1055,0.0,0.7294572591781616,0.0,0.0,0.0,0.39383748173713684
1056,2.151082992553711,0.0,0.0,0.0,0.0,-2.687985897064209
1057,0.0,0.0,0.0,0.5844202637672424,0.0,2.9949119091033936
1058,0.0,1.0425032377243042,0.0,0.0,0.0,0.9847004413604736
1059,1.502559781074524,0.0,0.0,0.0,0.0,-0.11197634041309357
1060,0.0,1.673341989517212,0.0,0.0,0.0,-1.3758960962295532
1061,0.0,0.0,1.7091829776763916,0.0,0.0,-1.6627795696258545
1062,1.303193211555481,1.3451193571090698,0.0,0.0,0.0,0.5396677851676941
1063,0.0,0.41974005103111267,0.0,0.0,0.0,1.2040822505950928
1064,0.0,0.0,1.3168522119522095,0.0,0.0,-0.5917883515357971
1065,0.0,0.0,1.8249024152755737,0.0,0.0,-2.006049156188965
1066,0.0,0.8266926407814026,0.0,0.0,0.0,-0.7235197424888611
1067,0.0,0.0,1.7327755689620972,0.0,0.0,-1.7654165029525757
1068,0.0,0.9409529566764832,0.0,0.0,0.0,-0.4466175436973572
1069,0.0,0.5309225916862488,0.0,0.0,0.0,0.8358267545700073
1070,1.4876998662948608,0.0,0.0,0.0,0.0,-0.74558424949646
1071,0.0,0.7946187853813171,0.0,0.0,0.0,0.47779199481010437
1072,0.0,1.586330533027649,0.0,0.0,0.0,-0.58707195520401
1073,1.0506576299667358,0.0,0.0,0.0,0.0,-0.3712644875049591
1074,0.0,1.6314735412597656,0.0,0.0,0.0,-0.6140256524085999
1075,1.8719063997268677,0.0,0.0,0.0,0.0,-1.8242459297180176
1076,1.6106715202331543,0.0,0.0,0.0,0.0,-0.7387166619300842
1077,0.0,1.5675636529922485,0.0,0.0,0.0,-1.0141688585281372
1078,0.0,0.9059368968009949,0.0,0.0,0.0,0.4909265339374542
1079,1.6855779886245728,1.5033563375473022,0.0,0.0,0.0,-1.3800455331802368
1080,0.0,1.1586177349090576,0.0,0.0,0.0,-0.08173538744449615
1081,0.0,0.4020058214664459,0.0,0.0,0.0,2.176131010055542
1082,0.0,1.2840088605880737,0.0,0.0,0.0,-1.5117850303649902
1083,0.0,1.0071167945861816,0.0,0.0,0.0,0.659889280796051
1084,0.0,1.7864364385604858,0.0,0.0,0.0,-1.9603259563446045
1085,0.0,1.6194977760314941,1.7130638360977173,0.0,0.0,-1.6924619674682617
1086,0.0,0.8494892120361328,1.0389981269836426,1.2120451927185059,0.0,-0.2960223853588104
1087,0.0,0.0,1.1127680540084839,0.0,0.0,-0.14549560844898224
1088,0.8303278684616089,0.736380398273468,0.0,0.0,0.0,0.8879655003547668
1089,0.0,0.9975528120994568,0.0,0.0,0.0,0.4057079553604126
1090,0.0,0.8678310513496399,0.0,0.0,0.0,1.4229097366333008
1091,0.0,0.7997172474861145,0.0,0.0,0.0,1.3402022123336792
1092,0.0,0.59943026304245,0.0,0.0,0.0,0.25765088200569153
1093,0.6928233504295349,0.5438045859336853,0.0,0.9170990586280823,0.0,0.7256317138671875
1094,0.0,1.8155943155288696,0.0,0.0,0.0,-2.4799702167510986
1095,0.0,0.6475277543067932,0.0,0.0,0.0,1.3831119537353516
1096,2.035334348678589,0.0,0.0,0.0,0.0,-2.2980213165283203
1097,0.6507746577262878,0.5719066262245178,0.0,0.8217507600784302,0.0,1.4683946371078491
1098,0.0,1.2685396671295166,0.0,0.0,0.0,-0.6277993321418762
1099,2.028193712234497,0.0,0.0,0.0,0.0,-2.295078992843628
1100,0.0,0.0,0.0,1.6616735458374023,0.0,-1.440589189529419
1101,0.5196394920349121,0.0,0.0,0.0,0.0,2.3906240463256836
1102,1.6788619756698608,0.0,0.0,0.0,0.0,-1.1077990531921387
1103,0.5328508615493774,0.0,0.0,0.0,0.0,1.8080872297286987
1104,2.0261943340301514,0.0,0.0,0.0,0.0,-2.307199716567993
1105,0.0,1.311814546585083,0.0,0.0,0.0,-0.8328466415405273
1106,1.3561102151870728,0.0,0.0,0.0,0.0,-0.7674056887626648
1107,0.0,1.877264380455017,0.0,0.0,0.0,-2.5573770999908447
1108,0.0,1.0352574586868286,0.0,0.0,0.0,0.8676181435585022
1109,0.0,0.9654514193534851,0.0,0.0,0.0,0.36615338921546936
1110,0.0,0.0,0.0,1.4188858270645142,0.0,-0.642543375492096
1111,0.0,1.2181694507598877,0.0,0.0,0.0,0.6981419324874878
1112,0.0,0.0,0.7928966283798218,0.0,0.0,0.7618511319160461
1113,1.3745523691177368,0.0,0.0,0.0,0.0,-0.2325787991285324
1114,0.0,1.6288623809814453,0.0,0.0,0.0,-1.1530556678771973
1115,2.100717067718506,0.0,0.0,0.0,0.0,-2.5227572917938232
1116,0.0,1.4133464097976685,0.0,0.0,0.0,-0.01137115154415369
1117,0.0,0.9713675379753113,0.0,0.0,0.0,-0.007024065591394901
1118,0.0,1.7298976182937622,0.0,1.8917485475540161,0.0,-2.338320016860962
1119,0.0,1.6092174053192139,0.0,0.0,0.0,-1.1370677947998047
1120,0.0,1.432859182357788,0.0,0.0,0.0,0.40299975872039795
1121,0.0,0.5671184062957764,0.5865236520767212,0.0,0.0,1.4902236461639404
1122,0.0,0.0,1.3385857343673706,0.0,0.0,-0.6054726243019104
1123,0.0,1.5537763833999634,0.0,0.0,0.0,-0.34625548124313354
1124,0.8961589932441711,0.0,0.0,0.0,0.0,1.229524850845337
1125,0.0,0.6622011065483093,0.0,0.0,0.0,1.2464829683303833
1126,0.0,1.5336322784423828,0.0,1.6235599517822266,0.0,-1.3144779205322266
1127,0.0,1.7035146951675415,0.0,0.0,0.0,-1.5041308403015137
1128,0.0,0.8366968035697937,0.0,0.0,0.0,-0.09018011391162872
1129,0.0,0.0,0.0,1.8296399116516113,0.0,-2.07175612449646
1130,1.3423341512680054,0.0,0.0,0.0,0.0,0.3016434609889984
1131,0.0,1.7499579191207886,0.0,0.0,0.0,-2.0750412940979004
1132,0.7805578112602234,0.0,0.0,0.0,0.0,1.6618354320526123
1133,1.170621395111084,0.0,0.0,0.0,0.0,-0.3111424446105957
1134,0.0,1.6951069831848145,0.0,0.0,0.0,-1.6954536437988281
1135,0.0,0.7439849972724915,0.0,0.0,0.0,-0.2630806565284729
1136,0.0,0.0,0.0,1.5898085832595825,0.0,-1.1916553974151611
1137,0.0,0.32341212034225464,0.0,0.0,0.0,3.1083548069000244
1138,0.0,1.2771729230880737,0.0,0.0,0.0,0.9897051453590393
1139,0.0,1.0909456014633179,0.0,0.0,0.0,-1.1827967166900635
1140,1.4158412218093872,0.0,0.0,0.0,0.0,-1.247148036956787
1141,0.0,1.763435959815979,0.0,0.0,0.0,-2.0886781215667725
1142,0.0,1.6333585977554321,0.0,0.0,0.0,-1.2378075122833252
1143,0.0,0.0,0.0,1.4297351837158203,0.0,-0.6537211537361145
1144,0.0,1.556700587272644,0.0,0.0,0.0,-0.41352593898773193
1145,0.0,0.7653352618217468,0.0,0.0,0.0,0.5320268273353577
1146,0.0,1.7686370611190796,0.0,0.0,0.0,-2.279595136642456
1147,0.0,1.7509548664093018,0.0,0.0,0.0,-1.9382178783416748
1148,1.279234766960144,0.0,0.0,0.0,0.0,0.12106947600841522
1149,0.0,0.913733184337616,0.0,0.0,0.0,1.8549816608428955
1150,0.0,1.3508079051971436,0.0,0.0,0.0,-0.12315453588962555
1151,1.5415117740631104,0.0,0.0,0.0,0.0,-1.4104934930801392
1152,0.0,0.9399237632751465,0.0,0.0,0.0,1.184295415878296
1153,0.0,0.0,0.0,1.6307485103607178,0.0,-1.3596079349517822
1154,1.9448221921920776,0.0,0.0,0.0,0.0,-2.0420150756835938
1155,0.0,0.9461624622344971,0.0,0.0,0.0,0.3865797221660614
1156,0.0,0.314988911151886,0.0,0.0,0.0,3.1088407039642334
1157,0.0,1.603218913078308,0.0,0.0,0.0,-1.0377230644226074
1158,0.0,1.6083111763000488,0.0,0.0,0.0,-1.1969972848892212
1159,0.0,0.35459113121032715,0.0,0.6604248881340027,0.0,1.822936773300171
1160,1.8821345567703247,0.0,0.0,0.0,0.0,-1.8714749813079834
1161,0.0,0.0,1.6390228271484375,0.0,0.0,-1.4956438541412354
1162,0.0,1.7298603057861328,0.0,0.0,0.0,-0.23804529011249542
1163,0.0,1.1175216436386108,0.0,0.0,0.0,-1.2114309072494507
1164,0.0,0.0,1.7076903581619263,0.0,0.0,-1.667367696762085
1165,0.0,1.8504505157470703,0.0,0.0,0.0,-2.3618290424346924
1166,1.4059804677963257,0.0,0.0,0.0,0.0,-0.18695034086704254
1167,0.0,0.0,0.0,1.9041959047317505,0.0,-2.344911575317383
1168,0.0,1.3393750190734863,0.0,0.0,0.0,-0.232728973031044
1169,0.0,0.0,1.8365769386291504,0.0,0.0,-1.9910333156585693
1170,2.0747132301330566,0.0,0.0,0.0,0.0,-2.426201105117798
1171,0.0,0.7938423156738281,0.0,0.0,0.0,0.8159533739089966
1172,0.0,1.8111363649368286,0.0,0.0,0.0,-2.23844051361084
1173,0.0,0.0,0.0,1.9799299240112305,0.0,-2.5999882221221924
1174,0.0,1.4797654151916504,0.0,1.4616527557373047,0.0,-0.5804482102394104
1175,0.0,0.8980907201766968,1.0143516063690186,0.0,0.0,-0.07944555580615997
1176,0.0,0.0,1.178666114807129,0.0,0.0,-0.6060043573379517
1177,0.0,1.8882436752319336,0.0,0.0,0.0,-2.5344951152801514
1178,1.7067935466766357,0.0,0.0,0.0,0.0,-1.3267216682434082
1179,0.0,1.2556414604187012,0.0,0.0,0.0,0.39617717266082764
1180,0.0,1.8535066843032837,0.0,0.0,0.0,-2.3302266597747803
1181,0.0,0.9292160868644714,0.0,0.0,0.0,1.6649096012115479
1182,1.6641416549682617,0.0,0.0,0.0,0.0,-1.0478242635726929
1183,0.0,1.6663826704025269,0.0,0.0,0.0,-0.7408486008644104
1184,2.003751277923584,0.0,0.0,0.0,0.0,-2.240809440612793
1185,0.0,0.841049075126648,0.0,0.0,0.0,0.6245643496513367
1186,0.0,1.2717057466506958,0.0,0.0,0.0,-0.5744609236717224
1187,0.0,0.0,1.8735096454620361,0.0,0.0,-2.1387112140655518
1188,0.4923044741153717,0.43771588802337646,0.0,0.0,0.0,2.234057664871216
1189,0.0,1.2576137781143188,0.0,0.0,0.0,0.3430846035480499
1190,0.0,0.0,1.2636334896087646,0.0,0.0,-0.42499640583992004
1191,0.0,1.7020745277404785,0.0,0.0,0.0,0.10169021785259247
1192,0.0,1.7905311584472656,0.0,0.0,0.0,-2.3301074504852295
1193,0.0,0.0,1.831580400466919,0.0,0.0,-2.0312399864196777
1194,0.0,0.0,1.0903619527816772,0.0,0.0,-0.16231878101825714
1195,0.0,0.886365532875061,0.0,0.0,0.0,-0.1566665917634964
1196,0.0,1.106768012046814,0.0,0.0,0.0,-0.3197419345378876
1197,0.0,1.810253620147705,0.0,0.0,0.0,-2.080148935317993
1198,0.0,0.8086080551147461,0.0,0.0,0.0,-0.4084559679031372
1199,0.0,0.38574543595314026,0.0,0.0,0.0,1.4535903930664062
1200,0.0,0.511223316192627,0.0,0.0,0.0,0.9552572965621948
1201,0.0,1.8128771781921387,0.0,0.0,0.0,-2.256239414215088
1202,0.0,0.0,1.8183445930480957,0.0,0.0,-1.9608306884765625
1203,0.0,0.43644267320632935,0.4916389584541321,0.0,0.0,1.7558633089065552
1204,0.0,1.59730863571167,0.0,0.0,0.0,-1.3098855018615723
1205,0.0,0.2876158356666565,0.0,0.5346031188964844,0.0,3.3180410861968994
1206,0.4226640462875366,0.0,0.0,0.0,0.0,2.8272838592529297
1207,0.441462904214859,0.0,0.0,0.0,0.0,2.396413564682007
1208,0.0,1.6088722944259644,0.0,0.0,0.0,-1.2858911752700806
1209,0.0,1.7992640733718872,0.0,0.0,0.0,-2.1874635219573975
1210,0.0,0.3528769016265869,0.0,0.0,0.0,2.9437520503997803
1211,0.0,1.5363932847976685,0.0,0.0,0.0,-1.0201592445373535
1212,0.0,1.5087320804595947,0.0,0.0,0.0,0.3637082576751709
1213,1.236576795578003,0.0,0.0,0.0,0.0,-0.401597261428833
1214,0.8066517114639282,0.0,0.0,0.0,0.0,0.38981565833091736
1215,0.0,1.712525486946106,0.0,0.0,0.0,-1.4284089803695679
1216,0.0,1.811492681503296,0.0,0.0,0.0,-2.283599853515625
1217,0.0,0.9695290327072144,0.0,0.0,0.0,-0.49360302090644836
1218,0.0,0.8228141665458679,0.0,0.0,0.0,0.8551018834114075
1219,0.0,1.6718199253082275,1.8565839529037476,0.0,0.0,-2.117044687271118
1220,0.31240740418434143,0.2654828429222107,0.0,0.0,0.0,3.2751271724700928
1221,0.6036007404327393,0.4665934145450592,0.0,0.0,0.0,1.0893079042434692
1222,0.0,0.0,0.5533838868141174,0.0,0.0,1.7166656255722046
1223,0.8536889553070068,0.8803795576095581,0.0,0.0,0.0,1.6223171949386597
1224,0.0,1.2095891237258911,0.0,0.0,0.0,-0.5128733515739441
1225,0.4599015414714813,0.35462719202041626,0.0,0.0,0.0,1.7690060138702393
1226,0.0,0.9296982884407043,0.0,0.0,0.0,1.2467800378799438
1227,0.0,1.6379237174987793,0.0,0.0,0.0,-0.49205073714256287
1228,0.0,1.3592904806137085,0.0,0.0,0.0,-1.1253302097320557
1229,0.0,1.8777384757995605,0.0,0.0,0.0,-2.5916130542755127
1230,0.0,1.6642167568206787,0.0,0.0,0.0,-0.6090907454490662
1231,1.072494387626648,0.0,0.0,0.0,0.0,-0.5788534283638
1232,0.0,0.0,1.0744448900222778,0.0,0.0,0.07785217463970184
1233,0.5753442645072937,0.0,0.0,0.0,0.0,2.2903964519500732
1234,0.0,0.8316686749458313,0.0,0.0,0.0,-0.5492804050445557
1235,1.3353627920150757,0.0,0.0,0.0,0.0,-0.3533523380756378
1236,0.0,0.37237370014190674,0.0,0.0,0.0,2.0979697704315186
1237,0.0,0.7971659302711487,0.0,0.0,0.0,1.415757417678833
1238,0.9035478234291077,0.0,0.0,0.0,0.0,0.008797152899205685
1239,0.3972662389278412,0.0,0.0,0.0,0.0,2.9914469718933105
1240,0.0,1.6879475116729736,0.0,0.0,0.0,-1.7457395792007446
1241,0.0,0.768741250038147,0.0,0.0,0.0,-0.18947924673557281
1242,1.6161980628967285,0.0,0.0,0.0,0.0,-1.211302638053894
1243,1.223875641822815,0.0,0.0,0.0,0.0,0.5287777781486511
1244,0.0,1.2583096027374268,0.0,0.0,0.0,-1.0040096044540405
1245,0.0,0.0,0.0,1.9015074968338013,0.0,-2.317430019378662
1246,0.0,1.0260779857635498,0.0,0.0,0.0,1.3466453552246094
1247,0.0,0.3281746506690979,0.0,0.0,0.0,3.0251667499542236
1248,0.0,0.45974329113960266,0.0,0.0,0.0,2.614593267440796
1249,0.0,0.9520830512046814,0.0,0.0,0.0,1.2959367036819458
1250,0.0,1.8113993406295776,0.0,0.0,0.0,-2.2025558948516846
1251,0.0,0.0,0.9324586391448975,0.0,0.0,0.2629675567150116
1252,0.4514181613922119,0.0,0.0,0.0,0.0,2.6943066120147705
1253,0.0,0.0,1.8642816543579102,0.0,0.0,-2.0877788066864014
1254,0.0,0.0,1.7637594938278198,0.0,0.0,-1.8069958686828613
1255,2.0548596382141113,0.0,0.0,0.0,0.0,-2.403524160385132
1256,0.0,1.7987864017486572,0.0,0.0,0.0,-2.1297497749328613
1257,1.7995468378067017,1.6109092235565186,0.0,0.0,0.0,-1.6665818691253662
1258,1.7275596857070923,0.0,0.0,0.0,0.0,-1.294299840927124
1259,0.7847163081169128,0.6920610070228577,0.0,0.0,0.0,1.0237607955932617
1260,0.0,1.0332939624786377,0.0,0.0,0.0,-0.7205649018287659
1261,0.0,1.696097493171692,0.0,0.0,0.0,-1.8133702278137207
1262,0.0,1.6128339767456055,0.0,0.0,0.0,-1.0224003791809082
1263,0.0,1.8700724840164185,0.0,0.0,0.0,-2.450963258743286
1264,0.0,1.566925048828125,0.0,0.0,0.0,-1.0800278186798096
1265,1.6094175577163696,0.0,0.0,0.0,0.0,-0.8394472599029541
1266,0.0,1.6837151050567627,0.0,0.0,0.0,-0.09537948668003082
1267,0.0,1.7873098850250244,0.0,0.0,0.0,-1.9747575521469116
1268,0.0,1.6826765537261963,0.0,0.0,0.0,-0.7740507125854492
1269,0.0,1.6888086795806885,0.0,0.0,0.0,-0.6881770491600037
1270,0.0,0.9434152841567993,0.0,0.0,0.0,0.27476727962493896
1271,0.0,1.3715882301330566,0.0,0.0,0.0,-0.11720044910907745
1272,1.6480135917663574,0.0,0.0,0.0,0.0,-0.9216265082359314
1273,0.9958621263504028,0.8963622450828552,0.0,0.0,0.0,0.45530709624290466
1274,1.5520713329315186,0.0,0.0,0.0,0.0,-0.5245488286018372
1275,0.0,1.3575429916381836,0.0,0.0,0.0,0.5220041871070862
1276,0.0,1.7949482202529907,0.0,0.0,0.0,-2.238743305206299
1277,0.0,1.1647475957870483,0.0,0.0,0.0,-0.3462317883968353
1278,0.0,0.8830469846725464,0.0,0.0,0.0,-0.2353270798921585
1279,0.0,0.4866170883178711,0.0,0.0,0.0,1.4436609745025635
1280,0.0,1.5856775045394897,0.0,0.0,0.0,-0.5115079283714294
1281,0.0,1.7697633504867554,0.0,0.0,0.0,-1.9450982809066772
1282,0.0,0.8196825385093689,0.0,0.0,0.0,0.13894717395305634
1283,0.0,1.325951337814331,0.0,0.0,0.0,-0.6943888068199158
1284,0.4288645088672638,0.3836420178413391,0.3700149953365326,0.0,0.0,2.774944305419922
1285,0.0,1.1155282258987427,0.0,0.0,0.0,-0.11453123390674591
1286,0.0,1.5775073766708374,0.0,0.0,0.0,-0.35805606842041016
1287,0.0,0.9967501759529114,0.0,0.0,0.0,0.4840236008167267
1288,0.0,1.8718972206115723,0.0,0.0,0.0,-2.499176025390625
1289,0.0,0.0,1.3883978128433228,0.0,0.0,-0.8461628556251526
1290,0.0,0.0,1.8137167692184448,0.0,0.0,-1.9578344821929932
1291,1.9806164503097534,0.0,0.0,0.0,0.0,-2.1785786151885986
1292,0.0,1.7093827724456787,0.0,0.0,0.0,-1.3904216289520264
1293,1.675005316734314,0.0,0.0,0.0,0.0,-0.7086220383644104
1294,0.0,1.791841983795166,0.0,0.0,0.0,-2.3779494762420654
1295,0.0,1.4193404912948608,0.0,0.0,0.0,-0.06694145500659943
1296,0.0,1.7853974103927612,0.0,0.0,0.0,-1.962524175643921
1297,0.0,1.7825236320495605,0.0,0.0,0.0,-2.003082752227783
1298,0.0,0.0,1.6873246431350708,0.0,0.0,-1.6347124576568604
1299,0.0,1.7088934183120728,0.0,0.0,0.0,-1.8666372299194336
1300,1.1104944944381714,0.0,0.0,0.0,0.0,0.6952505707740784
1301,0.0,0.3019773066043854,0.0,0.0,0.0,3.1315085887908936
1302,0.0,0.0,1.69049072265625,0.0,0.0,-1.615977168083191
1303,0.0,0.0,0.7898603081703186,0.0,0.0,0.9874434471130371
1304,0.0,1.153099536895752,0.0,0.0,0.0,-0.9097911715507507
1305,0.0,1.6009923219680786,0.0,0.0,0.0,-1.1783709526062012
1306,0.0,2.0074470043182373,0.0,0.0,0.0,-2.814312219619751
1307,0.7972105145454407,0.0,0.0,0.0,0.0,1.5203030109405518
1308,0.0,0.9111143350601196,0.0,0.0,0.0,0.8038957118988037
1309,0.0,0.5773435235023499,0.0,0.7431706190109253,0.0,2.039219617843628
1310,1.8177837133407593,1.6054993867874146,0.0,0.0,0.0,-1.790722131729126
1311,0.0,0.6072163581848145,0.0,0.0,0.0,1.883838415145874
1312,0.0,1.148957371711731,0.0,0.0,0.0,-0.520960807800293
1313,0.0,1.781376600265503,0.0,0.0,0.0,-2.3199658393859863
1314,0.0,0.0,0.0,1.178791880607605,0.0,0.30211398005485535
1315,0.0,1.7912321090698242,0.0,0.0,0.0,-2.2924771308898926
1316,1.3672550916671753,0.0,0.0,0.0,0.0,-0.3015105426311493
1317,0.0,1.5309182405471802,0.0,0.0,0.0,-1.035322904586792
1318,0.0,1.8526405096054077,0.0,0.0,0.0,-2.4194910526275635
1319,0.0,1.7800174951553345,0.0,0.0,0.0,-2.300659656524658
1320,0.0,1.3342396020889282,0.0,0.0,0.0,0.24631179869174957
1321,0.0,1.3308844566345215,0.0,0.0,0.0,0.13484977185726166
1322,0.0,1.6704949140548706,0.0,0.0,0.0,-0.10947765409946442
1323,0.0,1.6321574449539185,0.0,0.0,0.0,-0.7492945790290833
1324,0.0,1.359531044960022,0.0,0.0,0.0,0.6863252520561218
1325,0.0,1.7493033409118652,0.0,0.0,0.0,-1.969750165939331
1326,0.0,0.3092416822910309,0.0,0.0,0.0,3.1627678871154785
1327,0.0,1.3458349704742432,0.0,0.0,0.0,-0.2733650505542755
1328,0.0,0.6556263566017151,0.0,0.0,0.0,0.34168338775634766
1329,0.0,0.4761572480201721,0.0,0.0,0.0,1.4774343967437744
1330,0.0,0.32947465777397156,0.33370256423950195,0.0,0.0,2.7884693145751953
1331,0.0,0.8459605574607849,0.0,0.0,0.0,1.0704253911972046
1332,0.0,0.7354052662849426,0.0,0.0,0.0,1.2607643604278564
1333,0.0,1.6282309293746948,0.0,0.0,0.0,-1.3367056846618652
1334,0.0,1.3269962072372437,0.0,0.0,0.0,0.29943302273750305
1335,0.0,0.9465221166610718,0.0,0.0,0.0,1.2345329523086548
1336,2.135978937149048,0.0,0.0,0.0,0.0,-2.5824413299560547
1337,1.9624831676483154,0.0,0.0,0.0,0.0,-2.1351025104522705
1338,0.0,0.3071613609790802,0.0,0.0,0.0,2.646885633468628
1339,0.0,0.37493181228637695,0.0,0.5868386626243591,0.0,2.8733034133911133
1340,0.0,1.7315142154693604,0.0,0.0,0.0,-2.0848281383514404
1341,1.35833740234375,0.0,0.0,0.0,0.0,-0.6719138026237488
1342,0.0,0.0,1.219564437866211,0.0,0.0,-0.3209977447986603
1343,0.9771866798400879,0.0,0.0,0.0,0.0,0.7454640865325928
1344,0.0,1.7506611347198486,0.0,0.0,0.0,-2.1313793659210205
1345,0.0,1.3087726831436157,0.0,0.0,0.0,-0.30203351378440857
1346,0.0,1.603846549987793,0.0,0.0,0.0,0.021023496985435486
1347,0.0,1.7472890615463257,0.0,0.0,0.0,-1.8963639736175537
1348,0.0,1.8023964166641235,0.0,0.0,0.0,-2.1916887760162354
1349,0.0,0.0,1.7071764469146729,0.0,0.0,-1.663881540298462
1350,0.0,1.3712444305419922,0.0,0.0,0.0,-0.5959582328796387
1351,0.6873929500579834,0.5271797180175781,0.0,0.0,0.0,0.8006921410560608
1352,0.0,0.5805107951164246,0.0,0.0,0.0,1.3769711256027222
1353,0.0,1.37893807888031,0.0,0.0,0.0,-1.5884416103363037
1354,0.0,1.653961420059204,0.0,0.0,0.0,-0.00970406923443079
1355,0.0,1.5438188314437866,0.0,0.0,0.0,-1.022037386894226
1356,0.0,1.6648807525634766,0.0,0.0,0.0,-1.692221999168396
1357,0.0,0.837943434715271,0.0,0.0,0.0,0.47548708319664
1358,0.0,0.6341198682785034,0.0,0.0,0.0,1.5344946384429932
1359,0.0,0.32297253608703613,0.43494880199432373,0.0,0.0,1.7731709480285645
1360,1.239798665046692,0.0,0.0,0.0,0.0,0.361518919467926
1361,0.0,0.5893628597259521,0.0,0.0,0.0,1.2091853618621826
1362,0.0,1.1895651817321777,0.0,0.0,0.0,-0.10406066477298737
1363,0.0,1.7706917524337769,0.0,0.0,0.0,-2.148277521133423
1364,0.0,1.816178560256958,0.0,0.0,0.0,-2.318059206008911
1365,0.0,1.7933279275894165,0.0,0.0,0.0,-2.0089914798736572
1366,0.0,0.9236767888069153,0.0,0.0,0.0,-0.06343473494052887
1367,0.0,1.795754313468933,0.0,0.0,0.0,-2.130078077316284
1368,0.0,1.0534898042678833,0.0,0.0,0.0,-0.5248340964317322
1369,0.0,1.1026580333709717,0.0,0.0,0.0,0.9480225443840027
1370,0.0,1.7824000120162964,0.0,0.0,0.0,-2.12113356590271
1371,0.0,1.6662638187408447,0.0,0.0,0.0,-0.1422577053308487
1372,1.0926709175109863,0.0,0.0,0.0,0.0,0.9348508715629578
1373,0.0,1.5722074508666992,0.0,0.0,0.0,-0.2826988101005554
1374,0.0,1.7956815958023071,0.0,0.0,0.0,-2.184885025024414
1375,1.7499768733978271,0.0,0.0,0.0,0.0,-1.32112455368042
1376,1.934249758720398,0.0,0.0,0.0,0.0,-2.013773202896118
1377,1.0793870687484741,0.0,0.0,0.0,0.0,-0.10076339542865753
1378,0.0,1.5738551616668701,0.0,0.0,0.0,-1.0447944402694702
1379,0.0,0.3832314610481262,0.0,0.0,0.0,2.8999390602111816
1380,0.0,1.7694282531738281,0.0,0.0,0.0,-2.2322256565093994
1381,0.0,1.0020346641540527,0.0,0.0,0.0,0.9637515544891357
1382,0.9967787265777588,0.0,0.0,0.0,0.0,0.6445261240005493
1383,0.0,1.4501333236694336,0.0,0.0,0.0,0.6045249700546265
1384,0.0,1.838879108428955,0.0,0.0,0.0,-2.3775625228881836
1385,2.0893661975860596,0.0,0.0,0.0,0.0,-2.4928500652313232
1386,0.0,0.5425239205360413,0.0,0.0,0.0,0.9483482837677002
1387,0.0,1.5390267372131348,0.0,0.0,0.0,0.3794876039028168
1388,0.0,1.817429542541504,0.0,0.0,0.0,-2.2720444202423096
1389,0.0,1.3012861013412476,0.0,0.0,0.0,-1.1605809926986694
1390,0.0,1.8763504028320312,0.0,0.0,0.0,-2.519658327102661
1391,0.0,0.5654036402702332,0.0,0.0,0.0,0.3116393983364105
1392,0.5852551460266113,0.5485579371452332,0.0,0.0,0.0,2.0170817375183105
1393,1.5990341901779175,1.420130729675293,1.4948943853378296,0.0,0.0,-1.1796436309814453
1394,0.0,0.7420414090156555,0.0,0.0,0.0,0.8675230741500854
1395,0.0,0.7614626288414001,0.0,0.0,0.0,0.7990089058876038
1396,0.0,1.6210812330245972,0.0,0.0,0.0,-0.7473430037498474
1397,0.0,0.0,0.0,1.0107147693634033,0.0,0.7178013920783997
1398,0.0,1.4334702491760254,0.0,0.0,0.0,-0.6717671751976013
1399,0.0,1.1354845762252808,0.0,0.0,0.0,-0.3503953218460083
1400,0.5542041659355164,0.0,0.0,0.0,0.0,1.8448820114135742
1401,0.0,0.0,1.3549801111221313,0.0,0.0,-0.7601959109306335
1402,0.0,1.1771748065948486,0.0,0.0,0.0,0.29640862345695496
1403,1.1939244270324707,1.2026991844177246,0.9757784008979797,0.0,0.0,0.6506600975990295
1404,1.161997675895691,0.0,0.0,0.0,0.0,0.44179412722587585
1405,0.0,1.2979212999343872,1.2273428440093994,0.0,0.0,-0.32724544405937195
1406,0.0,1.3188378810882568,0.0,0.0,0.0,-0.8132063746452332
1407,0.0,1.755342721939087,0.0,0.0,0.0,-1.991654634475708
1408,0.0,1.5326404571533203,0.0,0.0,0.0,-0.8133402466773987
1409,0.8771273493766785,0.0,0.0,0.0,0.0,0.12192867696285248
1410,1.5669398307800293,0.0,0.0,0.0,0.0,-0.5506435036659241
1411,0.0,1.615159273147583,1.7275347709655762,0.0,0.0,-1.7489612102508545
1412,0.0,1.0726172924041748,0.0,0.0,0.0,-0.8769526481628418
1413,0.0,1.6277943849563599,0.0,0.0,0.0,-0.49909707903862
1414,0.0,1.2003452777862549,0.0,0.0,0.0,-1.2577722072601318
1415,0.0,1.2118252515792847,0.0,0.0,0.0,0.24838827550411224
1416,0.0,1.3962432146072388,0.0,0.0,0.0,-0.6127027869224548
1417,0.0,0.8769904971122742,0.0,0.0,0.0,0.359351247549057
1418,0.0,1.774070382118225,0.0,0.0,0.0,-2.3918049335479736
1419,1.3144233226776123,0.0,0.0,0.0,0.0,0.3729299008846283
1420,2.0096211433410645,0.0,0.0,0.0,0.0,-2.248333692550659
1421,0.0,0.8511155843734741,0.0,0.0,0.0,-0.0491911917924881
1422,0.0,1.0204031467437744,0.0,0.0,0.0,-1.0044891834259033
1423,1.2928568124771118,1.2199524641036987,0.0,0.0,0.0,-0.05609281361103058
1424,0.0,0.0,1.738926649093628,0.0,0.0,-1.750960350036621
1425,0.0,0.0,1.1682463884353638,0.0,0.0,-0.08305050432682037
1426,0.0,1.7723954916000366,0.0,0.0,0.0,-1.5047597885131836
1427,0.0,0.607410728931427,0.0,0.0,0.0,2.3145744800567627
1428,0.0,0.32065948843955994,0.31802117824554443,0.0,0.0,3.1083338260650635
1429,0.0,1.8676798343658447,0.0,0.0,0.0,-2.422468662261963
1430,0.0,1.300354242324829,0.0,0.0,0.0,-0.48290014266967773
1431,0.6436362266540527,0.5365752577781677,0.0,0.8431570529937744,0.0,1.1884958744049072
1432,0.3222499489784241,0.27675196528434753,0.0,0.0,0.0,3.2394931316375732
1433,0.0,1.8127743005752563,0.0,0.0,0.0,-2.0722827911376953
1434,0.0,1.8277796506881714,0.0,0.0,0.0,-2.239433526992798
1435,0.3263271749019623,0.2807074189186096,0.0,0.0,0.0,3.2275125980377197
1436,0.0,1.6147874593734741,1.760940670967102,0.0,0.0,-1.8646564483642578
1437,1.9158287048339844,0.0,0.0,0.0,0.0,-1.713673710823059
1438,0.0,1.681533932685852,0.0,0.0,0.0,-0.1543848067522049
1439,2.190363645553589,0.0,0.0,0.0,0.0,-2.777024507522583
1440,0.0,1.794825553894043,0.0,0.0,0.0,-1.5371813774108887
1441,0.0,1.6010619401931763,0.0,0.0,0.0,-1.0187385082244873
1442,1.1783885955810547,0.0,0.0,0.0,0.0,-0.5110984444618225
1443,0.0,1.7658292055130005,0.0,0.0,0.0,-1.9359291791915894
1444,0.0,1.8216694593429565,0.0,0.0,0.0,-2.299757242202759
1445,0.0,1.7687522172927856,0.0,0.0,0.0,-0.8227831125259399
1446,0.0,1.7720587253570557,0.0,0.0,0.0,-2.1101901531219482
1447,0.0,1.3147481679916382,0.0,0.0,0.0,0.2268725484609604
1448,0.0,1.3237253427505493,0.0,0.0,0.0,-0.6863223314285278
1449,0.0,1.4628795385360718,0.0,0.0,0.0,-0.19416458904743195
1450,0.5290005803108215,0.0,0.5136215090751648,0.7392148375511169,0.0,1.5209829807281494
1451,0.0,1.8670834302902222,0.0,0.0,0.0,-2.5780797004699707
1452,0.0,1.3548575639724731,0.0,0.0,0.0,-0.44917771220207214
1453,0.0,0.8484749794006348,0.0,0.0,0.0,-0.06463630497455597
1454,0.0,0.0,0.8506062626838684,1.0449466705322266,0.0,0.6878572106361389
1455,0.0,1.0888463258743286,0.0,0.0,0.0,-0.9456097483634949
1456,0.0,1.3283029794692993,0.0,0.0,0.0,-1.4567686319351196
1457,0.0,0.9642943739891052,0.0,0.0,0.0,-0.07942672073841095
1458,2.042365074157715,0.0,0.0,0.0,0.0,-2.314432144165039
1459,0.0,1.5474932193756104,0.0,0.0,0.0,-1.0543103218078613
1460,0.0,0.7089356780052185,0.0,0.0,0.0,0.36523184180259705
1461,1.5972100496292114,0.0,0.0,0.0,0.0,-1.1726418733596802
1462,0.0,1.3227699995040894,0.0,0.0,0.0,-1.394538164138794
1463,0.0,1.7488815784454346,0.0,0.0,0.0,-1.9014201164245605
1464,0.0,1.6153253316879272,0.0,0.0,0.0,-0.43780627846717834
1465,0.40715882182121277,0.37263980507850647,0.0,0.0,0.0,2.72273325920105
1466,1.219525933265686,0.0,0.0,0.0,0.0,-0.39212244749069214
1467,0.0,1.7770028114318848,0.0,0.0,0.0,-2.0745201110839844
1468,0.0,1.8311034440994263,0.0,0.0,0.0,-2.3342630863189697
1469,0.0,1.1467808485031128,0.0,0.0,0.0,0.28410226106643677
1470,0.0,1.7737715244293213,0.0,0.0,0.0,-2.4113659858703613
1471,0.0,1.1647833585739136,0.0,0.0,0.0,-0.10314591228961945
1472,1.0323307514190674,0.0,0.0,0.0,0.0,0.7621665000915527
1473,0.0,1.1878961324691772,0.0,0.0,0.0,-1.1546268463134766
1474,1.62684965133667,0.0,0.0,0.0,0.0,-0.8192188739776611
1475,1.6415858268737793,0.0,0.0,0.0,0.0,-1.084747314453125
1476,0.8641030192375183,0.0,0.8609879016876221,0.0,0.0,0.19941346347332
1477,0.0,0.9710211157798767,0.0,0.0,0.0,1.6044964790344238
1478,0.42965397238731384,0.0,0.0,0.0,0.0,2.315309524536133
1479,0.0,1.7662862539291382,0.0,0.0,0.0,-2.1158430576324463
1480,0.0,0.0,1.9151705503463745,0.0,0.0,-2.226969003677368
1481,0.6559281945228577,0.6693997979164124,0.0,0.0,0.0,2.079350709915161
1482,0.0,0.9747047424316406,0.0,0.0,0.0,-0.28096774220466614
1483,1.9767554998397827,0.0,0.0,0.0,0.0,-2.1262621879577637
1484,0.0,1.4920039176940918,0.0,0.0,0.0,-0.9498359560966492
1485,0.0,1.6542675495147705,0.0,0.0,0.0,-1.6478586196899414
1486,0.0,0.0,0.7609586119651794,0.0,0.0,0.7644016146659851
1487,0.0,0.6746033430099487,0.0,0.0,0.0,-0.052858129143714905
1488,2.0905072689056396,0.0,0.0,0.0,0.0,-2.485700845718384
1489,0.0,0.0,0.0,1.448061227798462,0.0,-0.8111676573753357
1490,0.0,1.8071295022964478,0.0,0.0,0.0,-2.262336015701294
1491,0.7690404653549194,0.0,0.0,0.0,0.0,0.6147370934486389
1492,0.0,0.0,1.7029300928115845,0.0,0.0,-1.6503334045410156
1493,0.6679004430770874,0.0,0.0,0.0,0.0,1.6532530784606934
1494,0.0,1.8641093969345093,0.0,0.0,0.0,-2.5651090145111084
1495,0.0,0.6884377002716064,0.0,0.0,0.0,1.750445008277893
1496,0.0,0.7020177841186523,0.0,0.0,0.0,1.1533808708190918
1497,0.0,0.9085726737976074,0.0,0.0,0.0,0.32719478011131287
1498,0.0,1.0404882431030273,0.0,0.0,0.0,-0.023454800248146057
1499,0.9147329330444336,0.7335010766983032,0.0,0.0,0.0,0.10588918626308441
1500,0.0,0.44454464316368103,0.0,0.0,0.0,0.9682226777076721
1501,0.0,0.6849709153175354,0.0,0.0,0.0,-0.019210830330848694
1502,2.083754777908325,0.0,0.0,0.0,0.0,-2.45658802986145
1503,0.0,0.8418245315551758,0.0,0.0,0.0,-0.4170820116996765
1504,0.0,0.3087206482887268,0.0,0.0,0.0,2.0964949131011963
1505,2.1447627544403076,0.0,0.0,0.0,0.0,-2.6193180084228516
1506,0.0,0.3456610143184662,0.0,0.0,0.0,2.6102583408355713
1507,0.28039711713790894,0.23232898116111755,0.2532186210155487,0.0,0.0,3.5203347206115723
1508,1.3299466371536255,0.0,0.0,0.0,0.0,-0.5806998610496521
1509,0.0,0.36633187532424927,0.0,0.0,0.0,1.382154107093811
1510,0.0,1.1879311800003052,0.0,0.0,0.0,-0.18264617025852203
1511,0.0,1.7325925827026367,0.0,0.0,0.0,-1.8922327756881714
1512,0.0,1.6001402139663696,0.0,0.0,0.0,0.2390117198228836
1513,1.5862116813659668,0.0,0.0,0.0,0.0,-0.8637159466743469
1514,0.0,1.7531198263168335,0.0,0.0,0.0,-2.1233937740325928
1515,0.0,0.0,0.7601861953735352,0.0,0.0,1.1800438165664673
1516,0.0,0.0,1.8957754373550415,0.0,0.0,-2.152724266052246
1517,0.0,0.5725540518760681,0.0,0.0,0.0,0.8749014735221863
1518,0.0,1.8076386451721191,0.0,0.0,0.0,-2.198923110961914
1519,0.5983114838600159,0.0,0.0,0.0,0.0,2.079911231994629
1520,0.0,0.42680123448371887,0.0,0.0,0.0,1.9542607069015503
1521,0.0,0.40413734316825867,0.0,0.0,0.0,1.1205780506134033
1522,0.0,1.6893818378448486,0.0,0.0,0.0,-1.2176536321640015
1523,0.0,0.4196145832538605,0.0,0.0,0.0,1.3296743631362915
1524,0.0,0.9456039667129517,0.0,0.0,0.0,-0.10177750885486603
1525,0.0,1.7360880374908447,0.0,0.0,0.0,-1.397731065750122
1526,0.0,1.4148417711257935,0.0,0.0,0.0,0.7499414086341858
1527,0.0,1.8211537599563599,0.0,0.0,0.0,-2.2952890396118164
1528,0.0,1.8440483808517456,0.0,0.0,0.0,-2.4503166675567627
1529,0.0,0.0,1.4051982164382935,0.0,0.0,-1.005828857421875
1530,0.35026365518569946,0.28409674763679504,0.3355453908443451,0.0,0.0,2.5390899181365967
1531,0.0,1.234230399131775,0.0,0.0,0.0,1.3116755485534668
1532,0.0,1.6625432968139648,0.0,0.0,0.0,-1.424916386604309
1533,0.8617886900901794,0.0,0.0,0.0,0.0,1.2428503036499023
1534,0.0,1.8500339984893799,0.0,0.0,0.0,-2.3908369541168213
1535,0.0,0.6751920580863953,0.0,0.0,0.0,0.8110844492912292
1536,0.4077984094619751,0.30262961983680725,0.0,0.0,0.0,1.9043759107589722
1537,0.0,0.549142599105835,0.0,0.0,0.0,1.5266509056091309
1538,0.0,1.2692021131515503,0.0,0.0,0.0,0.2849605679512024
1539,0.0,0.5133957862854004,0.0,0.0,0.0,0.6356843113899231
1540,0.0,0.0,0.0,1.063529133796692,0.0,0.4474436342716217
1541,0.0,1.789015769958496,0.0,0.0,0.0,-2.1044723987579346
1542,1.0520726442337036,0.8889131546020508,0.0,1.1810662746429443,0.0,-0.15464521944522858
1543,0.43671733140945435,0.37368300557136536,0.0,0.6326493620872498,0.0,2.274874448776245
1544,0.0,0.7783807516098022,0.0,0.0,0.0,1.0601305961608887
1545,0.5398494005203247,0.0,0.0,0.0,0.0,1.3580141067504883
1546,0.0,0.4170989990234375,0.0,0.0,0.0,1.256471872329712
1547,0.0,1.655761957168579,0.0,0.0,0.0,-0.2930944859981537
1548,0.0,1.6452327966690063,0.0,0.0,0.0,-0.077153280377388
1549,0.946316123008728,0.7213565111160278,0.0,0.0,0.0,-0.15987153351306915
1550,0.0,1.318386435508728,0.0,0.0,0.0,-1.211890697479248
1551,0.605867326259613,0.0,0.0,0.0,0.0,2.239617109298706
1552,1.9627574682235718,0.0,0.0,0.0,0.0,-2.13331937789917
1553,0.0,1.5923432111740112,0.0,0.0,0.0,-0.37414446473121643
1554,0.0,1.6960417032241821,0.0,0.0,0.0,-1.315068006515503
1555,2.094681739807129,1.814028024673462,0.0,0.0,0.0,-2.542818784713745
1556,0.0,1.1342074871063232,0.0,0.0,0.0,-1.1768091917037964
1557,0.0,0.0,0.0,1.6012343168258667,0.0,-1.3599902391433716
1558,1.2190520763397217,0.0,0.0,0.0,0.0,0.6166660189628601
1559,0.0,1.8081814050674438,0.0,0.0,0.0,-2.2417140007019043
1560,0.0,1.3677290678024292,0.0,0.0,0.0,0.6098849177360535
1561,0.0,1.7587288618087769,0.0,0.0,0.0,-2.1881701946258545
1562,0.0,0.356411337852478,0.0,0.0,0.0,1.4447643756866455
1563,0.0,0.0,0.0,1.8958640098571777,0.0,-2.301764726638794
1564,0.0,0.0,0.0,1.4062669277191162,0.0,-0.6363452672958374
1565,0.3969344198703766,0.30562424659729004,0.0,0.0,0.0,2.1682183742523193
1566,0.6156358122825623,0.5531268119812012,0.0,0.0,0.0,1.70041823387146
1567,0.0,1.4861998558044434,0.0,0.0,0.0,-0.31113362312316895
1568,0.0,0.6619948744773865,0.0,0.0,0.0,0.04055391252040863
1569,0.0,1.6921435594558716,0.0,0.0,0.0,-1.2176488637924194
1570,0.0,0.9416599869728088,0.0,0.0,0.0,-0.3507061302661896
1571,0.9440640807151794,0.0,0.0,1.0731395483016968,0.0,0.45529672503471375
1572,0.5177925825119019,0.38698139786720276,0.0,0.0,0.0,1.2546119689941406
1573,0.4222579896450043,0.36849525570869446,0.0,0.0,0.0,2.4856719970703125
1574,0.0,0.0,0.6778131127357483,0.0,0.0,1.284848928451538
1575,0.0,0.35174572467803955,0.0,0.6895989179611206,0.0,1.7763235569000244
1576,0.0,1.6125028133392334,0.0,0.0,0.0,-0.807187020778656
1577,0.0,0.7433725595474243,0.0,0.0,0.0,0.9140408635139465
1578,0.0,0.8177672028541565,0.0,0.0,0.0,1.8001385927200317
1579,0.0,1.8316810131072998,0.0,0.0,0.0,-2.2382171154022217
1580,0.0,1.5617954730987549,0.0,0.0,0.0,-1.0412051677703857
1581,0.0,1.3749034404754639,0.0,0.0,0.0,-0.07042594254016876
1582,0.0,0.39545533061027527,0.0,0.0,0.0,1.6942511796951294
1583,0.0,0.8930946588516235,0.0,0.0,0.0,0.4378574788570404
1584,0.8095766305923462,0.6451185941696167,0.0,0.0,0.0,0.4533058702945709
1585,0.5211594104766846,0.5221664309501648,0.0,0.6611405611038208,0.0,2.5569000244140625
1586,0.0,0.0,1.5580686330795288,0.0,0.0,-1.2671759128570557
1587,0.0,0.5733863711357117,0.0,0.0,0.0,1.1065037250518799
1588,0.0,0.9826837182044983,0.0,0.0,0.0,-0.5598389506340027
1589,0.0,0.722476065158844,0.0,0.0,0.0,1.566711187362671
1590,0.0,0.9126924872398376,0.0,0.0,0.0,-0.26441749930381775
1591,0.0,0.557976484298706,0.7145177721977234,0.9369789361953735,0.0,0.683254063129425
1592,0.0,1.7457551956176758,0.0,0.0,0.0,-1.9931044578552246
1593,0.0,0.0,0.8565812706947327,0.0,0.0,0.6372963786125183
1594,0.0,0.8215934634208679,0.0,0.0,0.0,1.032970905303955
1595,0.0,1.5092390775680542,0.0,0.0,0.0,-0.20722945034503937
1596,0.0,0.7968581318855286,0.0,0.0,0.0,-0.2883710563182831
1597,0.0,1.7738385200500488,0.0,0.0,0.0,-2.1165964603424072
1598,0.0,0.7907443046569824,0.0,0.0,0.0,1.3728734254837036
1599,0.0,1.8641330003738403,0.0,0.0,0.0,-2.43337345123291
1600,0.0,1.2337535619735718,0.0,0.0,0.0,-0.4555012583732605
1601,0.0,1.7345643043518066,0.0,0.0,0.0,-1.9268641471862793
1602,0.0,1.2478001117706299,0.0,0.0,0.0,-0.6411400437355042
1603,0.0,0.4388839602470398,0.0,0.0,0.0,2.6385490894317627
1604,0.0,1.4331331253051758,0.0,1.5443825721740723,0.0,-1.0694870948791504
1605,0.0,1.4215493202209473,0.0,0.0,0.0,0.046726152300834656
1606,1.7459959983825684,0.0,0.0,0.0,0.0,-1.3755793571472168
1607,0.0,1.8341195583343506,0.0,0.0,0.0,-2.481140375137329
1608,0.0,0.6344280242919922,0.0,0.0,0.0,1.0261006355285645
1609,0.0,1.7223104238510132,0.0,0.0,0.0,-1.9345778226852417
1610,0.0,1.5924344062805176,0.0,0.0,0.0,-1.305732011795044
1611,0.0,1.3902257680892944,0.0,0.0,0.0,-0.702231228351593
1612,0.0,1.4186253547668457,0.0,0.0,0.0,0.02780608832836151
1613,1.753879427909851,0.0,0.0,0.0,0.0,-1.3081393241882324
1614,0.0,1.568539023399353,0.0,0.0,0.0,-0.9997953772544861
1615,1.6145919561386108,0.0,0.0,0.0,0.0,-0.8101027607917786
1616,1.0613911151885986,0.0,0.0,0.0,0.0,0.2572917640209198
1617,0.0,0.0,0.0,0.7088971734046936,0.0,2.1237471103668213
1618,0.0,0.8302107453346252,0.0,0.0,0.0,0.3102395236492157
1619,0.0,1.6426525115966797,0.0,0.0,0.0,-1.446023941040039
1620,0.0,0.8026497960090637,0.0,0.0,0.0,1.011997938156128
1621,0.0,1.0658186674118042,0.0,0.0,0.0,0.21593795716762543
1622,0.0,0.39054664969444275,0.0,0.0,0.0,2.4996907711029053
1623,0.0,0.0,1.7690856456756592,0.0,0.0,-1.8443242311477661
1624,1.5431410074234009,1.4062124490737915,0.0,0.0,0.0,-0.9180827736854553
1625,0.0,1.3451478481292725,0.0,0.0,0.0,-0.11777479946613312
1626,2.0033316612243652,0.0,0.0,0.0,0.0,-2.2364535331726074
1627,0.0,1.604741096496582,0.0,0.0,0.0,-0.6577312350273132
1628,0.0,0.33220624923706055,0.0,0.0,0.0,2.9818918704986572
1629,0.9176060557365417,0.7791767716407776,0.0,0.0,0.0,0.4065684676170349
1630,0.0,1.7849153280258179,0.0,0.0,0.0,-2.290602207183838
1631,0.5247311592102051,0.0,0.43148741126060486,0.6685872673988342,0.0,2.5061371326446533
1632,0.0,0.6001424789428711,0.0,0.0,0.0,1.7399728298187256
1633,0.0,0.3945953845977783,0.0,0.0,0.0,1.878893494606018
1634,0.0,0.0,0.0,1.2821649312973022,0.0,0.0590125173330307
1635,0.0,0.0,1.9428108930587769,0.0,0.0,-2.3013458251953125
1636,0.0,0.0,0.0,1.629330039024353,0.0,-1.3397037982940674
1637,0.0,0.0,0.0,0.5885757207870483,0.0,2.9648802280426025
1638,2.0182271003723145,0.0,0.0,0.0,0.0,-2.3172967433929443
1639,0.0,1.7803611755371094,0.0,0.0,0.0,-2.1332201957702637
1640,0.0,0.7210596203804016,0.0,0.0,0.0,1.8636584281921387
1641,0.0,1.7828339338302612,0.0,0.0,0.0,-2.236326217651367
1642,1.1905938386917114,0.0,0.0,0.0,0.0,-0.8066949248313904
1643,0.0,0.8138465285301208,0.0,0.0,0.0,0.9331472516059875
1644,0.0,0.0,1.8020095825195312,0.0,0.0,-1.91666841506958
1645,0.0,0.7308900356292725,0.0,0.0,0.0,1.2229896783828735
1646,0.0,1.024830937385559,0.0,0.0,0.0,-0.10953028500080109
1647,1.5734657049179077,0.0,0.0,0.0,0.0,-0.21476729214191437
1648,0.0,1.7223719358444214,0.0,0.0,0.0,-1.4907493591308594
1649,0.0,1.079390525817871,0.0,0.0,0.0,1.4604084491729736
1650,0.0,1.6403855085372925,0.0,1.7250858545303345,0.0,-1.739964246749878
1651,0.492064505815506,0.43457868695259094,0.0,0.0,0.0,2.1030032634735107
1652,0.0,1.7284513711929321,0.0,0.0,0.0,-1.323774814605713
1653,0.0,0.7040290236473083,0.0,0.0,0.0,-0.0023383060470223427
1654,0.0,0.8379947543144226,0.0,0.0,0.0,1.257530689239502
1655,0.0,0.0,1.7627719640731812,0.0,0.0,-1.8159116506576538
1656,0.0,0.40239691734313965,0.4486834704875946,0.0,0.0,1.9477241039276123
1657,0.0,0.0,0.45586785674095154,0.6874825954437256,0.0,2.2559242248535156
1658,1.78467857837677,0.0,0.0,0.0,0.0,-1.2861846685409546
1659,0.0,1.3825522661209106,0.0,0.0,0.0,0.8704759478569031
1660,0.0,1.2727065086364746,0.0,0.0,0.0,-0.5943686366081238
1661,0.8302799463272095,0.0,0.0,0.0,0.0,0.5168032050132751
1662,1.8300437927246094,0.0,0.0,0.0,0.0,-1.5183645486831665
1663,0.0,0.6167807579040527,0.0,0.0,0.0,1.8656175136566162
1664,0.0,0.0,1.8718338012695312,0.0,0.0,-2.1423637866973877
1665,0.0,1.8347171545028687,0.0,0.0,0.0,-2.2501113414764404
1666,0.0,0.6153157353401184,0.0,0.0,0.0,0.5620459914207458
1667,0.0,1.2369881868362427,0.0,0.0,0.0,-0.5330097079277039
1668,0.0,0.0,0.0,1.2559562921524048,0.0,0.05828277766704559
1669,0.0,1.3537040948867798,0.0,0.0,0.0,0.06601153314113617
1670,1.9578001499176025,0.0,0.0,0.0,0.0,-2.0838403701782227
1671,1.408233880996704,0.0,0.0,0.0,0.0,-0.05846323072910309
1672,0.0,0.0,0.0,1.4892945289611816,0.0,-0.7754834294319153
1673,0.5235742926597595,0.39830002188682556,0.0,0.0,0.0,1.3156423568725586
1674,0.0,0.44547078013420105,0.0,0.0,0.0,1.2341945171356201
1675,0.0,0.550772488117218,0.0,0.0,0.0,0.35452038049697876
1676,0.3779394328594208,0.30752983689308167,0.0,0.0,0.0,2.4417665004730225
1677,0.0,1.120052695274353,0.0,0.0,0.0,-0.26374927163124084
1678,0.0,1.7574228048324585,0.0,0.0,0.0,-1.8743220567703247
1679,0.0,0.0,1.8516547679901123,0.0,0.0,-2.050834894180298
1680,0.0,0.0,0.7401944398880005,0.0,0.0,0.9069554209709167
1681,1.8646577596664429,0.0,1.7856086492538452,0.0,0.0,-1.9253904819488525
1682,0.0,0.0,0.0,1.9451481103897095,0.0,-2.4713521003723145
1683,0.0,0.6961078643798828,0.0,0.0,0.0,-0.07299096882343292
1684,0.0,1.4036996364593506,0.0,0.0,0.0,-0.3087123930454254
1685,0.0,1.1013120412826538,0.0,0.0,0.0,-0.07078082859516144
1686,0.0,0.0,0.0,0.7509267926216125,0.0,1.8503878116607666
1687,2.0958669185638428,0.0,0.0,0.0,0.0,-2.5309884548187256
1688,0.0,0.7045441269874573,0.5766803026199341,0.800537645816803,0.0,1.854398250579834
1689,0.0,1.145571231842041,0.0,0.0,0.0,-1.3434724807739258
1690,0.0,1.7359299659729004,0.0,0.0,0.0,-0.7178757786750793
1691,0.420528769493103,0.0,0.0,0.0,0.0,2.9063613414764404
1692,0.0,1.6347068548202515,0.0,0.0,0.0,-1.0154047012329102
1693,0.40199732780456543,0.37238866090774536,0.0,0.0,0.0,2.859926462173462
1694,0.0,1.8038750886917114,0.0,0.0,0.0,-2.421462059020996
1695,0.0,1.8294140100479126,0.0,0.0,0.0,-2.2383055686950684
1696,0.0,0.36195626854896545,0.0,0.7080084681510925,0.0,1.6542291641235352
1697,0.0,1.7935585975646973,0.0,0.0,0.0,-2.234318256378174
1698,0.0,1.7778502702713013,0.0,0.0,0.0,-2.046408176422119
1699,1.0573933124542236,0.0,0.0,0.0,0.0,0.1970984786748886
1700,1.3474739789962769,0.0,0.0,0.0,0.0,0.14454339444637299
1701,0.0,1.3214434385299683,0.0,0.0,0.0,-0.4993602931499481
1702,0.0,1.6604961156845093,0.0,0.0,0.0,-0.578761100769043
1703,0.7870683073997498,0.0,0.0,0.0,0.0,1.325460433959961
1704,0.0,1.2510634660720825,0.0,0.0,0.0,0.7606868147850037
1705,1.4656623601913452,0.0,0.0,0.0,0.0,-0.4532831013202667
1706,1.2283884286880493,0.0,0.0,0.0,0.0,0.32210418581962585
1707,0.0,1.778489589691162,0.0,0.0,0.0,-2.0642640590667725
1708,0.0,1.820019245147705,0.0,0.0,0.0,-2.4485814571380615
1709,0.0,0.7026839256286621,0.0,0.0,0.0,0.02944861352443695
1710,0.0,1.8726385831832886,0.0,0.0,0.0,-2.5381102561950684
1711,0.0,1.558678150177002,0.0,0.0,0.0,-1.0576714277267456
1712,0.0,1.8443622589111328,0.0,0.0,0.0,-2.3541738986968994
1713,0.0,0.0,0.0,0.8927984833717346,0.0,1.4919579029083252
1714,1.7382664680480957,1.5423706769943237,0.0,1.6634025573730469,0.0,-1.588017463684082
1715,0.0,0.0,0.0,1.9835679531097412,0.0,-2.6068074703216553
1716,0.0,1.7679880857467651,0.0,0.0,0.0,-2.152430772781372
1717,1.0192155838012695,0.8130895495414734,0.0,0.0,0.0,-0.24277503788471222
1718,0.0,1.6548575162887573,0.0,0.0,0.0,-1.5791922807693481
1719,0.0,1.6113519668579102,0.0,0.0,0.0,-0.4349418580532074
1720,0.3886352479457855,0.0,0.0,0.0,0.0,3.125276803970337
1721,1.8306052684783936,0.0,0.0,0.0,0.0,-1.5048589706420898
1722,0.0,1.2215497493743896,0.0,0.0,0.0,-1.1388394832611084
1723,0.0,1.0002089738845825,0.0,0.0,0.0,-0.8481137752532959
1724,0.0,1.0255706310272217,0.0,0.0,0.0,-0.9120727181434631
1725,0.0,1.257529616355896,0.0,0.0,0.0,-0.5479603409767151
1726,0.0,1.5393919944763184,0.0,0.0,0.0,-0.52436363697052
1727,0.0,1.098825454711914,0.0,0.0,0.0,-1.1105550527572632
1728,0.0,1.1799858808517456,0.0,0.0,0.0,0.39976924657821655
1729,0.0,1.7430166006088257,0.0,0.0,0.0,-2.110090970993042
1730,0.0,0.0,1.5179328918457031,0.0,0.0,-1.1697773933410645
1731,0.6040672659873962,0.4461471438407898,0.0,0.0,0.0,0.9425601959228516
1732,0.0,1.0737959146499634,0.0,0.0,0.0,-1.3167903423309326
1733,0.0,1.3750017881393433,0.0,0.0,0.0,0.7519974708557129
1734,0.2847800850868225,0.23769865930080414,0.25642189383506775,0.0,0.0,3.4908854961395264
1735,0.0,0.0,0.0,0.5777490139007568,0.0,3.0398247241973877
1736,1.7357518672943115,0.0,0.0,0.0,0.0,-1.2634217739105225
1737,0.0,1.5863003730773926,0.0,0.0,0.0,-1.0546610355377197
1738,0.0,0.6947030425071716,0.0,0.0,0.0,1.9836623668670654
1739,0.0,0.0,1.8739084005355835,0.0,0.0,-2.1280763149261475
1740,1.898195505142212,1.6692733764648438,0.0,0.0,0.0,-2.012963056564331
1741,0.0,0.624195396900177,0.0,0.0,0.0,0.3238060176372528
1742,0.0,0.0,0.0,1.5980854034423828,0.0,-1.1783931255340576
1743,0.0,0.0,1.7441798448562622,0.0,0.0,-1.8064132928848267
1744,1.158611536026001,0.0,0.0,0.0,0.0,0.6703892350196838
1745,0.0,1.8930655717849731,0.0,0.0,0.0,-2.713676929473877
1746,0.4548340141773224,0.4191180467605591,0.40196341276168823,0.0,0.0,2.4724838733673096
1747,0.0,1.5847655534744263,0.0,0.0,0.0,0.3558903634548187
1748,0.0,0.0,1.2291096448898315,0.0,0.0,-0.35858288407325745
1749,0.0,1.7362306118011475,0.0,0.0,0.0,-1.9765596389770508
1750,0.0,0.6193505525588989,0.0,0.0,0.0,2.364752769470215
1751,0.0,0.7634527087211609,0.0,0.0,0.0,-0.34062060713768005
1752,0.0,1.3745834827423096,0.0,0.0,0.0,-1.454868197441101
1753,0.0,0.6090533137321472,0.5822694897651672,0.8130154013633728,0.0,1.6201975345611572
1754,0.0,0.0,0.0,1.3364083766937256,0.0,-0.2905389964580536
1755,0.0,1.2145085334777832,0.0,0.0,0.0,-0.4138847589492798
1756,0.0,0.0,0.32141444087028503,0.0,0.0,3.217864751815796
1757,0.0,1.5706946849822998,1.6441925764083862,0.0,0.0,-1.5161992311477661
1758,0.0,1.3302466869354248,0.0,0.0,0.0,0.8455615043640137
1759,0.0,1.1784846782684326,0.0,0.0,0.0,-1.0663254261016846
1760,0.0,1.7596865892410278,0.0,0.0,0.0,-1.6515408754348755
1761,0.0,1.7551926374435425,0.0,0.0,0.0,-2.05537486076355
1762,1.5804893970489502,0.0,0.0,0.0,0.0,-0.9647449851036072
1763,1.765246033668518,0.0,0.0,0.0,0.0,-1.3289875984191895
1764,0.0,0.5957671403884888,0.0,0.0,0.0,0.683817982673645
1765,0.0,1.8288779258728027,0.0,0.0,0.0,-0.3006003201007843
1766,0.0,1.616365909576416,0.0,0.0,0.0,0.026252731680870056
1767,0.0,0.8523451089859009,0.0,0.0,0.0,-0.08095164597034454
1768,1.7611104249954224,0.0,0.0,0.0,0.0,-1.235142707824707
1769,0.0,1.4970474243164062,0.0,0.0,0.0,0.03582315146923065
1770,0.0,1.8141064643859863,0.0,0.0,0.0,-2.159566640853882
1771,1.817218542098999,0.0,0.0,0.0,0.0,-1.6418566703796387
1772,0.0,1.3751318454742432,0.0,0.0,0.0,-0.7614089250564575
1773,0.0,1.0332155227661133,0.0,0.0,0.0,0.3430512845516205
1774,0.0,0.0,0.45540666580200195,0.0,0.0,2.240633010864258
1775,2.006943702697754,0.0,0.0,0.0,0.0,-2.2527353763580322
1776,0.0,1.4721959829330444,0.0,0.0,0.0,-0.5022905468940735
1777,1.5817257165908813,0.0,0.0,0.0,0.0,-0.6112509369850159
1778,1.4721444845199585,0.0,0.0,0.0,0.0,-0.05877746641635895
1779,0.0,0.5849475264549255,0.0,0.0,0.0,0.3174184262752533
1780,0.0,0.8171641826629639,0.0,0.0,0.0,-0.5963318943977356
1781,0.0,0.5402411222457886,0.0,0.0,0.0,2.276163339614868
1782,0.0,0.42022818326950073,0.0,0.0,0.0,2.1368918418884277
1783,0.0,1.7411702871322632,0.0,0.0,0.0,-1.9807384014129639
1784,0.0,0.5071980357170105,0.0,0.0,0.0,1.3272285461425781
1785,0.0,1.8187166452407837,0.0,0.0,0.0,-2.4712910652160645
1786,0.0,1.7192254066467285,0.0,0.0,0.0,-1.8593389987945557
1787,0.0,1.8460031747817993,0.0,0.0,0.0,-2.3490450382232666
1788,0.0,1.5623395442962646,0.0,0.0,0.0,0.5432699918746948
1789,0.0,0.7995374798774719,0.0,0.0,0.0,-0.03719259798526764
1790,1.9655083417892456,0.0,0.0,0.0,0.0,-2.1643757820129395
1791,0.0,1.258988857269287,0.0,0.0,0.0,-0.57615727186203
1792,0.0,1.8360670804977417,0.0,0.0,0.0,-2.4992411136627197
1793,0.0,0.9992031455039978,0.0,0.0,0.0,0.3908446729183197
1794,0.3169766366481781,0.25712084770202637,0.0,0.0,0.0,2.908078193664551
1795,0.0,1.47756826877594,0.0,0.0,0.0,0.4553491771221161
1796,0.0,0.0,1.3146250247955322,0.0,0.0,-0.7580673098564148
1797,0.0,1.6958985328674316,0.0,0.0,0.0,-0.6875864863395691
1798,0.0,1.6858508586883545,0.0,0.0,0.0,-1.757470965385437
1799,0.0,0.0,0.0,2.019278049468994,0.0,-2.7055675983428955
1800,1.3000105619430542,0.0,0.0,0.0,0.0,-0.14603520929813385
1801,0.0,0.30653855204582214,0.0,0.0,0.0,2.23586368560791
1802,0.0,1.8578708171844482,0.0,0.0,0.0,-2.4716789722442627
1803,0.0,1.2293180227279663,0.0,0.0,0.0,-0.7187960743904114
1804,0.38013869524002075,0.0,0.0,0.0,0.0,3.2531282901763916
1805,0.0,0.40588316321372986,0.41245466470718384,0.0,0.0,2.3156495094299316
1806,0.9513092637062073,0.0,0.0,0.0,0.0,1.386279821395874
1807,0.4288072884082794,0.354544073343277,0.0,0.0,0.0,2.3983850479125977
1808,1.3470145463943481,0.0,0.0,0.0,0.0,-0.19920377433300018
1809,0.0,0.0,0.0,1.3620820045471191,0.0,-0.4884069859981537
1810,0.0,0.0,1.4543321132659912,0.0,0.0,-0.9960713982582092
1811,2.0528411865234375,0.0,0.0,0.0,0.0,-2.375317335128784
1812,2.0789811611175537,0.0,0.0,0.0,0.0,-2.4331953525543213
1813,0.0,1.8602873086929321,0.0,0.0,0.0,-2.3389010429382324
1814,0.0,0.29822444915771484,0.0,0.0,0.0,2.7685375213623047
1815,0.0,1.1177679300308228,0.0,0.0,0.0,0.7045485377311707
1816,0.0,0.32540377974510193,0.0,0.0,0.0,3.133084297180176
1817,0.0,1.4361380338668823,0.0,0.0,0.0,-0.10657216608524323
1818,0.8038628101348877,0.0,0.0,0.0,0.0,0.2602739632129669
1819,0.0,1.8199583292007446,0.0,0.0,0.0,-2.2698357105255127
1820,0.0,0.0,0.0,1.5096129179000854,0.0,-1.162566900253296
1821,0.0,0.3588546812534332,0.0,0.5706483125686646,0.0,2.9875648021698
1822,0.0,0.41717150807380676,0.0,0.0,0.0,1.12991464138031
1823,0.0,1.683927297592163,0.0,0.0,0.0,-1.4149963855743408
1824,0.0,1.7319586277008057,0.0,0.0,0.0,-2.049567699432373
1825,0.0,1.6364550590515137,0.0,0.0,0.0,-0.48609092831611633
1826,0.0,1.7552247047424316,0.0,0.0,0.0,-2.2445201873779297
1827,0.3315962851047516,0.280084490776062,0.0,0.0,0.0,3.137113571166992
1828,0.0,0.0,0.9229520559310913,0.0,0.0,0.6001855731010437
1829,0.0,1.5453054904937744,0.0,0.0,0.0,-0.8077588677406311
1830,0.0,0.5678178071975708,0.0,0.0,0.0,1.8051106929779053
1831,0.0,1.0809193849563599,0.0,0.0,0.0,-0.1476484090089798
1832,0.0,1.5801818370819092,0.0,0.0,0.0,-0.9932686686515808
1833,0.0,1.8448675870895386,0.0,0.0,0.0,-2.3035387992858887
1834,0.0,1.6892499923706055,0.0,0.0,0.0,-1.4042248725891113
1835,0.9847217798233032,0.0,0.0,0.0,0.0,0.9308042526245117
1836,0.0,1.5757627487182617,0.0,0.0,0.0,-0.9121129512786865
1837,0.0,1.2849150896072388,0.0,0.0,0.0,0.5170270800590515
1838,0.0,1.837202548980713,0.0,0.0,0.0,-2.406073808670044
1839,0.0,0.8369498252868652,0.0,0.0,0.0,0.38992759585380554
1840,0.0,1.1320761442184448,0.0,0.0,0.0,-0.049120619893074036
1841,1.5081030130386353,0.0,1.3851490020751953,0.0,0.0,-0.8292195200920105
1842,0.6188883781433105,0.0,0.0,0.0,0.0,1.5874297618865967
1843,0.0,0.0,1.8184385299682617,0.0,0.0,-1.9866591691970825
1844,0.0,0.2978936433792114,0.2932565212249756,0.0,0.0,3.2759735584259033
1845,1.3894680738449097,0.0,0.0,0.0,0.0,-0.26891177892684937
1846,0.0,0.8838292956352234,0.0,0.0,0.0,1.0172158479690552
1847,0.0,0.3849390149116516,0.0,0.0,0.0,2.160959243774414
1848,0.0,1.0291063785552979,0.0,0.0,0.0,0.6145704388618469
1849,0.0,1.772979974746704,0.0,0.0,0.0,-2.128546714782715
1850,1.799189805984497,1.6053242683410645,0.0,1.7031328678131104,0.0,-1.6895501613616943
1851,0.0,0.0,0.0,1.2173550128936768,0.0,0.24408887326717377
1852,1.3426637649536133,0.0,0.0,0.0,0.0,-0.19009549915790558
1853,0.0,1.8283849954605103,0.0,0.0,0.0,-2.4622392654418945
1854,0.0,1.2065517902374268,0.0,0.0,0.0,-0.7351989150047302
1855,0.0,1.5940362215042114,0.0,0.0,0.0,-0.9855299592018127
1856,0.0,1.271117925643921,0.0,0.0,0.0,0.15943925082683563
1857,0.0,0.7783243060112,0.0,0.0,0.0,0.4746474325656891
1858,0.0,1.7345727682113647,0.0,0.0,0.0,-1.4414405822753906
1859,0.0,1.6319116353988647,0.0,0.0,0.0,-0.5626429915428162
1860,0.0,0.3101353347301483,0.0,0.0,0.0,3.149900197982788
1861,0.0,1.2427846193313599,0.0,0.0,0.0,-1.286584496498108
1862,0.0,0.9076108336448669,0.0,0.0,0.0,-0.6304300427436829
1863,0.0,1.610010027885437,0.0,0.0,0.0,-1.2333170175552368
1864,0.8625536561012268,0.6725783348083496,0.0,0.0,0.0,0.15453581511974335
1865,0.0,0.6126341223716736,0.0,0.9243005514144897,0.0,0.9047048687934875
1866,0.0,0.7989767789840698,0.0,0.0,0.0,1.8450109958648682
1867,0.0,1.245391845703125,0.0,0.0,0.0,-0.29179254174232483
1868,1.994285225868225,0.0,0.0,0.0,0.0,-2.2151660919189453
1869,0.0,1.4699523448944092,0.0,0.0,0.0,-0.437898188829422
1870,0.0,1.7994087934494019,0.0,0.0,0.0,-2.1997487545013428
1871,0.0,0.0,0.0,1.1178698539733887,0.0,0.6261640787124634
1872,1.5727553367614746,0.0,0.0,0.0,0.0,-1.4195921421051025
1873,1.8906055688858032,1.6668214797973633,0.0,0.0,0.0,-1.9878087043762207
1874,1.4959701299667358,1.4300003051757812,0.0,0.0,0.0,-0.4312267005443573
1875,0.0,1.1838959455490112,0.0,0.0,0.0,0.20984838902950287
1876,0.0,0.0,1.8816332817077637,0.0,0.0,-2.1498420238494873
1877,0.0,0.0,1.736639142036438,0.0,0.0,-1.7430874109268188
1878,0.8351709246635437,0.0,0.0,0.0,0.0,1.2639137506484985
1879,0.0,1.0235387086868286,0.0,0.0,0.0,0.8630090951919556
1880,1.2033159732818604,0.0,0.0,0.0,0.0,-0.3861081600189209
1881,0.0,0.4879135489463806,0.0,0.0,0.0,2.4747602939605713
1882,0.0,0.6112990379333496,0.4882206618785858,0.0,0.0,2.302884101867676
1883,0.0,0.0,0.0,1.613685965538025,0.0,-1.3102195262908936
1884,0.0,0.49600183963775635,0.0,0.0,0.0,2.4108614921569824
1885,0.43119171261787415,0.3254966735839844,0.0,0.0,0.0,1.8092317581176758
1886,0.0,1.8104840517044067,0.0,0.0,0.0,-2.2104899883270264
1887,0.0,1.3095357418060303,0.0,0.0,0.0,-0.6866564750671387
1888,1.7741143703460693,1.5883772373199463,0.0,0.0,0.0,-1.6066317558288574
1889,1.227355718612671,1.053943157196045,0.0,1.3094823360443115,0.0,-0.4594184458255768
1890,0.0,1.845847487449646,0.0,0.0,0.0,-2.3477604389190674
1891,0.0,0.30338481068611145,0.0,0.0,0.0,3.1547694206237793
1892,0.0,0.571647584438324,0.4587850868701935,0.6835431456565857,0.0,2.3356707096099854
1893,1.2667831182479858,0.0,0.0,0.0,0.0,-0.4339694678783417
1894,0.0,0.0,0.0,1.4442780017852783,0.0,-0.8143808245658875
1895,0.0,1.5319404602050781,0.0,0.0,0.0,0.3265310823917389
1896,0.0,1.6148344278335571,1.8267792463302612,1.8134442567825317,0.0,-2.0911221504211426
1897,2.0760204792022705,0.0,0.0,0.0,0.0,-2.4519312381744385
1898,0.9932087063789368,0.0,0.0,0.0,0.0,0.9124093651771545
1899,0.0,1.154802680015564,0.0,0.0,0.0,0.3816167116165161
1900,0.0,1.247658371925354,0.0,0.0,0.0,-1.4026950597763062
1901,0.0,1.2125182151794434,0.0,0.0,0.0,-0.41859081387519836
1902,0.0,1.6957523822784424,0.0,0.0,0.0,-1.268580675125122
1903,2.0731301307678223,0.0,0.0,0.0,0.0,-2.455665111541748
1904,0.0,0.882725179195404,0.0,0.0,0.0,0.4621810019016266
1905,0.8598004579544067,0.0,0.0,0.0,0.0,0.7676851153373718
1906,0.939909040927887,0.0,0.0,0.0,0.0,0.46331000328063965
1907,0.0,1.4779301881790161,0.0,0.0,0.0,-0.25135618448257446
1908,1.5433523654937744,0.0,0.0,0.0,0.0,-1.084238886833191
1909,0.0,1.3793526887893677,0.0,0.0,0.0,-0.9618620276451111
1910,0.9037042260169983,0.7628885507583618,0.8589359521865845,0.0,0.0,0.37519535422325134
1911,0.0,1.6992335319519043,0.0,0.0,0.0,-0.8630909323692322
1912,0.0,0.0,1.6390550136566162,0.0,0.0,-1.484894871711731
1913,0.0,0.9265895485877991,0.0,0.0,0.0,1.1468679904937744
1914,0.0,1.7046600580215454,0.0,0.0,0.0,-1.7896111011505127
1915,0.0,1.7280375957489014,0.0,0.0,0.0,-2.0796115398406982
1916,0.0,0.5092713832855225,0.0,0.0,0.0,0.589884340763092
1917,0.0,1.635451316833496,0.0,0.0,0.0,-1.376119613647461
1918,0.0,1.0856003761291504,0.0,0.0,0.0,0.482831209897995
1919,0.0,1.2052539587020874,0.0,0.0,0.0,1.0783847570419312
1920,0.0,1.7856392860412598,0.0,0.0,0.0,-2.181871175765991
1921,0.0,0.0,1.757238507270813,0.0,0.0,-1.8132686614990234
1922,0.0,0.0,0.458447128534317,0.0,0.0,2.048360586166382
1923,0.0,1.647297739982605,0.0,0.0,0.0,-1.1622815132141113
1924,0.0,0.7696025967597961,0.0,0.0,0.0,-0.04994930326938629
1925,0.0,1.7900211811065674,0.0,0.0,0.0,-2.267183542251587
1926,0.0,1.7711331844329834,0.0,0.0,0.0,-2.0810134410858154
1927,0.0,1.7846497297286987,0.0,0.0,0.0,-1.997096300125122
1928,0.0,1.7579201459884644,0.0,0.0,0.0,-1.9422378540039062
1929,0.0,0.8768200278282166,0.0,0.0,0.0,0.6520981192588806
1930,0.0,0.0,0.0,1.7782065868377686,0.0,-1.9070504903793335
1931,0.0,1.6533766984939575,0.0,0.0,0.0,-1.407256007194519
1932,0.0,1.7481061220169067,0.0,0.0,0.0,-1.9365527629852295
1933,0.0,0.6871743202209473,0.0,0.0,0.0,0.6055122017860413
1934,0.0,1.378123164176941,0.0,0.0,0.0,-0.18800164759159088
1935,0.0,0.8388766646385193,0.0,0.0,0.0,-0.6559531092643738
1936,0.0,0.8130437135696411,0.0,0.0,0.0,1.850245714187622
1937,0.0,0.0,0.0,1.923898696899414,0.0,-2.4078261852264404
1938,2.0915658473968506,0.0,0.0,0.0,0.0,-2.49702787399292
1939,0.0,0.0,1.703075647354126,0.0,0.0,-1.6619064807891846
1940,0.0,0.38739898800849915,0.0,0.0,0.0,1.9089038372039795
1941,2.064545154571533,0.0,0.0,0.0,0.0,-2.417175054550171
1942,0.0,1.0372612476348877,0.0,0.0,0.0,0.9064903855323792
1943,1.226115345954895,0.0,0.0,0.0,0.0,0.26429224014282227
1944,0.0,0.4621903598308563,0.0,0.0,0.0,1.7916394472122192
1945,0.8048335313796997,0.0,0.7141833305358887,0.0,0.0,1.0972843170166016
1946,0.0,0.9163123369216919,0.0,0.0,0.0,0.5560787320137024
1947,0.0,1.8040778636932373,0.0,0.0,0.0,-2.083648920059204
1948,0.0,1.183549404144287,0.0,0.0,0.0,-0.7261892557144165
1949,0.0,0.4636266827583313,0.0,0.0,0.0,0.8921405673027039
1950,0.0,0.0,0.0,0.8333843350410461,0.0,1.7142279148101807
1951,0.0,0.0,1.3595479726791382,0.0,0.0,-0.7429255247116089
1952,0.0,1.6306612491607666,0.0,0.0,0.0,-1.1454179286956787
1953,0.0,0.5042567849159241,0.0,0.0,0.0,0.5574727058410645
1954,0.0,1.5745748281478882,0.0,0.0,0.0,-1.1223636865615845
1955,0.0,0.0,0.5257142782211304,0.7418588399887085,0.0,1.5635732412338257
1956,0.0,0.0,1.2406766414642334,0.0,0.0,-0.3803796172142029
1957,0.0,1.5740212202072144,0.0,0.0,0.0,-1.140433430671692
1958,0.4447920620441437,0.406573623418808,0.0,0.0,0.0,2.6809017658233643
1959,0.0,1.3092256784439087,0.0,0.0,0.0,-0.7441513538360596
1960,2.0278851985931396,0.0,0.0,0.0,0.0,-2.3114774227142334
1961,0.0,1.4456616640090942,0.0,0.0,0.0,-0.020687833428382874
1962,0.0,0.8996623158454895,0.0,0.0,0.0,-0.294496089220047
1963,0.0,1.1163440942764282,0.0,0.0,0.0,-0.0026123682036995888
1964,0.0,1.587293267250061,0.0,0.0,0.0,0.063604936003685
1965,0.8595879077911377,0.7492894530296326,0.7987949252128601,0.0,0.0,0.6285688877105713
1966,0.0,1.2823266983032227,0.0,0.0,0.0,0.20597980916500092
1967,0.0,0.0,1.2300586700439453,0.0,0.0,-0.3915620744228363
1968,2.1183021068573,1.8234221935272217,0.0,0.0,0.0,-2.642721176147461
1969,1.0542902946472168,0.9602935314178467,0.0,0.0,0.0,0.3662455379962921
1970,0.0,1.7904311418533325,0.0,0.0,0.0,-2.2368738651275635
1971,0.0,1.3595057725906372,0.0,0.0,0.0,0.2265835851430893
1972,0.0,0.0,1.1388174295425415,0.0,0.0,-0.025854364037513733
1973,0.0,0.3187185823917389,0.0,0.0,0.0,3.0408003330230713
1974,0.0,0.0,0.0,1.0314980745315552,0.0,0.7917692065238953
1975,0.0,0.5801022052764893,0.0,0.0,0.0,0.3401281535625458
1976,0.0,1.7977375984191895,0.0,0.0,0.0,-2.085888147354126
1977,0.0,1.3142247200012207,0.0,0.0,0.0,0.0030014952644705772
1978,0.3434178829193115,0.2766977548599243,0.33451348543167114,0.0,0.0,2.5121657848358154
1979,0.0,1.5114052295684814,0.0,0.0,0.0,-0.41645243763923645
1980,0.0,1.4494456052780151,0.0,0.0,0.0,-1.0881880521774292
1981,0.0,0.4371582269668579,0.0,0.0,0.0,1.0675948858261108
1982,0.0,1.4108505249023438,0.0,1.2531288862228394,0.0,0.3950009047985077
1983,0.0,1.8043525218963623,0.0,0.0,0.0,-2.3271102905273438
1984,0.0,1.880057454109192,0.0,0.0,0.0,-2.4486613273620605
1985,0.0,1.4691520929336548,0.0,0.0,0.0,0.5908891558647156
1986,2.0198135375976562,0.0,0.0,0.0,0.0,-2.276214838027954
1987,0.0,1.6190521717071533,0.0,0.0,0.0,-0.24479027092456818
1988,1.9095839262008667,0.0,0.0,0.0,0.0,-1.9264719486236572
1989,1.125614881515503,0.0,0.0,0.0,0.0,-0.463129460811615
1990,0.0,1.3184878826141357,0.0,0.0,0.0,-1.3154022693634033
1991,0.0,0.9349433779716492,0.0,0.0,0.0,-0.40670323371887207
1992,0.0,0.31394872069358826,0.0,0.0,0.0,3.195791482925415
1993,0.0,0.6834396123886108,0.0,0.0,0.0,0.050497040152549744
1994,1.3012163639068604,0.0,0.0,0.0,0.0,0.23901604115962982
1995,0.0,1.7889512777328491,0.0,0.0,0.0,-2.2765676975250244
1996,0.0,1.8328860998153687,0.0,0.0,0.0,-2.4094417095184326
1997,1.336169958114624,0.0,0.0,0.0,0.0,-0.38335829973220825
1998,1.2762119770050049,0.0,0.0,0.0,0.0,0.23149298131465912
1999,0.0,0.8976839780807495,0.0,0.0,0.0,1.2785108089447021
2000,0.0,1.6538625955581665,0.0,0.0,0.0,-1.3204841613769531
2001,0.0,1.7744626998901367,0.0,0.0,0.0,-2.0743982791900635
2002,0.0,1.4376239776611328,0.0,0.0,0.0,0.6045548319816589
2003,0.0,1.7472457885742188,0.0,0.0,0.0,-2.1062026023864746
2004,0.0,0.0,0.7831883430480957,0.0,0.0,1.0455100536346436
2005,0.3860062062740326,0.0,0.0,0.0,0.0,3.06978702545166
2006,0.0,0.865557074546814,0.0,0.0,0.0,0.43748319149017334
2007,0.0,1.361337661743164,0.0,0.0,0.0,0.7088414430618286
2008,2.017605781555176,0.0,0.0,0.0,0.0,-2.277141809463501
2009,0.0,1.5707664489746094,0.0,0.0,0.0,-0.95611572265625
2010,1.5732157230377197,0.0,0.0,0.0,0.0,-0.5620030760765076
2011,0.0,1.767532229423523,0.0,0.0,0.0,-2.006366491317749
2012,0.0,0.7953360676765442,0.0,0.0,0.0,1.0392963886260986
2013,0.0,0.9592371582984924,1.0462754964828491,0.0,0.0,-0.09321798384189606
2014,0.37635496258735657,0.0,0.0,0.0,0.0,3.181765556335449
2015,0.0,0.0,1.9784111976623535,0.0,0.0,-2.3864102363586426
2016,1.6217281818389893,0.0,0.0,0.0,0.0,-0.8355706334114075
2017,0.0,1.788038969039917,0.0,0.0,0.0,-2.249354839324951
2018,0.0,0.0,1.7453988790512085,0.0,0.0,-1.8154094219207764
2019,1.7027491331100464,0.0,0.0,0.0,0.0,-1.168586254119873
2020,1.1012734174728394,0.9415237903594971,0.0,0.0,0.0,-0.09150673449039459
2021,0.0,0.7587765455245972,0.0,0.0,0.0,-0.4451473355293274
2022,0.0,1.4886473417282104,0.0,0.0,0.0,0.5891339182853699
2023,0.6785773038864136,0.6517170667648315,0.0,0.0,0.0,1.7909150123596191
2024,0.8527445197105408,0.7688655853271484,0.0,0.0,0.0,0.9352886080741882
2025,0.0,1.9090898036956787,0.0,0.0,0.0,-2.682955026626587
2026,0.0,0.8184188604354858,0.0,0.0,0.0,1.2615264654159546
2027,2.0051345825195312,0.0,0.0,0.0,0.0,-2.2503461837768555
2028,0.0,0.0,1.5063239336013794,0.0,0.0,-1.1108028888702393
2029,0.0,0.0,1.749902367591858,0.0,0.0,-1.7838163375854492
2030,0.8703222274780273,0.0,0.0,0.0,0.0,0.5333252549171448
2031,2.0881872177124023,0.0,0.0,0.0,0.0,-2.4339401721954346
2032,0.0,1.6001064777374268,0.0,0.0,0.0,-0.4650622010231018
2033,0.0,0.42189034819602966,0.0,0.0,0.0,1.4903820753097534
2034,0.0,1.038541555404663,0.0,1.2656900882720947,0.0,-0.2003868967294693
2035,0.9181774854660034,0.0,0.0,0.0,0.0,0.04246191680431366
2036,1.85555899143219,0.0,0.0,0.0,0.0,-1.5662164688110352
2037,0.0,0.5042670369148254,0.0,0.0,0.0,0.5459088683128357
2038,0.3518138527870178,0.0,0.2956465482711792,0.0,0.0,3.3051798343658447
2039,0.0,1.5645416975021362,0.0,0.0,0.0,-0.5272752046585083
2040,0.0,0.46302783489227295,0.0,0.0,0.0,1.5122227668762207
2041,0.0,0.0,1.7607641220092773,0.0,0.0,-1.8295172452926636
2042,0.799706220626831,0.0,0.0,0.0,0.0,0.69594806432724
2043,0.0,1.548736333847046,0.0,0.0,0.0,-0.9867724180221558
2044,0.0,1.5951956510543823,0.0,0.0,0.0,-1.0380337238311768
2045,0.0,1.5181840658187866,0.0,0.0,0.0,-0.3450528085231781
2046,0.0,0.7743867039680481,0.0,0.0,0.0,1.010171890258789
2047,0.3200446665287018,0.0,0.2678026854991913,0.5231044888496399,0.0,3.5905215740203857
2048,2.0296790599823,0.0,0.0,0.0,0.0,-2.336728572845459
2049,1.2621711492538452,0.0,0.0,0.0,0.0,-0.283922016620636
2050,1.3846499919891357,0.0,0.0,0.0,0.0,-0.21789534389972687
2051,0.0,1.2487092018127441,0.0,0.0,0.0,-1.0604921579360962
2052,0.0,1.250431776046753,0.0,0.0,0.0,-0.3646872341632843
2053,0.0,0.6919764876365662,0.0,0.0,0.0,0.19342313706874847
2054,1.8253241777420044,1.6108051538467407,0.0,0.0,0.0,-1.8279895782470703
2055,1.9368014335632324,0.0,0.0,0.0,0.0,-2.085618495941162
2056,2.0196683406829834,0.0,0.0,0.0,0.0,-2.318370819091797
2057,0.0,0.6067731976509094,0.0,0.0,0.0,1.3284859657287598
2058,0.0,0.39546331763267517,0.0,0.0,0.0,1.167394995689392
2059,0.0,1.8139712810516357,0.0,0.0,0.0,-2.3617634773254395
2060,0.0,0.0,0.0,0.572849452495575,0.0,3.089529037475586
2061,0.0,1.7800196409225464,0.0,0.0,0.0,-2.058636426925659
2062,0.0,1.6250417232513428,0.0,0.0,0.0,-1.131692886352539
2063,0.0,1.8473666906356812,0.0,0.0,0.0,-2.3966634273529053
2064,0.0,1.568099021911621,0.0,0.0,0.0,-1.2693663835525513
2065,0.0,1.7966837882995605,0.0,0.0,0.0,-2.268488883972168
2066,0.0,0.3387548327445984,0.0,0.0,0.0,1.990322232246399
2067,0.0,1.81936776638031,0.0,0.0,0.0,-2.1503500938415527
2068,0.0,1.0576857328414917,0.0,0.0,0.0,1.2995129823684692
2069,0.0,0.0,1.7521713972091675,0.0,0.0,-1.779944658279419
2070,0.0,1.2037043571472168,0.0,0.0,0.0,-0.2891445457935333
2071,0.0,1.601248025894165,0.0,0.0,0.0,-1.043957233428955
2072,0.0,1.4269541501998901,0.0,0.0,0.0,-0.17959262430667877
2073,0.0,1.6627132892608643,0.0,0.0,0.0,-1.3071439266204834
2074,0.0,1.4749524593353271,0.0,0.0,0.0,-0.45410972833633423
2075,1.342954397201538,0.0,0.0,0.0,0.0,-0.6708328127861023
2076,0.0,1.8350334167480469,0.0,0.0,0.0,-2.407557249069214
2077,0.0,1.0394055843353271,0.0,0.0,0.0,0.5208784937858582
2078,0.0,0.9240679144859314,0.0,0.0,0.0,1.5278438329696655
2079,0.0,0.7909696698188782,0.0,0.0,0.0,1.9685331583023071
2080,0.0,1.6673107147216797,0.0,0.0,0.0,-0.6960819363594055
2081,2.114757537841797,0.0,0.0,0.0,0.0,-2.596325397491455
2082,0.0,0.0,0.505636990070343,0.0,0.0,1.7374579906463623
2083,0.0,0.5406553149223328,0.0,0.0,0.0,1.8068650960922241
2084,0.0,1.2780367136001587,0.0,0.0,0.0,-1.110429048538208
2085,1.1975398063659668,1.2108720541000366,0.9736710786819458,0.0,0.0,0.679474413394928
2086,0.0,0.410686731338501,0.0,0.0,0.0,1.3939399719238281
2087,0.0,0.592215895652771,0.0,0.0,0.0,0.23005054891109467
2088,1.5515527725219727,0.0,0.0,0.0,0.0,-0.25808587670326233
2089,0.0,1.0711770057678223,0.0,0.0,0.0,-0.3158823549747467
2090,0.0,1.5976351499557495,0.0,0.0,0.0,-0.013475433923304081
2091,0.0,1.2858165502548218,0.0,0.0,0.0,-0.2544719874858856
2092,0.0,0.0,0.0,1.7196861505508423,0.0,-1.6525073051452637
2093,0.6446631550788879,0.575355589389801,0.0,0.0,0.0,1.5089093446731567
2094,0.0,0.0,1.1417796611785889,0.0,0.0,-0.09110791981220245
2095,0.0,1.7545750141143799,0.0,0.0,0.0,-2.078104019165039
2096,0.0,0.2935788333415985,0.0,0.0,0.0,2.6737964153289795
2097,0.0,1.8112926483154297,0.0,0.0,0.0,-2.2605879306793213
2098,1.6604235172271729,0.0,0.0,0.0,0.0,-0.8417437672615051
2099,0.0,0.5763365030288696,0.0,0.0,0.0,0.9159567356109619
2100,0.0,0.6841455101966858,0.0,0.0,0.0,-0.000522092916071415
2101,0.0,0.397578626871109,0.0,0.0,0.0,1.3422768115997314
2102,0.0,1.8155901432037354,0.0,0.0,0.0,-2.3308565616607666
2103,0.0,1.7991888523101807,0.0,0.0,0.0,-2.1237881183624268
2104,0.7602792978286743,0.0,0.0,0.0,0.0,1.4690369367599487
2105,0.0,0.0,0.0,1.701255440711975,0.0,-1.7700493335723877
2106,1.568239688873291,0.0,0.0,0.0,0.0,-0.9108899831771851
2107,0.0,0.8019782304763794,0.0,0.0,0.0,0.5499785542488098
2108,0.0,0.0,0.0,1.5257364511489868,0.0,-0.9025201201438904
2109,0.0,1.1421383619308472,0.0,0.0,0.0,0.0046757301315665245
2110,2.079827308654785,0.0,0.0,0.0,0.0,-2.4618208408355713
2111,1.103466510772705,0.0,0.0,0.0,0.0,0.6239299178123474
2112,0.0,0.0,0.0,0.6303340792655945,0.0,2.6308555603027344
2113,0.0,1.2039541006088257,0.0,0.0,0.0,-0.5590957999229431
2114,0.0,0.7147313356399536,0.0,0.0,0.0,0.5185307860374451
2115,0.0,1.7666258811950684,0.0,0.0,0.0,-2.1259937286376953
2116,2.045215368270874,0.0,0.0,0.0,0.0,-2.369623899459839
2117,0.6477736830711365,0.0,0.0,0.0,0.0,1.146759033203125
2118,0.649544358253479,0.0,0.0,0.0,0.0,1.6683439016342163
2119,0.0,0.7796751856803894,0.0,0.0,0.0,-0.4015158712863922
2120,2.0566182136535645,0.0,0.0,0.0,0.0,-2.388653516769409
2121,1.548243761062622,0.0,0.0,0.0,0.0,-0.12846161425113678
2122,0.0,1.3386062383651733,0.0,0.0,0.0,0.44589129090309143
2123,0.0,1.2572444677352905,0.0,0.0,0.0,0.4670889377593994
2124,1.199642300605774,1.2744431495666504,0.0,0.0,0.0,0.9555696845054626
2125,1.5463112592697144,0.0,0.0,0.0,0.0,-0.1564282327890396
2126,0.28257349133491516,0.23360811173915863,0.25540369749069214,0.0,0.0,3.496248960494995
2127,0.0,0.0,0.0,1.9036517143249512,0.0,-2.329582929611206
2128,0.6352916359901428,0.0,0.0,0.0,0.0,1.3254152536392212
2129,0.0,1.258338212966919,0.0,0.0,0.0,-0.5632398724555969
2130,0.0,0.4693012237548828,0.0,0.0,0.0,1.6562979221343994
2131,0.0,0.46246960759162903,0.0,0.0,0.0,1.5870096683502197
2132,1.1350555419921875,1.0223729610443115,0.0,0.0,0.0,0.11063860356807709
2133,1.677406907081604,0.0,0.0,0.0,0.0,-0.49626079201698303
2134,0.0,0.0,0.0,0.5738075375556946,0.0,3.061537981033325
2135,1.817679762840271,0.0,0.0,0.0,0.0,-1.4567856788635254
2136,0.0,1.7823176383972168,0.0,0.0,0.0,-2.1473002433776855
2137,0.623847246170044,0.5545886754989624,0.0,0.0,0.0,1.5848031044006348
2138,0.0,1.6290231943130493,0.0,0.0,0.0,-1.305652141571045
2139,0.0,1.801498532295227,0.0,0.0,0.0,-2.055968999862671
2140,0.0,1.7562447786331177,0.0,0.0,0.0,-2.203630208969116
2141,0.5730862021446228,0.45180031657218933,0.0,0.0,0.0,1.3107707500457764
2142,0.0,0.8470749855041504,0.0,0.0,0.0,1.7410125732421875
2143,0.0,0.0,0.6448246240615845,0.0,0.0,1.5258814096450806
2144,0.0,1.3667798042297363,0.0,0.0,0.0,-1.1684714555740356
2145,1.2058652639389038,1.0698392391204834,0.0,0.0,0.0,-0.19353504478931427
2146,0.0,1.478873610496521,0.0,0.0,0.0,-0.06922377645969391
2147,0.0,0.3614211976528168,0.0,0.0,0.0,2.56601881980896
2148,0.0,1.754801630973816,0.0,0.0,0.0,-2.118154525756836
2149,0.0,1.385493516921997,0.0,0.0,0.0,-0.7167121767997742
2150,1.3319801092147827,1.2008525133132935,0.0,0.0,0.0,-0.4252895712852478
2151,0.0,0.0,1.355509877204895,0.0,0.0,-0.9590283036231995
2152,2.1039631366729736,0.0,0.0,0.0,0.0,-2.5564310550689697
2153,0.0,1.745165467262268,0.0,0.0,0.0,-2.0693633556365967
2154,0.0,1.2093305587768555,0.0,0.0,0.0,-0.24000047147274017
2155,0.0,0.7513940334320068,0.0,0.0,0.0,0.23682443797588348
2156,2.0981392860412598,0.0,0.0,0.0,0.0,-2.4895553588867188
2157,0.0,1.414110779762268,0.0,0.0,0.0,0.8090102672576904
2158,1.6023473739624023,0.0,0.0,0.0,0.0,-1.2727019786834717
2159,0.0,1.5629185438156128,0.0,0.0,0.0,-0.387333482503891
2160,0.0,1.776545763015747,0.0,0.0,0.0,-1.9956457614898682
2161,0.0,1.7186061143875122,0.0,0.0,0.0,-2.073132276535034
2162,1.785099744796753,0.0,1.6904789209365845,0.0,0.0,-1.665977120399475
2163,0.8753238916397095,0.6667178869247437,0.0,0.0,0.0,0.013586386106908321
2164,1.6895222663879395,0.0,0.0,0.0,0.0,-1.163945198059082
2165,0.0,1.9005241394042969,0.0,0.0,0.0,-2.5772271156311035
2166,2.042036533355713,0.0,0.0,0.0,0.0,-2.3453733921051025
2167,1.9795868396759033,0.0,0.0,0.0,0.0,-2.2096283435821533
2168,0.0,1.7164709568023682,0.0,0.0,0.0,-1.9120063781738281
2169,0.0,1.8165185451507568,0.0,0.0,0.0,-2.234114646911621
2170,1.4819626808166504,0.0,0.0,0.0,0.0,-0.030290916562080383
2171,0.0,0.6909298300743103,0.0,0.0,0.0,1.9684611558914185
2172,1.7903547286987305,0.0,0.0,0.0,0.0,-1.412202000617981
2173,1.9877570867538452,0.0,0.0,0.0,0.0,-2.193943738937378
2174,0.0,0.0,1.3815150260925293,0.0,0.0,-0.6991406083106995
2175,0.0,0.0,1.1759319305419922,0.0,0.0,-0.5065520405769348
2176,0.0,0.0,1.715156078338623,0.0,0.0,-1.688518762588501
2177,0.0,0.0,0.0,1.8653450012207031,0.0,-2.2068676948547363
2178,0.0,0.0,0.0,1.9042352437973022,0.0,-2.3217360973358154
2179,0.0,1.6841578483581543,0.0,0.0,0.0,-0.08600147068500519
2180,2.0574519634246826,0.0,0.0,0.0,0.0,-2.4020297527313232
2181,0.0,0.0,0.92911696434021,0.0,0.0,0.5052347779273987
2182,0.0,1.6749147176742554,0.0,0.0,0.0,-1.3881545066833496
2183,0.0,0.3464314639568329,0.0,0.0,0.0,2.8409230709075928
2184,0.0,0.0,1.8608784675598145,0.0,0.0,-2.083915948867798
2185,0.0,1.1293731927871704,0.0,0.0,0.0,0.2799921929836273
2186,0.0,1.6688878536224365,0.0,0.0,0.0,-1.3237969875335693
2187,0.0,1.865293025970459,0.0,0.0,0.0,-2.462507486343384
2188,0.33342424035072327,0.25649702548980713,0.0,0.0,0.0,2.675076723098755
2189,1.0241159200668335,0.0,0.0,0.0,0.0,0.5068075060844421
2190,0.0,1.6969220638275146,0.0,0.0,0.0,-1.515310287475586
2191,0.0,1.8131006956100464,0.0,0.0,0.0,-2.2881245613098145
2192,1.9278606176376343,1.6963564157485962,0.0,0.0,0.0,-2.0771918296813965
2193,0.0,1.6315737962722778,0.0,0.0,0.0,-1.1201484203338623
2194,0.0,0.33740660548210144,0.4122234880924225,0.0,0.0,2.0509238243103027
2195,0.0,1.7966251373291016,0.0,0.0,0.0,-2.0508012771606445
2196,0.0,1.629455327987671,0.0,0.0,0.0,-1.096653699874878
2197,0.0,1.4383418560028076,0.0,0.0,0.0,-0.7391429543495178
2198,1.986595869064331,0.0,0.0,0.0,0.0,-2.192530870437622
2199,0.7027134895324707,0.5170204639434814,0.0,0.0,0.0,0.5290270447731018
2200,0.0,1.7013603448867798,0.0,0.0,0.0,-0.7858056426048279
2201,0.0,1.7638356685638428,0.0,0.0,0.0,-2.20322322845459
2202,0.0,0.0,0.7391056418418884,0.0,0.0,1.0967838764190674
2203,0.0,1.2013905048370361,0.0,0.0,0.0,-0.5571599006652832
2204,1.204809546470642,0.0,0.0,0.0,0.0,0.40263664722442627
2205,0.9003795385360718,0.0,0.0,0.0,0.0,1.2397310733795166
2206,0.0,1.8243517875671387,0.0,0.0,0.0,-2.3475663661956787
2207,0.0,0.8808707594871521,0.0,0.0,0.0,0.019891366362571716
2208,1.8317062854766846,0.0,0.0,0.0,0.0,-1.6265772581100464
2209,0.0,0.0,0.958291232585907,0.0,0.0,0.12372677028179169
2210,0.0,0.0,0.0,0.8808279037475586,0.0,1.5353137254714966
2211,0.8870831727981567,0.0,0.0,0.0,0.0,1.070044994354248
2212,0.0,1.8836629390716553,0.0,0.0,0.0,-2.552844285964966
2213,0.0,1.7973175048828125,0.0,0.0,0.0,-2.178802490234375
2214,0.0,1.704937219619751,0.0,0.0,0.0,-0.8431505560874939
2215,1.677884817123413,0.0,0.0,0.0,0.0,-1.1465892791748047
2216,0.0,0.7684116959571838,0.0,0.0,0.0,0.631286084651947
2217,0.0,1.7254401445388794,0.0,0.0,0.0,-1.3844482898712158
2218,1.582023024559021,1.4096685647964478,0.0,1.5481903553009033,0.0,-1.115748405456543
2219,0.0,0.0,0.0,0.9288930296897888,0.0,1.125985860824585
2220,0.0,0.8259314298629761,0.0,0.0,0.0,-0.2903161942958832
2221,0.0,0.0,1.0136104822158813,0.0,0.0,0.2368030995130539
2222,0.0,0.5034395456314087,0.0,0.0,0.0,1.342698335647583
2223,0.0,1.2992329597473145,0.0,0.0,0.0,0.04785822331905365
2224,0.0,0.649046003818512,0.7201786637306213,0.9424075484275818,0.0,0.8895835280418396
2225,0.0,0.0,1.0486606359481812,0.0,0.0,0.2676975429058075
2226,0.0,1.6635106801986694,0.0,0.0,0.0,-0.9448339939117432
2227,0.5988211631774902,0.0,0.0,0.0,0.0,2.017993688583374
2228,1.0357334613800049,0.8314324617385864,0.0,1.2007553577423096,0.0,-0.38454288244247437
2229,1.6620160341262817,0.0,0.0,0.0,0.0,-1.0843660831451416
2230,1.7059050798416138,0.0,0.0,0.0,0.0,-1.2613353729248047
2231,0.0,0.0,1.7243919372558594,0.0,0.0,-1.733013391494751
2232,0.0,1.2641531229019165,1.2119923830032349,1.3395100831985474,0.0,-0.31373846530914307
2233,1.3226991891860962,0.0,0.0,0.0,0.0,-0.02476830780506134
2234,1.7603759765625,0.0,0.0,0.0,0.0,-1.4219610691070557
2235,1.6864748001098633,0.0,0.0,0.0,0.0,-1.4613250494003296
2236,0.0,0.3495626449584961,0.0,0.0,0.0,1.6724441051483154
2237,0.0,1.7887651920318604,0.0,0.0,0.0,-2.2093560695648193
2238,2.088928461074829,0.0,0.0,0.0,0.0,-2.5172781944274902
2239,0.0,0.0,0.0,1.8159083127975464,0.0,-2.0243334770202637
2240,0.0,1.3061745166778564,0.0,0.0,0.0,-0.11769111454486847
2241,0.0,1.0818660259246826,0.0,0.998121440410614,0.0,1.289971947669983
2242,0.0,1.3762832880020142,0.0,0.0,0.0,-0.3177623748779297
2243,0.0,1.2526030540466309,0.0,0.0,0.0,-1.007773756980896
2244,1.9608101844787598,0.0,0.0,0.0,0.0,-2.1063125133514404
2245,0.0,0.0,1.8185304403305054,0.0,0.0,-1.974181890487671
2246,0.0,1.7671408653259277,0.0,0.0,0.0,-0.985149621963501
2247,1.2133071422576904,0.0,0.0,0.0,0.0,0.02476494014263153
2248,0.0,1.1165804862976074,0.0,0.0,0.0,0.07175026834011078
2249,1.7244783639907837,0.0,0.0,0.0,0.0,-1.5527305603027344
2250,0.0,1.514101505279541,0.0,0.0,0.0,-0.37781640887260437
2251,0.0,1.4025996923446655,0.0,0.0,0.0,-1.1090314388275146
2252,0.0,0.0,0.0,1.4768577814102173,0.0,-0.7997857928276062
2253,0.0,1.7365912199020386,0.0,0.0,0.0,-1.8572417497634888
2254,0.0,0.5328094959259033,0.0,0.0,0.0,0.532919704914093
2255,1.6359896659851074,0.0,0.0,0.0,0.0,-0.7703147530555725
2256,0.0,0.6822811961174011,0.0,0.0,0.0,0.6067121624946594
2257,0.0,0.7799705862998962,0.0,0.0,0.0,2.0009453296661377
2258,0.33969828486442566,0.2640342712402344,0.0,0.0,0.0,2.6501755714416504
2259,0.0,1.7893809080123901,0.0,0.0,0.0,-2.159357786178589
2260,1.9734021425247192,0.0,0.0,0.0,0.0,-2.1411378383636475
2261,0.0,1.7650222778320312,0.0,0.0,0.0,-2.1454732418060303
2262,0.0,1.6284229755401611,0.0,0.0,0.0,-1.2004683017730713
2263,0.0,0.0,0.8736746907234192,0.0,0.0,0.3627740144729614
2264,0.0,0.584100604057312,0.0,0.0,0.0,0.9380735158920288
2265,0.0,0.9676835536956787,0.0,0.0,0.0,0.10517488420009613
2266,0.0,1.0655611753463745,0.0,0.0,0.0,-0.2364419847726822
2267,0.0,1.0696253776550293,0.0,0.0,0.0,-1.009183645248413
2268,0.0,1.7277195453643799,0.0,0.0,0.0,-1.4924499988555908
2269,0.0,1.7737394571304321,0.0,0.0,0.0,-2.071120500564575
2270,0.0,0.33669009804725647,0.0,0.0,0.0,3.0868113040924072
2271,0.9276266694068909,0.9312967658042908,0.0,0.0,0.0,1.2848656177520752
2272,0.0,0.38472089171409607,0.0,0.0,0.0,1.4201433658599854
2273,1.2861725091934204,0.0,0.0,0.0,0.0,0.5208033919334412
2274,0.0,0.0,1.3754829168319702,0.0,0.0,-0.8990328907966614
2275,1.9769361019134521,0.0,0.0,0.0,0.0,-2.157975435256958
2276,0.0,0.7772462964057922,0.0,0.0,0.0,0.9811113476753235
2277,0.0,1.6165246963500977,0.0,0.0,0.0,-1.2456870079040527
2278,0.0,1.7116000652313232,0.0,0.0,0.0,0.009825034998357296
2279,0.0,1.1066144704818726,0.0,0.0,0.0,0.28419336676597595
2280,0.0,1.4048796892166138,0.0,0.0,0.0,0.15605823695659637
2281,1.2283546924591064,0.0,0.0,1.2200595140457153,0.0,0.33048126101493835
2282,2.049004077911377,0.0,0.0,0.0,0.0,-2.397857666015625
2283,2.016650438308716,0.0,0.0,0.0,0.0,-2.2965617179870605
2284,0.0,1.8603473901748657,0.0,0.0,0.0,-2.5700981616973877
2285,0.0,1.7890366315841675,0.0,0.0,0.0,-2.174691677093506
2286,0.0,0.8557029366493225,0.0,0.0,0.0,0.723378598690033
2287,0.0,1.4806303977966309,0.0,0.0,0.0,-0.9930487275123596
2288,0.0,1.7004706859588623,0.0,0.0,0.0,-1.4962356090545654
2289,0.0,1.003420352935791,0.0,0.0,0.0,1.1845526695251465
2290,1.6087735891342163,0.0,0.0,0.0,0.0,-1.0004088878631592
2291,1.0533686876296997,0.0,0.0,0.0,0.0,0.36715856194496155
2292,0.7719975709915161,0.0,0.0,0.0,0.0,0.8543958067893982
2293,0.0,0.6918476819992065,0.0,0.0,0.0,1.0537978410720825
2294,1.5944474935531616,0.0,0.0,0.0,0.0,-1.5644052028656006
2295,0.0,1.5240612030029297,1.572906732559204,0.0,0.0,-1.324488878250122
2296,0.0,1.645887851715088,0.0,0.0,0.0,-1.254807949066162
2297,0.0,1.1383438110351562,0.0,0.0,0.0,0.7072060108184814
2298,0.0,1.2111536264419556,0.0,0.0,0.0,1.1767312288284302
2299,0.0,0.0,1.8519641160964966,0.0,0.0,-2.073664426803589
2300,1.3473824262619019,0.0,0.0,0.0,0.0,-0.07867665588855743
2301,0.0,1.5939371585845947,0.0,0.0,0.0,-0.9928247332572937
2302,0.0,1.8467919826507568,0.0,0.0,0.0,-2.3920624256134033
2303,0.0,1.6764785051345825,0.0,0.0,0.0,-1.3464090824127197
2304,0.0,1.3284331560134888,0.0,0.0,0.0,-1.3560118675231934
2305,0.0,1.7654860019683838,0.0,0.0,0.0,-1.5271713733673096
2306,0.0,1.7945619821548462,0.0,0.0,0.0,-2.1614654064178467
2307,0.0,1.123595118522644,0.0,0.0,0.0,-0.000431613065302372
2308,0.7501385807991028,0.5964789986610413,0.0,0.0,0.0,0.598468005657196
2309,1.4132459163665771,1.4464187622070312,0.0,0.0,0.0,0.2343660444021225
2310,0.0,1.304921269416809,0.0,0.0,0.0,-0.6659002900123596
2311,1.0714539289474487,0.0,0.0,0.0,0.0,0.6671345829963684
2312,0.0,1.1409584283828735,0.0,0.0,0.0,-0.3614984154701233
2313,1.9669452905654907,0.0,0.0,0.0,0.0,-2.1507198810577393
2314,0.0,0.0,1.046454668045044,0.0,0.0,0.13835833966732025
2315,1.072843313217163,0.0,0.0,0.0,0.0,0.6762346625328064
2316,0.0,1.8129514455795288,0.0,0.0,0.0,-2.308265447616577
2317,1.1080163717269897,0.0,0.0,0.0,0.0,-0.38678863644599915
2318,1.538091778755188,0.0,0.0,0.0,0.0,-0.5823530554771423
2319,0.0,0.0,0.0,1.181654691696167,0.0,0.2163669317960739
2320,0.0,0.3587881028652191,0.0,0.0,0.0,1.725988745689392
2321,0.0,1.644433617591858,0.0,0.0,0.0,-1.4014352560043335
2322,0.0,0.0,0.0,1.514102578163147,0.0,-0.8635048270225525
2323,2.013481855392456,0.0,0.0,0.0,0.0,-2.2343332767486572
2324,1.9845492839813232,0.0,0.0,0.0,0.0,-2.173297882080078
2325,0.0,1.726143717765808,0.0,0.0,0.0,-1.3613529205322266
2326,0.0,1.6128777265548706,0.0,0.0,0.0,-0.4493182599544525
2327,0.0,0.7263467907905579,0.0,0.0,0.0,-0.04350508749485016
2328,2.0653133392333984,0.0,0.0,0.0,0.0,-2.4069173336029053
2329,0.0,1.7860119342803955,0.0,0.0,0.0,-2.13745379447937
2330,1.7892591953277588,0.0,0.0,0.0,0.0,-1.4269694089889526
2331,0.0,0.3498111665248871,0.0,0.0,0.0,2.9677021503448486
2332,0.0,1.5444906949996948,0.0,0.0,0.0,-1.0284372568130493
2333,0.0,1.1505018472671509,0.0,0.0,0.0,-1.1784271001815796
2334,0.0,1.5106128454208374,0.0,0.0,0.0,-0.1547866016626358
2335,0.0,0.0,0.7220598459243774,0.0,0.0,1.1203194856643677
2336,0.0,1.5581550598144531,0.0,0.0,0.0,-0.1849260777235031
2337,1.1686466932296753,0.0,0.0,0.0,0.0,0.4028363525867462
2338,0.0,1.2244846820831299,1.1415587663650513,1.2930701971054077,0.0,-0.055295541882514954
2339,0.0,1.7948096990585327,0.0,0.0,0.0,-2.283729076385498
2340,0.0,1.7091530561447144,0.0,0.0,0.0,-0.006895200349390507
2341,0.0,1.8136565685272217,0.0,0.0,0.0,-2.39072585105896
2342,1.3755751848220825,0.0,0.0,0.0,0.0,0.3352239429950714
2343,0.0,1.5996332168579102,0.0,0.0,0.0,-1.0742378234863281
2344,0.8319854736328125,0.0,0.0,0.0,0.0,1.3572108745574951
2345,0.0,1.8144118785858154,0.0,0.0,0.0,-2.417551040649414
2346,0.9276041388511658,0.8676651120185852,0.8054569363594055,0.0,0.0,0.866316556930542
2347,0.0,0.6853407025337219,0.0,0.0,0.0,1.1684244871139526
2348,0.0,1.1611436605453491,0.0,0.0,0.0,0.5775707364082336
2349,0.42035946249961853,0.0,0.0,0.0,0.0,2.053424119949341
2350,0.3252772092819214,0.2789181172847748,0.0,0.0,0.0,3.2252652645111084
2351,2.087717056274414,0.0,0.0,0.0,0.0,-2.466945171356201
2352,0.0,1.8313605785369873,0.0,0.0,0.0,-2.4509339332580566
2353,0.0,0.0,0.0,1.779740810394287,0.0,-1.8625644445419312
2354,0.0,1.7399115562438965,0.0,0.0,0.0,-1.943307638168335
2355,0.0,1.6634632349014282,0.0,0.0,0.0,0.3106814920902252
2356,0.0,1.5356028079986572,0.0,0.0,0.0,-1.0083990097045898
2357,0.0,0.0,1.7368879318237305,0.0,0.0,-1.751313328742981
2358,1.369297981262207,1.306657075881958,0.0,1.3252326250076294,0.0,-0.14732582867145538
2359,0.5514116287231445,0.0,0.0,0.0,0.0,1.5936577320098877
2360,0.48095160722732544,0.4475959539413452,0.0,0.6377160549163818,0.0,2.1875181198120117
2361,0.0,0.0,0.0,1.6422460079193115,0.0,-1.5719003677368164
2362,1.4094945192337036,0.0,0.0,0.0,0.0,-0.9819586277008057
2363,0.0,1.2262866497039795,0.0,0.0,0.0,-1.2363446950912476
2364,0.0,0.5970318913459778,0.0,0.0,0.0,1.9194657802581787
2365,0.0,1.3525985479354858,0.0,0.0,0.0,0.8960299491882324
2366,0.0,0.8598200678825378,0.0,0.0,0.0,1.868725299835205
2367,0.0,0.0,1.019047737121582,0.0,0.0,0.0618584007024765
2368,0.3161484897136688,0.2658800184726715,0.0,0.0,0.0,3.240023374557495
2369,0.0,0.0,1.2935558557510376,0.0,0.0,-0.6447259783744812
2370,0.0,1.6670693159103394,0.0,0.0,0.0,-1.300392985343933
2371,0.0,1.0472666025161743,0.0,0.0,0.0,-1.207088828086853
2372,0.3183317482471466,0.27410727739334106,0.0,0.0,0.0,3.2813899517059326
2373,2.001019239425659,0.0,0.0,0.0,0.0,-2.2316091060638428
2374,0.0,0.9183018803596497,0.0,0.0,0.0,0.3668835461139679
2375,0.0,0.7236682176589966,0.0,0.0,0.0,-0.39115849137306213
2376,1.9603934288024902,0.0,0.0,0.0,0.0,-2.081554412841797
2377,0.0,1.8559173345565796,0.0,0.0,0.0,-2.4575231075286865
2378,0.0,1.5638960599899292,0.0,1.6297978162765503,0.0,-1.3308942317962646
2379,0.0,1.5482114553451538,0.0,0.0,0.0,-0.4051314890384674
2380,0.0,0.9408863186836243,0.0,0.0,0.0,-0.09846015274524689
2381,0.0,1.8026421070098877,0.0,0.0,0.0,-2.2970333099365234
2382,0.0,1.61142098903656,0.0,0.0,0.0,-1.196861982345581
2383,0.0,1.2146661281585693,0.0,0.0,0.0,-1.455101728439331
2384,0.0,1.409698724746704,0.0,0.0,0.0,-1.6429195404052734
2385,0.0,1.6443032026290894,0.0,0.0,0.0,-0.5648254752159119
2386,0.0,1.599335789680481,0.0,0.0,0.0,-0.023465171456336975
2387,0.0,0.0,0.0,1.9599343538284302,0.0,-2.533907651901245
2388,0.0,0.9792864322662354,0.0,0.0,0.0,0.6598872542381287
2389,0.0,1.7633202075958252,0.0,0.0,0.0,-2.040966749191284
2390,0.0,1.835347056388855,0.0,0.0,0.0,-2.313366651535034
2391,0.0,0.8517394661903381,0.0,0.0,0.0,1.2686245441436768
2392,0.0,0.7449616193771362,0.0,0.0,0.0,2.060208797454834
2393,0.0,0.854435920715332,0.0,0.0,0.0,0.5762508511543274
2394,0.0,0.7591139078140259,0.0,0.0,0.0,-0.4507519006729126
2395,0.0,0.0,0.0,1.9388405084609985,0.0,-2.4480133056640625
2396,0.0,0.8890523314476013,0.0,0.0,0.0,1.0919177532196045
2397,1.5364062786102295,0.0,0.0,0.0,0.0,-0.18691910803318024
2398,0.0,1.7915477752685547,0.0,0.0,0.0,-2.2191593647003174
2399,1.3129644393920898,0.0,0.0,0.0,0.0,-0.3135322332382202
2400,1.690618872642517,0.0,0.0,0.0,0.0,-1.1438286304473877
2401,0.0,0.7815487384796143,0.0,0.0,0.0,0.3345843255519867
2402,0.0,0.33328625559806824,0.0,0.0,0.0,2.9734718799591064
2403,0.0,1.8116377592086792,0.0,0.0,0.0,-2.1219117641448975
2404,0.0,0.9149278402328491,0.0,0.0,0.0,-0.14406068623065948
2405,0.0,1.160946249961853,0.0,0.0,0.0,0.9373920559883118
2406,0.0,1.7560960054397583,0.0,0.0,0.0,-1.90263831615448
2407,0.0,0.6758575439453125,0.0,0.0,0.0,0.7198312878608704
2408,0.0,1.7575891017913818,0.0,0.0,0.0,-2.072815418243408
2409,0.0,1.8017133474349976,0.0,0.0,0.0,-2.1868903636932373
2410,0.0,1.5016175508499146,0.0,0.0,0.0,-1.236140251159668
2411,1.3605009317398071,0.0,0.0,0.0,0.0,-0.12391437590122223
2412,0.0,1.8033714294433594,0.0,0.0,0.0,-2.2266509532928467
2413,1.5655527114868164,0.0,0.0,0.0,0.0,-0.2277485579252243
2414,0.0,1.2013472318649292,0.0,0.0,0.0,-0.9478561282157898
2415,0.0,0.0,1.9060263633728027,0.0,0.0,-2.2159106731414795
2416,0.0,0.0,0.0,0.6653408408164978,0.0,2.4602465629577637
2417,0.79380202293396,0.0,0.0,0.0,0.0,1.1985340118408203
2418,0.0,0.2988736033439636,0.0,0.5421361327171326,0.0,3.260026693344116
2419,1.2342075109481812,0.0,0.0,0.0,0.0,-0.049975112080574036
2420,1.9775334596633911,0.0,0.0,1.8664056062698364,0.0,-2.25576114654541
2421,0.0,0.0,1.83506441116333,0.0,0.0,-1.9979090690612793
2422,0.41380321979522705,0.34096837043762207,0.0,0.0,0.0,2.2192468643188477
2423,0.0,0.0,1.055405855178833,0.0,0.0,-0.2739890217781067
2424,0.0,1.8202654123306274,0.0,0.0,0.0,-2.3152782917022705
2425,0.0,1.6297128200531006,0.0,0.0,0.0,-0.708239734172821
2426,0.4316134750843048,0.36910152435302734,0.0,0.0,0.0,2.3784773349761963
2427,0.0,1.613329291343689,0.0,0.0,0.0,-1.1512584686279297
2428,0.0,1.6297475099563599,0.0,0.0,0.0,-1.145643949508667
2429,0.5294055938720703,0.0,0.0,0.0,0.0,1.5085058212280273
2430,0.0,1.6459124088287354,0.0,0.0,0.0,-1.3036044836044312
2431,0.0,0.6713592410087585,0.0,0.0,0.0,1.6775076389312744
2432,0.0,0.0,0.8371927738189697,0.0,0.0,0.7585933208465576
2433,0.0,0.4084376096725464,0.0,0.0,0.0,1.1687487363815308
2434,0.0,1.1346901655197144,0.0,0.0,0.0,-1.3418657779693604
2435,0.0,0.927802324295044,0.0,0.0,0.0,1.2466504573822021
2436,0.0,1.5272636413574219,0.0,0.0,0.0,-0.3143594264984131
2437,1.2888078689575195,0.0,0.0,0.0,0.0,-0.5113406181335449
2438,0.0,1.6283036470413208,0.0,0.0,0.0,-1.253381371498108
2439,0.0,0.3226012885570526,0.0,0.0,0.0,2.5630674362182617
2440,0.0,1.8223024606704712,0.0,0.0,0.0,-2.242879629135132
2441,0.0,1.0684009790420532,0.0,0.0,0.0,0.4467501938343048
2442,0.0,1.612733006477356,0.0,0.0,0.0,-1.1504662036895752
2443,0.0,1.7657629251480103,0.0,0.0,0.0,-1.97200608253479
2444,0.9689604640007019,0.0,0.0,0.0,0.0,0.6039993762969971
2445,0.0,0.7050974369049072,0.0,0.0,0.0,1.2855534553527832
2446,0.0,1.6430397033691406,0.0,0.0,0.0,-1.0879368782043457
2447,0.0,0.6983768939971924,0.0,0.0,0.0,0.003019138239324093
2448,0.0,0.405526340007782,0.42177286744117737,0.0,0.0,2.2292773723602295
2449,0.0,0.5396921038627625,0.0,0.0,0.0,0.45231643319129944
2450,0.0,1.4420911073684692,0.0,0.0,0.0,-0.10456420481204987
2451,0.0,0.0,1.090647578239441,0.0,0.0,0.07587413489818573
2452,0.3332515060901642,0.2662656605243683,0.0,0.0,0.0,2.7771008014678955
2453,0.0,0.8021560907363892,0.0,0.0,0.0,0.6304818391799927
2454,0.0,1.5837807655334473,0.0,0.0,0.0,-1.0283377170562744
2455,1.4372519254684448,0.0,0.0,0.0,0.0,-0.9546681046485901
2456,0.0,0.4518837034702301,0.0,0.667108952999115,0.0,2.3073596954345703
2457,0.0,1.632700800895691,0.0,0.0,0.0,-0.6291956901550293
2458,0.0,1.9200729131698608,0.0,0.0,0.0,-2.645726442337036
2459,0.0,1.7841352224349976,0.0,0.0,0.0,-2.151803731918335
2460,0.48235780000686646,0.44904300570487976,0.0,0.0,0.0,2.3732354640960693
2461,0.0,0.0,0.35822346806526184,0.5809023380279541,0.0,2.6254565715789795
2462,0.0,0.7676992416381836,0.0,0.0,0.0,1.10450279712677
2463,0.0,0.683443546295166,0.0,0.0,0.0,1.5892517566680908
2464,1.4139628410339355,0.0,0.0,0.0,0.0,-0.39906924962997437
2465,0.0,0.9186229109764099,0.0,0.0,0.0,0.7178231477737427
2466,2.051119089126587,0.0,0.0,0.0,0.0,-2.3468997478485107
2467,0.0,0.0,0.0,2.0291965007781982,0.0,-2.747255563735962
2468,0.0,1.5978494882583618,0.0,0.0,0.0,-1.1386666297912598
2469,0.0,1.5840609073638916,0.0,0.0,0.0,-0.9661821126937866
2470,0.0,0.899320662021637,0.0,0.0,0.0,-0.854457676410675
2471,0.0,0.695556640625,0.0,1.0645705461502075,0.0,0.2758472263813019
2472,0.715488076210022,0.6397135853767395,0.0,0.0,0.0,1.3271143436431885
2473,0.0,1.7508348226547241,0.0,0.0,0.0,-1.8794668912887573
2474,0.0,0.5473636984825134,0.6763463616371155,0.0,0.0,0.8790794014930725
2475,1.2204928398132324,0.0,0.0,0.0,0.0,0.5370063185691833
2476,0.0,0.3249262273311615,0.0,0.0,0.0,2.74068284034729
2477,2.0673625469207764,0.0,0.0,0.0,0.0,-2.4187815189361572
2478,0.49506303668022156,0.0,0.401045024394989,0.0,0.0,2.6898319721221924
2479,0.0,1.765924334526062,0.0,0.0,0.0,-2.123823881149292
2480,0.0,1.6698991060256958,0.0,0.0,0.0,-0.8926947116851807
2481,0.0,1.8463208675384521,0.0,0.0,0.0,-2.448031425476074
2482,0.0,0.7565652132034302,0.0,0.0,0.0,-0.2796149253845215
2483,0.0,0.0,0.812908411026001,0.0,0.0,0.9317401051521301
2484,0.0,1.7836781740188599,0.0,0.0,0.0,-2.2302238941192627
2485,0.0,1.7059844732284546,0.0,0.0,0.0,-0.9067993760108948
2486,0.0,0.0,0.0,1.4478012323379517,0.0,-0.6807377338409424
2487,0.0,1.695659875869751,0.0,0.0,0.0,-1.822255253791809
2488,0.0,1.0835689306259155,0.0,0.0,0.0,-1.1638691425323486
2489,0.0,0.6321297287940979,0.0,0.0,0.0,1.005272388458252
2490,0.0,1.7591699361801147,0.0,0.0,0.0,-2.115483283996582
2491,0.0,0.0,0.0,1.8818050622940063,0.0,-2.2499539852142334
2492,0.0,0.5416317582130432,0.0,0.0,0.0,1.5132180452346802
2493,0.0,1.6751782894134521,0.0,0.0,0.0,-1.2628902196884155
2494,0.0,0.5641340613365173,0.5397927761077881,0.0,0.0,1.8102761507034302
2495,0.7307654023170471,0.5847368836402893,0.0,0.0,0.0,0.7485244274139404
2496,2.0686182975769043,0.0,0.0,0.0,0.0,-2.490445613861084
2497,0.0,1.3875336647033691,0.0,0.0,0.0,-0.6629138588905334
2498,2.035937547683716,0.0,0.0,0.0,0.0,-2.350571632385254
2499,0.0,1.7990537881851196,0.0,0.0,0.0,-1.2297241687774658
2500,0.0,0.0,0.0,1.8303184509277344,0.0,-2.074338674545288
2501,1.1430431604385376,0.0,0.0,0.0,0.0,0.5714120268821716
2502,0.0,1.6070274114608765,0.0,0.0,0.0,-0.559099018573761
2503,0.0,1.7774008512496948,0.0,0.0,0.0,-2.1307406425476074
2504,0.6786814332008362,0.5725069046020508,0.6397778391838074,0.0,0.0,1.168454647064209
2505,0.0,1.1113890409469604,0.0,0.0,0.0,0.319252073764801
2506,0.0,0.8670907616615295,0.0,0.0,0.0,-0.5074007511138916
2507,0.0,0.2776697278022766,0.27830708026885986,0.544368326663971,0.0,3.4490201473236084
2508,0.0,0.8064860105514526,0.0,0.0,0.0,1.29136323928833
2509,0.5460373759269714,0.0,0.0,0.0,0.0,1.3003112077713013
2510,0.0,0.513325035572052,0.0,0.0,0.0,2.2510898113250732
2511,0.0,1.6437897682189941,1.7900205850601196,0.0,0.0,-1.9273269176483154
2512,0.40612176060676575,0.3435749411582947,0.0,0.0,0.0,2.790388822555542
2513,0.0,0.9020465016365051,0.0,0.0,0.0,1.09421706199646
2514,0.0,1.1860194206237793,0.0,0.0,0.0,-0.0989355593919754
2515,0.8558650612831116,0.0,0.0,0.0,0.0,0.46805647015571594
2516,0.3218607008457184,0.2718193829059601,0.0,0.0,0.0,3.1987273693084717
2517,0.0,0.8630697131156921,0.0,0.0,0.0,0.11872677505016327
2518,0.0,1.1713510751724243,0.0,0.0,0.0,-0.7853713035583496
2519,0.0,1.7753549814224243,0.0,0.0,0.0,-2.242701530456543
2520,0.0,1.522699236869812,0.0,0.0,0.0,-0.8649487495422363
2521,0.5045233964920044,0.4056299328804016,0.0,0.0,0.0,1.706539511680603
2522,1.0301742553710938,0.8103492259979248,0.0,0.0,0.0,-0.3538965880870819
2523,0.5932855606079102,0.48686277866363525,0.5749967694282532,0.0,0.0,1.3157026767730713
2524,0.0,1.8750675916671753,0.0,0.0,0.0,-2.5579261779785156
2525,0.0,1.552424430847168,0.0,0.0,0.0,0.23947541415691376
2526,1.006239652633667,0.0,0.0,0.0,0.0,0.3859938681125641
2527,0.0,0.6481239795684814,0.0,0.0,0.0,0.07530312240123749
2528,0.765918493270874,0.0,0.0,0.0,0.0,0.6676138043403625
2529,0.0,0.8271628022193909,0.0,0.0,0.0,1.741936206817627
2530,0.0,0.0,0.0,1.925258755683899,0.0,-2.3970491886138916
2531,0.0,0.0,1.732975721359253,0.0,0.0,-1.7348711490631104
2532,1.4335788488388062,0.0,0.0,0.0,0.0,-0.5734518766403198
2533,1.6322451829910278,0.0,0.0,0.0,0.0,-0.9782983660697937
2534,0.6949061155319214,0.0,0.0,0.0,0.0,1.8707058429718018
2535,0.606440007686615,0.5563433766365051,0.0,0.7645195722579956,0.0,1.8839056491851807
2536,0.0,1.8888407945632935,0.0,0.0,0.0,-2.512097120285034
2537,0.0,0.7254617810249329,0.0,0.0,0.0,0.6599647998809814
2538,0.0,1.1633778810501099,0.0,0.0,0.0,-1.1682970523834229
2539,0.0,1.8114503622055054,0.0,0.0,0.0,-2.276920795440674
2540,0.0,1.840235710144043,0.0,0.0,0.0,-2.4144976139068604
2541,0.0,0.0,1.8434901237487793,0.0,0.0,-2.0272293090820312
2542,0.0,1.7559665441513062,0.0,0.0,0.0,-0.7877519726753235
2543,0.0,1.211538553237915,0.0,0.0,0.0,-1.0107738971710205
2544,0.0,0.662995457649231,0.0,0.0,0.0,0.8966391682624817
2545,0.0,0.31789863109588623,0.0,0.0,0.0,3.130796432495117
2546,1.6412676572799683,0.0,0.0,0.0,0.0,-0.7944418787956238
2547,0.0,0.0,0.0,1.3071736097335815,0.0,-0.317391037940979
2548,0.0,1.4027717113494873,0.0,0.0,0.0,-0.37943676114082336
2549,0.0,0.3813258707523346,0.0,0.0,0.0,1.5195218324661255
2550,0.0,0.0,1.8720448017120361,0.0,0.0,-2.096646308898926
2551,0.0,0.8330717086791992,0.0,0.0,0.0,1.0096590518951416
2552,0.0,0.0,1.7851603031158447,0.0,0.0,-1.9036083221435547
2553,0.0,0.0,1.3331613540649414,0.0,0.0,-0.7406520247459412
2554,0.0,1.8130614757537842,0.0,0.0,0.0,-2.323136568069458
2555,0.0,0.9321209192276001,0.0,0.0,0.0,0.772114634513855
2556,0.0,0.0,1.7241158485412598,0.0,0.0,-1.7377082109451294
2557,0.0,0.9269225001335144,0.0,0.0,0.0,-0.37259936332702637
2558,0.0,1.0339874029159546,0.0,0.0,0.0,0.6774277687072754
2559,0.0,0.0,1.8810579776763916,0.0,0.0,-2.154179573059082
2560,1.467998743057251,0.0,0.0,0.0,0.0,-0.3386304974555969
2561,0.663757860660553,0.0,0.0,0.0,0.0,1.4066290855407715
2562,0.38524457812309265,0.0,0.0,0.0,0.0,3.124936580657959
2563,1.4605542421340942,0.0,0.0,0.0,0.0,-0.28035596013069153
2564,1.6120766401290894,0.0,0.0,0.0,0.0,-0.3894402086734772
2565,0.0,1.5605864524841309,0.0,0.0,0.0,-1.0358545780181885
2566,0.0,0.0,0.9521392583847046,0.0,0.0,0.18356065452098846
2567,0.0,0.9436759352684021,0.0,0.0,0.0,1.1762433052062988
2568,0.3351213335990906,0.2592052221298218,0.0,0.0,0.0,2.66770339012146
2569,0.0,1.6818437576293945,0.0,0.0,0.0,-0.895618736743927
2570,0.0,0.4918990135192871,0.0,0.0,0.0,0.6885241866111755
2571,0.799913227558136,0.0,0.0,0.0,0.0,1.141729712486267
2572,0.0,1.1307854652404785,0.0,0.0,0.0,-0.7723904252052307
2573,0.0,1.7644011974334717,0.0,0.0,0.0,-1.6690634489059448
2574,0.0,0.0,0.0,1.8873084783554077,0.0,-2.27886700630188
2575,1.9333698749542236,1.6870845556259155,0.0,0.0,0.0,-2.154205799102783
2576,0.0,0.49406883120536804,0.0,0.0,0.0,0.5533139109611511
2577,0.0,0.0,1.227950096130371,0.0,0.0,-0.48895904421806335
2578,0.0,1.8010512590408325,0.0,0.0,0.0,-2.2461111545562744
2579,1.900743842124939,0.0,0.0,0.0,0.0,-1.7172062397003174
2580,0.6818640232086182,0.6021985411643982,0.615114152431488,0.0,0.0,1.379767656326294
2581,0.0,0.0,1.3007915019989014,0.0,0.0,-0.5398752093315125
2582,0.0,0.3899011015892029,0.0,0.0,0.0,2.084925413131714
2583,0.0,1.1257941722869873,0.0,0.0,0.0,0.20412860810756683
2584,0.0,1.6469110250473022,0.0,0.0,0.0,-1.1562020778656006
2585,0.0,1.0644620656967163,0.0,0.0,0.0,-0.43854835629463196
2586,1.6698819398880005,1.5215333700180054,0.0,0.0,0.0,-1.1728838682174683
2587,0.0,1.1071025133132935,0.0,0.0,0.0,-0.9607721567153931
2588,0.0,0.0,0.0,1.6630696058273315,0.0,-1.4258861541748047
2589,0.7300841808319092,0.5416936874389648,0.0,0.0,0.0,0.4092777371406555
2590,0.0,0.0,1.8400113582611084,0.0,0.0,-2.041299343109131
2591,0.0,0.0,0.0,0.5628951787948608,0.0,3.1412453651428223
2592,1.5714035034179688,0.0,0.0,0.0,0.0,-1.455881118774414
2593,0.0,1.636500358581543,0.0,0.0,0.0,-1.3263835906982422
2594,1.6592234373092651,1.5068557262420654,0.0,0.0,0.0,-1.2032729387283325
2595,0.0,1.209421157836914,0.0,0.0,0.0,-0.43937426805496216
2596,0.0,1.7509218454360962,0.0,0.0,0.0,-2.0619747638702393
2597,0.0,1.6595046520233154,0.0,0.0,0.0,-1.1773537397384644
2598,0.504726231098175,0.0,0.0,0.0,0.0,2.3095812797546387
2599,0.0,1.8726539611816406,0.0,0.0,0.0,-2.523679256439209
2600,0.0,1.3846418857574463,0.0,0.0,0.0,-1.2028847932815552
2601,0.0,0.7281599044799805,0.0,0.0,0.0,-0.13432975113391876
2602,0.0,1.1399649381637573,0.0,0.0,0.0,-0.15965153276920319
2603,0.0,0.9084106683731079,0.0,0.0,0.0,1.3796582221984863
2604,0.8863520622253418,0.0,0.0,0.0,0.0,0.6070968508720398
2605,0.0,0.5409591197967529,0.0,0.0,0.0,1.3156574964523315
2606,0.0,1.773811936378479,0.0,0.0,0.0,-2.0824708938598633
2607,0.0,1.6400200128555298,0.0,0.0,0.0,-1.335129976272583
2608,1.9725874662399292,0.0,0.0,0.0,0.0,-2.1514289379119873
2609,0.0,0.9466720819473267,0.0,0.0,0.0,0.029732629656791687
2610,0.0,1.6273077726364136,0.0,0.0,0.0,-1.3272006511688232
2611,0.0,0.0,1.744339108467102,0.0,0.0,-1.7760614156723022
2612,0.0,1.8826578855514526,0.0,0.0,0.0,-2.554180145263672
2613,0.9642020463943481,0.0,0.0,0.0,0.0,0.05255143344402313
2614,0.0,0.0,1.0959899425506592,0.0,0.0,0.0627208799123764
2615,1.7250221967697144,0.0,0.0,0.0,0.0,-1.2894195318222046
2616,0.8853885531425476,0.8174049258232117,0.0,0.9849016070365906,0.0,0.8710601925849915
2617,0.0,0.3848820924758911,0.0,0.0,0.0,1.8022022247314453
2618,0.0,1.6301164627075195,0.0,0.0,0.0,-1.0508993864059448
2619,0.0,0.6606550812721252,0.7896618843078613,0.0,0.0,0.48048269748687744
2620,0.0,1.5874741077423096,0.0,0.0,0.0,-0.9836956262588501
2621,0.0,1.2360626459121704,0.0,0.0,0.0,0.13732783496379852
2622,0.0,0.30291450023651123,0.0,0.0,0.0,3.1092865467071533
2623,0.0,0.0,0.0,1.8716480731964111,0.0,-2.234466552734375
2624,0.0,1.7205814123153687,0.0,0.0,0.0,-2.045299530029297
2625,0.8750714063644409,0.0,0.0,0.0,0.0,1.4400856494903564
2626,0.0,0.0,1.1022634506225586,0.0,0.0,0.058647558093070984
2627,1.36932373046875,0.0,0.0,0.0,0.0,-0.45076438784599304
2628,0.0,0.0,1.7705503702163696,0.0,0.0,-1.8241972923278809
2629,1.93100106716156,0.0,0.0,0.0,0.0,-2.0206127166748047
2630,0.0,1.1705060005187988,0.0,0.0,0.0,0.5791948437690735
2631,0.0,0.0,1.875167727470398,0.0,0.0,-2.1248087882995605
2632,0.0,1.3193552494049072,1.284853219985962,0.0,0.0,-0.526688277721405
2633,0.0,1.7496445178985596,0.0,0.0,0.0,-2.0330514907836914
2634,0.8048728704452515,0.0,0.0,0.0,0.0,1.3352500200271606
2635,0.0,1.3258898258209229,0.0,0.0,0.0,-1.2193946838378906
2636,0.0,0.0,0.0,0.5539641976356506,0.0,3.3309690952301025
2637,0.0,1.7775177955627441,0.0,0.0,0.0,-2.064100503921509
2638,0.3546067178249359,0.3107759654521942,0.32217463850975037,0.0,0.0,2.8278253078460693
2639,0.0,0.366855651140213,0.0,0.0,0.0,2.944084644317627
2640,0.0,1.274572730064392,1.2470515966415405,1.3669097423553467,0.0,-0.441893607378006
2641,0.0,1.4134536981582642,0.0,0.0,0.0,-1.3731281757354736
2642,0.0,1.089483380317688,0.0,0.0,0.0,0.48672226071357727
2643,0.0,0.0,0.9327487945556641,0.0,0.0,0.5775853991508484
2644,2.0043861865997314,0.0,0.0,0.0,0.0,-2.256657838821411
2645,1.3553855419158936,1.2758517265319824,0.0,1.327701210975647,0.0,-0.1654462367296219
2646,0.0,1.1677255630493164,0.0,0.0,0.0,-1.1679582595825195
2647,0.0,1.7447137832641602,0.0,0.0,0.0,-1.630305528640747
2648,2.153244733810425,0.0,0.0,0.0,0.0,-2.6681792736053467
2649,0.0,1.902482509613037,0.0,0.0,0.0,-2.5331599712371826
2650,1.9512325525283813,1.7006566524505615,0.0,0.0,0.0,-2.1847972869873047
2651,0.0,1.7795486450195312,0.0,0.0,0.0,-2.2795162200927734
2652,0.0,1.5920209884643555,0.0,0.0,0.0,-1.0946106910705566
2653,0.0,1.6870148181915283,0.0,0.0,0.0,-1.2850223779678345
2654,0.0,1.7576125860214233,0.0,0.0,0.0,-2.2723660469055176
2655,0.0,0.6713513731956482,0.0,0.0,0.0,0.4133056104183197
2656,0.0,1.3641877174377441,0.0,0.0,0.0,-0.8804852366447449
2657,0.0,0.693247377872467,0.0,0.0,0.0,1.7705950736999512
2658,0.0,0.31879255175590515,0.342327743768692,0.5822660326957703,0.0,2.6452248096466064
2659,0.0,0.0,1.8865691423416138,0.0,0.0,-2.162666082382202
2660,0.0,1.576865792274475,0.0,0.0,0.0,0.22667066752910614
2661,0.0,0.0,0.0,1.4753481149673462,0.0,-0.8197768330574036
2662,0.0,1.803774356842041,0.0,0.0,0.0,-2.1688449382781982
2663,0.956548273563385,0.0,0.0,0.0,0.0,0.24263392388820648
2664,0.0,1.6171913146972656,0.0,0.0,0.0,0.06298069655895233
2665,0.0,1.5866367816925049,0.0,0.0,0.0,-0.507344126701355
2666,0.0,1.3608672618865967,0.0,0.0,0.0,0.47953709959983826
2667,0.0,1.0735722780227661,0.0,0.0,0.0,0.5524343848228455
2668,0.0,0.40272802114486694,0.0,0.0,0.0,1.7140439748764038
2669,1.0824284553527832,0.845220685005188,0.0,0.0,0.0,-0.5590333938598633
2670,1.336196780204773,0.0,0.0,0.0,0.0,-0.8279339671134949
2671,0.0,1.7473310232162476,0.0,0.0,0.0,-1.9445993900299072
2672,0.0,0.0,0.8322420120239258,0.0,0.0,0.7913224697113037
2673,0.0,0.4407150447368622,0.0,0.0,0.0,1.9417213201522827
2674,0.0,1.800403356552124,0.0,0.0,0.0,-2.12949275970459
2675,2.0749294757843018,0.0,0.0,0.0,0.0,-2.4320240020751953
2676,0.0,0.0,1.814013957977295,0.0,0.0,-1.9624435901641846
2677,0.0,1.3823084831237793,0.0,0.0,0.0,-0.1331632286310196
2678,0.5357298254966736,0.0,0.0,0.0,0.0,2.4599969387054443
2679,1.024679183959961,0.0,0.0,0.0,0.0,1.0052685737609863
2680,0.0,1.0484776496887207,0.0,0.0,0.0,-0.12368501722812653
2681,1.5529423952102661,0.0,0.0,0.0,0.0,-0.23926962912082672
2682,0.0,1.300147294998169,0.0,0.0,0.0,-0.3820524513721466
2683,0.48884040117263794,0.4519985318183899,0.425455242395401,0.0,0.0,2.322521448135376
2684,0.8757982850074768,0.6718452572822571,0.8911584615707397,0.0,0.0,0.0668967217206955
2685,1.8304448127746582,1.5857317447662354,1.7652710676193237,0.0,0.0,-1.9193100929260254
2686,1.6945847272872925,0.0,0.0,0.0,0.0,-1.2451708316802979
2687,0.0,0.0,0.0,1.6153985261917114,0.0,-1.2171908617019653
2688,0.0,1.7553106546401978,0.0,0.0,0.0,-1.9215351343154907
2689,2.1431756019592285,0.0,0.0,0.0,0.0,-2.638496160507202
2690,0.0,1.6039395332336426,0.0,0.0,0.0,-0.8396156430244446
2691,0.0,0.9188787341117859,0.0,0.0,0.0,0.014232262037694454
2692,0.0,1.7548311948776245,0.0,0.0,0.0,-2.050442695617676
2693,1.006003975868225,0.0,0.0,0.0,0.0,0.5647253394126892
2694,0.0,0.0,1.5093560218811035,0.0,0.0,-1.1518933773040771
2695,0.0,1.6695027351379395,0.0,0.0,0.0,-1.155871868133545
2696,0.0,0.6984817981719971,0.0,0.0,0.0,1.024949550628662
2697,0.0,1.7843135595321655,0.0,0.0,0.0,-2.1254196166992188
2698,0.0,1.2691096067428589,0.0,0.0,0.0,-1.239227294921875
2699,0.0,1.7691876888275146,0.0,0.0,0.0,-1.6566112041473389
2700,0.0,1.1547926664352417,0.0,0.0,0.0,0.2529551088809967
2701,0.0,1.671441912651062,0.0,0.0,0.0,-1.745136022567749
2702,0.0,0.3637535870075226,0.3371741771697998,0.5882220268249512,0.0,2.9937219619750977
2703,0.0,0.7487471103668213,0.0,0.8786515593528748,0.0,1.505324125289917
2704,0.0,0.0,1.3770029544830322,0.0,0.0,-0.7791650891304016
2705,1.6012818813323975,0.0,0.0,0.0,0.0,-0.7321709394454956
2706,1.2339142560958862,0.0,0.0,0.0,0.0,-0.8837550282478333
2707,1.1252286434173584,0.0,0.0,0.0,0.0,0.3681009113788605
2708,0.0,1.7872909307479858,0.0,0.0,0.0,-0.44830137491226196
2709,0.0,0.9175622463226318,0.0,0.0,0.0,0.3981892466545105
2710,0.0,0.0,1.2806766033172607,0.0,0.0,-0.5452104210853577
2711,0.0,0.6200599074363708,0.0,0.0,0.0,0.7421814203262329
2712,0.41225725412368774,0.0,0.0,0.0,0.0,2.9753944873809814
2713,0.0,1.8380364179611206,0.0,0.0,0.0,-2.510868787765503
2714,0.0,0.0,1.2882484197616577,0.0,0.0,-0.5932173132896423
2715,1.4125252962112427,1.453253149986267,0.0,0.0,0.0,0.24574066698551178
2716,0.0,1.8011795282363892,0.0,0.0,0.0,-2.3104212284088135
2717,0.0,0.7204583883285522,0.0,0.0,0.0,1.1155816316604614
2718,0.0,1.0447521209716797,0.0,0.0,0.0,1.0401484966278076
2719,1.4385766983032227,0.0,0.0,0.0,0.0,-0.38539204001426697
2720,0.0,1.7187743186950684,0.0,0.0,0.0,-1.4580154418945312
2721,1.205248236656189,0.9697795510292053,0.0,0.0,0.0,-0.8206080198287964
2722,0.0,1.6870195865631104,0.0,0.0,0.0,-0.17272759974002838
2723,0.0,0.7523966431617737,0.0,0.0,0.0,1.4134297370910645
2724,0.0,0.25919532775878906,0.2577795386314392,0.5176268219947815,0.0,3.5961921215057373
2725,0.0,1.559939980506897,0.0,0.0,0.0,-0.6287262439727783
2726,1.7962716817855835,0.0,0.0,0.0,0.0,-1.5372161865234375
2727,0.0,0.3805553913116455,0.0,0.0,0.0,1.9777977466583252
2728,0.0,1.783331036567688,0.0,0.0,0.0,-2.1889989376068115
2729,0.0,0.9358067512512207,0.0,1.0229567289352417,0.0,0.9562463164329529
2730,0.0,1.677250862121582,0.0,0.0,0.0,-1.7887418270111084
2731,0.0,1.6800490617752075,0.0,0.0,0.0,-1.2093995809555054
2732,0.0,1.768157958984375,0.0,0.0,0.0,-2.0822246074676514
2733,1.788844347000122,0.0,0.0,1.6994127035140991,0.0,-1.6949591636657715
2734,0.0,0.0,1.7430272102355957,0.0,0.0,-1.7742865085601807
2735,1.6154344081878662,0.0,0.0,0.0,0.0,-0.9239521622657776
2736,0.0,0.9287475347518921,0.0,0.0,0.0,1.2974530458450317
2737,1.1429598331451416,0.0,0.0,0.0,0.0,0.7692159414291382
2738,2.0127816200256348,0.0,0.0,0.0,0.0,-2.2273030281066895
2739,0.0,1.9447052478790283,0.0,0.0,0.0,-2.804123640060425
2740,1.2075318098068237,1.2718780040740967,0.0,0.0,0.0,0.8864941596984863
2741,0.0,0.8202680349349976,0.0,0.0,0.0,1.3188706636428833
2742,0.0,0.6895095109939575,0.0,0.0,0.0,-0.1250227838754654
2743,0.0,0.463072270154953,0.0,0.0,0.0,0.9545540809631348
2744,0.0,1.1186766624450684,0.0,0.0,0.0,-0.6538822650909424
2745,1.7070201635360718,0.0,0.0,0.0,0.0,-1.030064582824707
2746,0.8194358944892883,0.0,0.0,0.0,0.0,1.314766526222229
2747,0.0,1.3576102256774902,0.0,0.0,0.0,0.8869736790657043
2748,0.6218019127845764,0.6039416790008545,0.0,0.751535952091217,0.0,2.008556604385376
2749,0.0,0.0,1.8036353588104248,0.0,0.0,-1.9476333856582642
2750,0.0,1.7931749820709229,0.0,0.0,0.0,-2.13669753074646
2751,0.47477754950523376,0.36131739616394043,0.0,0.0,0.0,1.6254088878631592
2752,0.0,1.0248894691467285,0.0,0.0,0.0,0.9230518937110901
2753,0.0,1.882059097290039,0.0,0.0,0.0,-2.5271873474121094
2754,0.0,1.8564430475234985,0.0,0.0,0.0,-2.510007619857788
2755,0.31483855843544006,0.2673923671245575,0.0,0.0,0.0,3.2667407989501953
2756,0.0,0.9278911352157593,0.0,0.0,0.0,1.1533482074737549
2757,0.0,1.6496500968933105,0.0,0.0,0.0,-0.9058539271354675
2758,0.0,1.8148411512374878,0.0,0.0,0.0,-2.3079833984375
2759,2.0452818870544434,0.0,0.0,0.0,0.0,-2.4019269943237305
2760,0.0,1.0686689615249634,0.0,0.0,0.0,-1.0351163148880005
2761,0.0,1.5652711391448975,0.0,0.0,0.0,-1.1800236701965332
2762,0.0,1.092897891998291,0.0,0.0,0.0,0.9697025418281555
2763,0.0,1.6472303867340088,0.0,0.0,0.0,-1.074528694152832
2764,0.0,1.6394931077957153,0.0,0.0,0.0,-1.1654881238937378
2765,0.0,1.1363452672958374,0.0,0.0,0.0,-1.3556528091430664
2766,0.0,1.817165732383728,0.0,0.0,0.0,-2.2721893787384033
2767,0.0,0.34701621532440186,0.0,0.0,0.0,2.899080514907837
2768,0.5477118492126465,0.4351572096347809,0.0,0.0,0.0,1.4498145580291748
2769,0.8022399544715881,0.8159666061401367,0.0,0.0,0.0,1.6688393354415894
2770,0.0,1.7523894309997559,0.0,0.0,0.0,-1.487921118736267
2771,2.0910024642944336,0.0,0.0,0.0,0.0,-2.4859778881073
2772,0.0,0.3436696529388428,0.0,0.0,0.0,2.8566243648529053
2773,0.0,0.38277918100357056,0.0,0.0,0.0,1.6095315217971802
2774,0.0,0.0,0.0,1.1058030128479004,0.0,0.34316936135292053
2775,0.0,0.0,0.7217061519622803,0.0,0.0,0.7159398794174194
2776,0.0,1.7933005094528198,0.0,0.0,0.0,-2.319042205810547
2777,0.0,1.826171636581421,0.0,0.0,0.0,-2.3780570030212402
2778,2.079423427581787,0.0,0.0,0.0,0.0,-2.4635026454925537
2779,0.9489350318908691,0.0,0.0,0.0,0.0,-0.11783154308795929
2780,0.0,0.0,0.0,1.9603127241134644,0.0,-2.508208990097046
2781,0.0,0.9754477739334106,0.0,0.0,0.0,-0.08257986605167389
2782,1.5750939846038818,0.0,0.0,0.0,0.0,-1.434234380722046
2783,0.0,1.7347636222839355,0.0,0.0,0.0,-1.8535211086273193
2784,0.0,0.6916241645812988,0.0,0.0,0.0,1.1588720083236694
2785,0.0,1.841623067855835,0.0,0.0,0.0,-2.372145414352417
2786,0.0,1.669777274131775,0.0,0.0,0.0,-1.4477639198303223
2787,0.0,1.6164326667785645,0.0,0.0,0.0,-1.211883306503296
2788,0.0,0.8585780262947083,0.0,0.0,0.0,-0.8718426823616028
2789,0.0,1.0378799438476562,0.0,0.0,0.0,-0.41350868344306946
2790,0.0,1.0936812162399292,0.0,0.0,0.0,-1.1339281797409058
2791,1.2623001337051392,0.0,0.0,0.0,0.0,0.19041500985622406
2792,0.0,1.8092925548553467,0.0,0.0,0.0,-2.2535321712493896
2793,2.0799243450164795,0.0,0.0,0.0,0.0,-2.4633774757385254
2794,1.3663429021835327,1.222558617591858,1.2626596689224243,0.0,0.0,-0.5986900925636292
2795,0.0,0.0,0.0,1.813881278038025,0.0,-2.024651050567627
2796,1.4755487442016602,0.0,0.0,0.0,0.0,-1.117087960243225
2797,0.0,1.5545611381530762,0.0,0.0,0.0,0.1361973136663437
2798,0.0,1.204116940498352,0.0,0.0,0.0,0.830843985080719
2799,2.0761141777038574,0.0,0.0,0.0,0.0,-2.4693057537078857
2800,0.0,1.8346668481826782,0.0,0.0,0.0,-2.295114517211914
2801,0.0,1.45143461227417,0.0,0.0,0.0,0.45297399163246155
2802,0.0,0.8246617317199707,0.0,0.0,0.0,-0.5857465863227844
2803,0.0,1.637853741645813,0.0,0.0,0.0,-1.2679932117462158
2804,0.0,0.692633330821991,0.0,0.0,0.0,1.195169448852539
2805,0.8430777192115784,0.0,0.0,0.0,0.0,1.081501841545105
2806,1.7835891246795654,0.0,0.0,0.0,0.0,-1.4443329572677612
2807,1.3102903366088867,0.0,0.0,0.0,0.0,-1.0029410123825073
2808,0.0,1.6379534006118774,0.0,0.0,0.0,-1.1962637901306152
2809,0.0,1.1755807399749756,0.0,0.0,0.0,-0.5654085278511047
2810,1.6690212488174438,0.0,0.0,0.0,0.0,-1.1765666007995605
2811,2.0400121212005615,0.0,0.0,0.0,0.0,-2.3745386600494385
2812,0.0,1.6493786573410034,0.0,0.0,0.0,-0.5353171825408936
2813,0.0,1.7300556898117065,0.0,0.0,0.0,-2.080836057662964
2814,0.7844222187995911,0.7603962421417236,0.0,0.0,0.0,1.4660173654556274
2815,0.0,0.0,0.0,1.6989673376083374,0.0,-1.5723116397857666
2816,0.7905751466751099,0.7253525853157043,0.0,0.916536271572113,0.0,1.2308905124664307
2817,0.0,0.7164862155914307,0.8258524537086487,0.0,0.0,0.46074846386909485
2818,0.3082311451435089,0.261551171541214,0.0,0.0,0.0,3.2883098125457764
2819,0.0,0.0,0.3537684977054596,0.0,0.0,2.946807384490967
2820,0.0,1.5813480615615845,0.0,0.0,0.0,0.1481461375951767
2821,0.0,1.7205973863601685,0.0,0.0,0.0,-1.0241265296936035
2822,1.1827611923217773,0.0,0.0,0.0,0.0,-0.3802933990955353
2823,0.0,0.7783094644546509,0.0,0.0,0.0,-0.3617720305919647
2824,0.0,1.3402262926101685,0.0,0.0,0.0,-0.931689441204071
2825,0.0,0.8432891964912415,0.0,0.0,0.0,1.0696454048156738
2826,0.0,1.606218934059143,0.0,0.0,0.0,-1.2554516792297363
2827,0.0,1.7585504055023193,0.0,1.8912113904953003,0.0,-2.3196194171905518
2828,0.0,0.9638375639915466,0.0,0.0,0.0,1.2206671237945557
2829,0.0,0.5969679355621338,0.0,0.0,0.0,0.49572110176086426
2830,1.64962637424469,0.0,0.0,0.0,0.0,-1.3520002365112305
2831,0.0,1.2081390619277954,0.0,0.0,0.0,0.23853729665279388
2832,0.0,1.1776119470596313,0.0,0.0,0.0,1.0085846185684204
2833,0.45788338780403137,0.0,0.0,0.0,0.0,2.666975736618042
2834,1.9087060689926147,1.6444275379180908,1.85270357131958,0.0,0.0,-2.1383216381073
2835,0.5380970239639282,0.4025205671787262,0.0,0.0,0.0,1.2797847986221313
2836,1.1113829612731934,0.0,0.0,0.0,0.0,1.0318676233291626
2837,0.0,0.3235325515270233,0.0,0.6175714731216431,0.0,2.5517611503601074
2838,0.0,0.42466914653778076,0.0,0.7108040452003479,0.0,1.9640742540359497
2839,0.0,1.2712483406066895,0.0,0.0,0.0,-1.2245649099349976
2840,0.0,0.7229549288749695,0.0,0.0,0.0,1.821749210357666
2841,2.088977575302124,0.0,0.0,0.0,0.0,-2.4759204387664795
2842,0.0,1.786118984222412,0.0,0.0,0.0,-1.632262945175171
2843,0.0,1.645696759223938,0.0,0.0,0.0,-1.1594529151916504
2844,0.0,0.0,1.2952120304107666,0.0,0.0,-0.5274779200553894
2845,0.0,1.7073580026626587,0.0,0.0,0.0,-1.9600164890289307
2846,0.0,0.32463809847831726,0.0,0.0,0.0,3.108715295791626
2847,0.0,0.0,1.1683661937713623,0.0,0.0,-0.19012273848056793
2848,1.974056601524353,0.0,0.0,0.0,0.0,-2.165552854537964
2849,0.0,1.8306289911270142,0.0,0.0,0.0,-2.276486873626709
2850,0.0,0.4383493661880493,0.0,0.0,0.0,1.1516395807266235
2851,0.0,1.5648149251937866,0.0,0.0,0.0,-0.42910709977149963
2852,1.9680240154266357,0.0,0.0,0.0,0.0,-2.0962119102478027
2853,0.0,1.5625860691070557,0.0,0.0,0.0,-0.938390851020813
2854,0.0,1.2429766654968262,0.0,0.0,0.0,-0.5158264636993408
2855,0.0,1.7157838344573975,0.0,0.0,0.0,-0.23452003300189972
2856,0.0,0.0,1.3448777198791504,0.0,0.0,-0.7010923027992249
2857,0.0,0.0,1.1131713390350342,1.2617536783218384,0.0,-0.14639915525913239
2858,1.272871732711792,0.0,0.0,0.0,0.0,0.5701864361763
2859,0.0,0.0,0.0,1.869799017906189,0.0,-2.2105090618133545
2860,0.8852660655975342,0.0,0.0,0.0,0.0,0.23401741683483124
2861,0.0,0.0,1.7415803670883179,0.0,0.0,-1.7763605117797852
2862,0.0,1.258778691291809,0.0,0.0,0.0,0.16988347470760345
2863,1.533888578414917,0.0,0.0,0.0,0.0,-1.403209924697876
2864,0.0,0.0,0.0,1.4578518867492676,0.0,-0.8605149984359741
2865,1.1095831394195557,0.0,0.0,0.0,0.0,-0.3561877906322479
2866,0.0,1.5402578115463257,0.0,0.0,0.0,-0.9419955611228943
2867,0.0,0.8108919262886047,0.0,0.0,0.0,-0.42823514342308044
2868,0.0,1.8581255674362183,0.0,0.0,0.0,-2.5315167903900146
2869,0.0,1.3789081573486328,0.0,0.0,0.0,0.9113509058952332
2870,0.0,0.9616004824638367,0.0,0.0,0.0,-0.6161063313484192
2871,0.0,1.0834285020828247,0.0,0.0,0.0,0.18381856381893158
2872,0.0,1.653193473815918,0.0,0.0,0.0,-1.3312819004058838
2873,0.0,1.1953365802764893,0.0,0.0,0.0,-0.23435746133327484
2874,0.0,1.717328429222107,0.0,0.0,0.0,-2.0409045219421387
2875,0.0,0.0,0.5774435997009277,0.0,0.0,1.4830799102783203
2876,1.633250117301941,0.0,0.0,0.0,0.0,-0.9853101372718811
2877,1.3114080429077148,0.0,0.0,0.0,0.0,-0.6232132911682129
2878,0.0,0.0,0.0,1.4953445196151733,0.0,-1.0052375793457031
2879,0.0,1.808785080909729,0.0,0.0,0.0,-2.310887575149536
2880,0.0,0.5414630174636841,0.0,0.0,0.0,0.6994892358779907
2881,0.0,1.726057767868042,0.0,0.0,0.0,-1.8149538040161133
2882,0.0,1.6788498163223267,0.0,0.0,0.0,-1.4037163257598877
2883,0.0,0.0,0.0,0.5743785500526428,0.0,3.0739500522613525
2884,0.0,1.5034762620925903,0.0,0.0,0.0,-0.27555206418037415
2885,0.3893243372440338,0.0,0.0,0.0,0.0,3.1147301197052
2886,0.0,0.9473776817321777,0.0,0.0,0.0,1.385390043258667
2887,0.0,0.9455536603927612,0.0,0.0,0.0,1.150477409362793
2888,0.0,1.3758260011672974,0.0,0.0,0.0,0.15189872682094574
2889,0.0,1.2698285579681396,0.0,0.0,0.0,-1.2207386493682861
2890,0.0,1.7737661600112915,0.0,0.0,0.0,-2.1075031757354736
2891,0.0,0.9964621663093567,0.0,0.0,0.0,-1.0004043579101562
2892,0.0,1.3949503898620605,0.0,0.0,0.0,-1.299422264099121
2893,0.0,0.9639580845832825,0.0,0.0,0.0,-0.11403913795948029
2894,0.0,1.80474853515625,0.0,0.0,0.0,-2.3389861583709717
2895,1.7942399978637695,0.0,0.0,0.0,0.0,-1.4195811748504639
2896,0.5336066484451294,0.537466287612915,0.0,0.0,0.0,2.467682361602783
2897,1.9706358909606934,1.70598566532135,0.0,0.0,0.0,-2.27988600730896
2898,0.0,1.1063380241394043,0.0,0.0,0.0,-0.710544228553772
2899,0.0,0.0,0.0,1.9793224334716797,0.0,-2.5893850326538086
2900,0.0,0.674450695514679,0.0,0.0,0.0,1.993524193763733
2901,0.0,1.5896143913269043,0.0,0.0,0.0,-0.9183840155601501
2902,0.0,0.0,0.0,1.6897022724151611,0.0,-1.5264058113098145
2903,0.0,0.0,0.9800871014595032,0.0,0.0,0.12516801059246063
2904,0.0,1.5923641920089722,0.0,0.0,0.0,-0.39561745524406433
2905,0.0,0.5730434060096741,0.0,0.0,0.0,0.21845345199108124
2906,1.2223894596099854,0.0,0.0,0.0,0.0,0.5191861987113953
2907,0.0,1.616021990776062,0.0,0.0,0.0,-0.5323771834373474
2908,0.0,1.5093954801559448,0.0,0.0,0.0,0.06905941665172577
2909,0.0,1.6170655488967896,0.0,0.0,0.0,-1.277672290802002
2910,0.6335231065750122,0.5919770002365112,0.0,0.0,0.0,1.8744086027145386
2911,0.0,1.8333038091659546,0.0,0.0,0.0,-2.3711485862731934
2912,0.0,0.5318709015846252,0.0,0.0,0.0,0.4686707556247711
2913,0.0,0.0,0.0,1.276738166809082,0.0,-0.29689112305641174
2914,0.0,1.3839911222457886,0.0,0.0,0.0,-0.5734254121780396
2915,1.972591757774353,0.0,0.0,0.0,0.0,-2.1344282627105713
2916,1.3689206838607788,0.0,0.0,0.0,0.0,0.03317318856716156
2917,1.49370276927948,0.0,0.0,0.0,0.0,0.018775328993797302
2918,0.9853422045707703,0.9968859553337097,0.0,0.0,0.0,1.139918565750122
2919,0.0,1.6249464750289917,0.0,0.0,0.0,-0.7237064838409424
2920,0.0,1.8212618827819824,0.0,0.0,0.0,-2.2676212787628174
2921,0.0,1.4092974662780762,0.0,0.0,0.0,-0.23159907758235931
2922,1.3869956731796265,0.0,0.0,0.0,0.0,0.039222702383995056
2923,1.0300637483596802,0.0,0.0,0.0,0.0,0.06526319682598114
2924,0.0,1.6185382604599,0.0,0.0,0.0,-1.2631288766860962
2925,1.8172252178192139,0.0,1.7260913848876953,1.7296624183654785,0.0,-1.756622552871704
2926,2.1947104930877686,0.0,0.0,0.0,0.0,-2.7701239585876465
2927,0.0,1.2684390544891357,0.0,0.0,0.0,-1.1867213249206543
2928,0.7866159677505493,0.5943782925605774,0.0,0.0,0.0,0.18335799872875214
2929,0.0,1.0142911672592163,0.0,0.0,0.0,-0.20790012180805206
2930,0.0,0.9964900016784668,0.0,0.0,0.0,-0.7789109349250793
2931,1.0220359563827515,0.7819512486457825,0.0,0.0,0.0,-0.4020675718784332
2932,0.0,1.2181347608566284,0.0,0.0,0.0,1.2878698110580444
2933,0.79400634765625,0.7920529246330261,0.0,0.0,0.0,1.5471986532211304
2934,0.0,0.9295122027397156,0.0,0.0,0.0,0.9192867875099182
2935,0.0,0.0,1.7761410474777222,0.0,0.0,-1.8465696573257446
2936,1.0774461030960083,0.0,0.0,0.0,0.0,0.4885106384754181
2937,0.0,1.5724107027053833,1.6936068534851074,0.0,0.0,-1.6876401901245117
2938,1.4509119987487793,0.0,0.0,0.0,0.0,-0.507053554058075
2939,0.0,0.9520503282546997,0.0,0.0,0.0,-0.9338061809539795
2940,0.0,1.0788875818252563,0.0,0.0,0.0,1.104508638381958
2941,0.7790235280990601,0.6287422180175781,0.0,0.0,0.0,0.5474176406860352
2942,0.0,0.9111917018890381,0.0,0.0,0.0,-0.10187698900699615
2943,0.0,0.0,1.048897385597229,0.0,0.0,-0.027387574315071106
2944,0.0,1.801215410232544,0.0,0.0,0.0,-2.4151289463043213
2945,0.0,0.9776636362075806,0.0,0.0,0.0,0.8866509795188904
2946,0.5936509966850281,0.0,0.0,0.0,0.0,1.7159831523895264
2947,0.0,0.0,0.0,1.656380295753479,0.0,-1.4284839630126953
2948,0.7320126295089722,0.6472687125205994,0.0,0.0,0.0,1.1994750499725342
2949,0.0,0.7258198857307434,0.0,0.0,0.0,-0.1454586535692215
2950,2.0121843814849854,0.0,0.0,0.0,0.0,-2.300279378890991
2951,0.0,1.4209773540496826,0.0,0.0,0.0,0.4737488925457001
2952,0.0,0.0,1.7071408033370972,0.0,0.0,-1.6711043119430542
2953,0.0,1.6803219318389893,0.0,0.0,0.0,-1.2711204290390015
2954,0.0,1.3854330778121948,0.0,0.0,0.0,-1.2213703393936157
2955,0.0,1.4994195699691772,0.0,0.0,0.0,-0.35699012875556946
2956,0.9789895415306091,0.0,0.0,0.0,0.0,-0.2039991170167923
2957,0.0,0.3829258382320404,0.0,0.0,0.0,1.3452187776565552
2958,0.5277594327926636,0.0,0.0,0.0,0.0,1.9169117212295532
2959,0.44039231538772583,0.0,0.0,0.0,0.0,2.600125551223755
2960,0.0,0.43382513523101807,0.0,0.0,0.0,2.1222269535064697
2961,0.0,1.0488061904907227,0.0,0.0,0.0,-0.6319299936294556
2962,0.0,1.874011516571045,0.0,0.0,0.0,-2.4519126415252686
2963,0.0,1.0938670635223389,0.0,0.0,0.0,1.1544280052185059
2964,0.0,0.0,1.8867522478103638,0.0,0.0,-2.1311142444610596
2965,0.0,0.7990009784698486,0.0,0.0,0.0,0.4200899302959442
2966,0.6949849128723145,0.6076265573501587,0.0,0.8632367849349976,0.0,1.2239636182785034
2967,0.0,1.3669164180755615,0.0,0.0,0.0,-0.030759885907173157
2968,0.0,1.387557029724121,0.0,0.0,0.0,-0.7336821556091309
2969,0.0,1.7771095037460327,0.0,0.0,0.0,-2.157562017440796
2970,1.4003554582595825,0.0,0.0,0.0,0.0,0.1425824612379074
2971,0.0,1.7011642456054688,0.0,0.0,0.0,-0.28151869773864746
2972,0.0,1.274497389793396,0.0,0.0,0.0,-0.7535011172294617
2973,0.848870575428009,0.0,0.0,0.0,0.0,1.3414182662963867
2974,0.6972664594650269,0.0,0.0,0.0,0.0,0.9654649496078491
2975,0.0,1.050581693649292,0.0,0.0,0.0,-1.2844765186309814
2976,0.0,0.46322163939476013,0.0,0.0,0.0,2.2238199710845947
2977,0.0,0.744334876537323,0.0,0.0,0.0,1.9819577932357788
2978,0.0,0.0,1.2320047616958618,0.0,0.0,-0.391143262386322
2979,0.44286587834358215,0.3434959352016449,0.0,0.0,0.0,1.7656279802322388
2980,0.0,1.1061382293701172,0.8327470421791077,0.0,0.0,1.1560803651809692
2981,0.0,1.5991955995559692,0.0,0.0,0.0,-1.1324186325073242
2982,0.0,0.3929428458213806,0.0,0.0,0.0,1.994072437286377
2983,0.0,0.8948672413825989,0.0,0.0,0.0,0.5375112891197205
2984,0.0,1.130530595779419,0.0,0.0,0.0,0.5099915266036987
2985,0.0,1.722818374633789,0.0,0.0,0.0,-1.7428088188171387
2986,1.691143274307251,0.0,0.0,0.0,0.0,-1.2232739925384521
2987,0.0,1.7201366424560547,0.0,0.0,0.0,-1.836873173713684
2988,0.5923832654953003,0.0,0.0,0.0,0.0,1.3876748085021973
2989,0.3201751410961151,0.2755950093269348,0.0,0.0,0.0,3.2536284923553467
2990,0.0,1.0066804885864258,0.0,0.0,0.0,0.9345558285713196
2991,0.0,1.6043992042541504,0.0,0.0,0.0,-1.346543550491333
2992,1.972536325454712,0.0,0.0,0.0,0.0,-2.11702561378479
2993,0.0,1.6016045808792114,0.0,0.0,0.0,-0.8240218162536621
2994,0.0,0.7634457945823669,0.0,0.0,0.0,1.4568383693695068
2995,0.0,1.0789439678192139,0.0,0.0,0.0,-1.3328211307525635
2996,0.0,0.0,1.3937305212020874,0.0,0.0,-0.8052842617034912
2997,1.2124438285827637,0.9478782415390015,0.0,0.0,0.0,-0.9215747714042664
2998,0.0,1.3158763647079468,0.0,0.0,0.0,0.33409151434898376
2999,0.9414151310920715,0.0,0.0,0.0,0.0,0.9409295916557312
3000,0.0,1.7817561626434326,0.0,0.0,0.0,-2.269798517227173
3001,0.0,1.2380211353302002,0.0,0.0,0.0,-0.5384089946746826
3002,0.0,1.90165114402771,0.0,0.0,0.0,-2.6018431186676025
3003,0.0,1.6503041982650757,0.0,0.0,0.0,-1.6667335033416748
3004,0.0,0.4821273982524872,0.0,0.0,0.0,1.168778896331787
3005,0.0,1.329160213470459,0.0,0.0,0.0,-0.7794568538665771
3006,0.0,1.2228420972824097,0.0,0.0,0.0,-0.27788224816322327
3007,0.0,0.8668653964996338,0.7003041505813599,0.9161045551300049,0.0,1.4676038026809692
3008,1.9859418869018555,0.0,0.0,0.0,0.0,-2.179656744003296
3009,0.0,1.1771284341812134,0.0,0.0,0.0,0.2923462390899658
3010,0.0,0.0,1.3280894756317139,0.0,0.0,-0.615509033203125
3011,0.0,1.4136122465133667,0.0,0.0,0.0,-0.7238245606422424
3012,0.0,1.2512855529785156,0.0,0.0,0.0,-1.2913036346435547
3013,0.5236388444900513,0.3970227539539337,0.0,0.0,0.0,1.3673317432403564
3014,0.0,1.46355140209198,0.0,0.0,0.0,-0.2845776677131653
3015,0.0,1.7554752826690674,0.0,0.0,0.0,-2.1667566299438477
3016,0.0,1.777065396308899,0.0,0.0,0.0,-1.9889283180236816
3017,0.0,1.8603509664535522,0.0,0.0,0.0,-2.4101672172546387
3018,0.0,1.8050289154052734,0.0,0.0,0.0,-2.3233423233032227
3019,0.6106575727462769,0.0,0.0,0.0,0.0,1.2338404655456543
3020,0.0,1.8375872373580933,0.0,0.0,0.0,-2.276474714279175
3021,2.0355310440063477,0.0,0.0,0.0,0.0,-2.364881753921509
3022,2.0424306392669678,0.0,0.0,0.0,0.0,-2.3653512001037598
3023,0.0,0.36142027378082275,0.0,0.0,0.0,1.9187321662902832
3024,0.0,0.916655421257019,0.0,0.0,0.0,0.5230109095573425
3025,0.0,0.3795653283596039,0.0,0.0,0.0,1.4605700969696045
3026,0.0,0.9828164577484131,0.0,0.0,0.0,1.351416826248169
3027,0.0,1.8000515699386597,0.0,0.0,0.0,-2.3760204315185547
3028,0.0,1.796034812927246,0.0,0.0,0.0,-2.208869457244873
3029,0.0,0.7026240825653076,0.0,0.0,0.0,1.3542636632919312
3030,0.7845439314842224,0.7888249754905701,0.0,0.0,0.0,1.6476572751998901
3031,0.0,1.2341021299362183,0.0,0.0,0.0,-0.8318527936935425
3032,0.0,0.3534409999847412,0.0,0.0,0.0,2.906672239303589
3033,1.9316226243972778,0.0,0.0,0.0,0.0,-1.7599244117736816
3034,0.0,0.42532533407211304,0.0,0.0,0.0,1.9468467235565186
3035,0.0,1.122367262840271,0.0,0.0,0.0,-1.1560728549957275
3036,0.0,1.5663011074066162,0.0,0.0,0.0,-1.168785572052002
3037,0.0,1.3412895202636719,0.0,0.0,0.0,-0.5656225085258484
3038,2.0104422569274902,0.0,0.0,0.0,0.0,-2.2565603256225586
3039,0.0,1.8162919282913208,0.0,0.0,0.0,-2.409775495529175
3040,1.9673353433609009,0.0,0.0,0.0,0.0,-2.123425245285034
3041,0.0,0.0,1.817604660987854,0.0,0.0,-1.9623537063598633
3042,0.0,1.7880088090896606,0.0,0.0,0.0,-2.0930750370025635
3043,0.9374338388442993,0.8138900399208069,0.0,1.0692381858825684,0.0,0.4559756815433502
3044,0.0,0.0,1.7644550800323486,0.0,0.0,-1.8330782651901245
3045,0.0,1.2707886695861816,0.0,0.0,0.0,-0.2034749537706375
3046,1.1715909242630005,0.0,0.0,0.0,0.0,-0.6249700784683228
3047,0.0,0.0,1.727704405784607,0.0,0.0,-1.731269359588623
3048,0.0,1.6997439861297607,0.0,1.8513824939727783,0.0,-2.2008237838745117
3049,0.0,0.922185480594635,0.0,0.0,0.0,1.6135258674621582
3050,0.0,1.7040632963180542,0.0,0.0,0.0,-1.516438364982605
3051,0.0,1.260839819908142,0.0,0.0,0.0,0.562760055065155
3052,0.0,0.4764401316642761,0.0,0.0,0.0,2.53861927986145
3053,1.9024155139923096,0.0,0.0,0.0,0.0,-1.91298508644104
3054,1.6763523817062378,0.0,0.0,0.0,0.0,-0.8892487287521362
3055,0.0,0.0,0.7920410633087158,0.0,0.0,0.5969677567481995
3056,0.0,1.7841322422027588,0.0,0.0,0.0,-2.405181884765625
3057,1.4852265119552612,0.0,0.0,0.0,0.0,-0.2223794311285019
3058,0.0,0.5564263463020325,0.0,0.0,0.0,1.098537564277649
3059,0.0,0.32226985692977905,0.0,0.0,0.0,2.9560587406158447
3060,0.0,1.7355107069015503,0.0,0.0,0.0,-2.115374803543091
3061,0.0,1.5096813440322876,0.0,0.0,0.0,0.21158592402935028
3062,0.0,1.5427219867706299,0.0,0.0,0.0,0.2561592161655426
3063,0.0,1.2894562482833862,1.1276456117630005,0.0,0.0,0.07047085464000702
3064,0.8392723798751831,0.0,0.0,0.0,0.0,1.4533703327178955
3065,0.0,1.7856477499008179,0.0,0.0,0.0,-2.1447131633758545
3066,0.0,0.6731958389282227,0.0,0.0,0.0,1.2363961935043335
3067,1.4421041011810303,0.0,0.0,0.0,0.0,-1.367800235748291
3068,0.36597809195518494,0.29422178864479065,0.0,0.0,0.0,2.397592782974243
3069,1.8819632530212402,1.6391394138336182,0.0,1.7940032482147217,0.0,-2.0489046573638916
3070,0.7376468777656555,0.5908873677253723,0.0,0.0,0.0,0.7258734107017517
3071,1.7191106081008911,0.0,0.0,0.0,0.0,-0.6937136650085449
3072,0.0,0.568561851978302,0.0,0.0,0.0,0.4185543954372406
3073,1.3376983404159546,0.0,0.0,0.0,0.0,0.22362802922725677
3074,0.0,0.0,1.8718115091323853,0.0,0.0,-2.108074188232422
3075,2.0932445526123047,0.0,0.0,0.0,0.0,-2.5221567153930664
3076,0.0,1.6578187942504883,0.0,0.0,0.0,-1.4311652183532715
3077,0.9533621668815613,0.0,0.0,0.0,0.0,0.16777698695659637
3078,0.0,1.1554696559906006,0.0,0.0,0.0,-0.8319007754325867
3079,0.0,1.5880564451217651,0.0,0.0,0.0,-0.3736654818058014
3080,0.0,0.8371804356575012,0.0,0.0,0.0,0.5421575307846069
3081,0.0,1.662509799003601,0.0,0.0,0.0,-1.3933007717132568
3082,1.873419165611267,1.6166205406188965,1.8144749402999878,0.0,0.0,-2.045152425765991
3083,0.0,1.7737852334976196,0.0,0.0,0.0,-1.9150556325912476
3084,0.0,0.0,1.4006688594818115,0.0,0.0,-0.8565707206726074
3085,0.0,1.5400567054748535,0.0,0.0,0.0,0.1600317806005478
3086,0.701886773109436,0.0,0.0,0.0,0.0,0.9309539794921875
3087,0.4113679826259613,0.3587762117385864,0.0,0.6221394538879395,0.0,2.218251943588257
3088,0.0,1.1059106588363647,0.0,0.0,0.0,-0.3075502812862396
3089,0.39344021677970886,0.0,0.35023176670074463,0.5816472768783569,0.0,2.667386293411255
3090,0.0,1.7330843210220337,0.0,0.0,0.0,-2.194817543029785
3091,0.0,1.8487458229064941,0.0,0.0,0.0,-2.3677427768707275
3092,1.1760032176971436,0.0,0.0,0.0,0.0,0.2160397619009018
3093,0.0,0.5850643515586853,0.0,0.0,0.0,1.2475405931472778
3094,1.602949857711792,0.0,0.0,0.0,0.0,-0.7399985790252686
3095,0.0,0.0,0.8731070756912231,0.0,0.0,0.3750004470348358
3096,1.9889253377914429,0.0,0.0,0.0,0.0,-2.1912450790405273
3097,0.38957223296165466,0.0,0.0,0.0,0.0,2.701587200164795
3098,0.0,1.709822654724121,0.0,0.0,0.0,-1.824154257774353
3099,0.37958356738090515,0.3234942555427551,0.0,0.0,0.0,2.6644418239593506
3100,0.0,1.21797513961792,0.0,0.0,0.0,-0.9025542140007019
3101,1.6812374591827393,0.0,0.0,0.0,0.0,-0.9062247276306152
3102,0.0,1.0268257856369019,0.0,0.0,0.0,-0.9776947498321533
3103,0.0,0.0,0.0,1.6468437910079956,0.0,-1.4099833965301514
3104,0.0,0.0,1.5784904956817627,0.0,0.0,-1.3218351602554321
3105,0.0,0.531147837638855,0.0,0.0,0.0,0.9278817176818848
3106,0.0,0.789641261100769,0.0,0.0,0.0,-0.09948261082172394
3107,0.0,1.7371810674667358,0.0,0.0,0.0,-1.9125795364379883
3108,0.0,1.8336515426635742,0.0,0.0,0.0,-2.4102511405944824
3109,0.0,1.6072310209274292,0.0,0.0,0.0,-1.1955289840698242
3110,0.0,1.834509015083313,0.0,0.0,0.0,-2.3545734882354736
3111,0.0,0.0,0.8860607743263245,0.0,0.0,0.4843169152736664
3112,0.0,1.2845948934555054,0.0,0.0,0.0,0.7926413416862488
3113,0.0,1.8182374238967896,0.0,0.0,0.0,-2.308626651763916
3114,0.0,0.33271661400794983,0.0,0.0,0.0,1.949115514755249
3115,1.985438346862793,0.0,0.0,0.0,0.0,-2.198925018310547
3116,0.0,1.1233530044555664,0.0,0.0,0.0,0.773004412651062
3117,0.0,0.6591153144836426,0.0,0.0,0.0,0.5714321732521057
3118,0.0,0.9731966257095337,0.0,0.0,0.0,1.1740492582321167
3119,0.0,1.4560470581054688,0.0,0.0,0.0,0.07643048465251923
3120,0.9272896647453308,0.8080680966377258,0.0,0.0,0.0,0.5070803165435791
3121,1.6318379640579224,0.0,0.0,0.0,0.0,-1.2266550064086914
3122,0.0,1.6271653175354004,0.0,0.0,0.0,-1.2243332862854004
3123,1.2998040914535522,0.0,0.0,0.0,0.0,0.4378616213798523
3124,0.0,0.7337369918823242,0.0,0.0,0.0,-0.30314573645591736
3125,0.34539493918418884,0.3113168179988861,0.30092766880989075,0.0,0.0,3.1685216426849365
3126,0.0,1.771936297416687,0.0,0.0,0.0,-2.084441661834717
3127,0.0,1.6216424703598022,0.0,0.0,0.0,-0.6195458769798279
3128,0.0,0.8653398156166077,0.0,0.0,0.0,-0.6504380106925964
3129,0.0,1.3477821350097656,0.0,0.0,0.0,-0.937821090221405
3130,0.0,1.2419484853744507,0.0,0.0,0.0,-1.1052520275115967
3131,2.018890857696533,0.0,0.0,0.0,0.0,-2.3004047870635986
3132,0.0,0.9153852462768555,0.0,0.0,0.0,0.8972261548042297
3133,0.0,0.9196914434432983,0.0,0.0,0.0,-0.43669992685317993
3134,0.0,0.4488290250301361,0.0,0.0,0.0,2.081981897354126
3135,0.0,0.0,1.829087257385254,0.0,0.0,-2.0026285648345947
3136,0.0,0.6007903218269348,0.0,0.0,0.0,0.5736542344093323
3137,0.0,1.7819949388504028,0.0,0.0,0.0,-2.2177395820617676
3138,0.0,0.0,1.6590237617492676,0.0,0.0,-1.5362133979797363
3139,0.0,1.845349907875061,0.0,0.0,0.0,-2.4278995990753174
3140,0.8767094612121582,0.0,0.0,0.0,0.0,1.27682626247406
3141,0.0,0.7043254971504211,0.0,0.0,0.0,-0.08418060839176178
3142,0.0,0.9586229920387268,0.999040424823761,1.1763380765914917,0.0,0.11054657399654388
3143,0.0,0.25522130727767944,0.2904810905456543,0.0,0.0,3.0032784938812256
3144,0.0,0.6629649996757507,0.0,0.0,0.0,0.1398579329252243
3145,0.34571629762649536,0.3091024160385132,0.0,0.5450432896614075,0.0,3.1395723819732666
3146,0.0,0.0,0.0,2.003188371658325,0.0,-2.657371997833252
3147,0.0,0.7573460340499878,0.0,0.0,0.0,-0.24532033503055573
3148,0.0,0.9020152688026428,0.0,0.0,0.0,-0.7674355506896973
3149,0.0,1.6449713706970215,0.0,0.0,0.0,-1.2008962631225586
3150,0.0,1.7758187055587769,0.0,0.0,0.0,-2.1245381832122803
3151,0.0,0.7857796549797058,0.0,0.0,0.0,1.8298958539962769
3152,0.0,1.8366683721542358,0.0,0.0,0.0,-2.321593761444092
3153,0.0,0.0,0.38437962532043457,0.0,0.0,2.5619025230407715
3154,0.0,1.098472237586975,0.0,0.0,0.0,-1.390663981437683
3155,0.0,1.3049437999725342,0.0,0.0,0.0,0.37637588381767273
3156,0.9194324016571045,0.0,0.0,0.0,0.0,-0.11500497162342072
3157,0.0,1.1132951974868774,0.0,0.0,0.0,0.387008398771286
3158,0.0,1.074607491493225,0.0,0.0,0.0,-1.0853080749511719
3159,0.0,0.4532797634601593,0.0,0.0,0.0,1.3253885507583618
3160,0.0,0.5316623449325562,0.0,0.0,0.0,0.5671655535697937
3161,0.0,0.9218416213989258,0.0,0.0,0.0,-0.3408314883708954
3162,0.0,1.3076348304748535,0.0,0.0,0.0,-0.16462518274784088
3163,0.0,1.2635992765426636,0.0,0.0,0.0,-0.58055579662323
3164,2.041616439819336,0.0,0.0,1.9262531995773315,0.0,-2.4500319957733154
3165,1.5261046886444092,0.0,0.0,0.0,0.0,-0.5425235629081726
3166,0.0,0.7892440557479858,0.0,0.0,0.0,0.05982308089733124
3167,0.0,1.0898730754852295,0.0,0.0,0.0,-0.13753117620944977
3168,0.0,0.0,1.7516242265701294,0.0,0.0,-1.7931143045425415
3169,0.0,1.79082453250885,0.0,0.0,0.0,-2.1413919925689697
3170,0.0,1.7996165752410889,0.0,0.0,0.0,-2.137600898742676
3171,1.182813286781311,0.0,0.0,0.0,0.0,0.4358210563659668
3172,0.0,1.8024283647537231,0.0,0.0,0.0,-2.373396635055542
3173,0.0,0.9527565240859985,0.0,0.0,0.0,0.4859204590320587
3174,0.0,1.3513177633285522,0.0,0.0,0.0,-0.26341620087623596
3175,1.1329729557037354,0.0,0.0,0.0,0.0,0.5824996829032898
3176,0.0,1.2436519861221313,0.0,0.0,0.0,-0.7634366154670715
3177,0.0,1.7914347648620605,0.0,0.0,0.0,-2.0771546363830566
3178,0.0,1.7997652292251587,0.0,0.0,0.0,-2.0925631523132324
3179,0.0,1.036381483078003,0.0,0.0,0.0,-0.0770995169878006
3180,0.0,1.6886918544769287,0.0,0.0,0.0,-0.8784323930740356
3181,0.0,0.0,0.0,1.1114476919174194,0.0,0.3420372009277344
3182,1.9409974813461304,1.7026563882827759,0.0,0.0,0.0,-2.136029005050659
3183,0.0,0.5422180891036987,0.0,0.0,0.0,1.3245768547058105
3184,0.0,1.7530593872070312,0.0,0.0,0.0,-1.8876557350158691
3185,0.0,1.6165111064910889,0.0,0.0,0.0,-1.1648794412612915
3186,0.7653631567955017,0.0,0.0,0.0,0.0,0.5943165421485901
3187,0.0,1.0610443353652954,0.0,0.0,0.0,0.242235466837883
3188,0.0,1.6156893968582153,0.0,0.0,0.0,0.20497165620326996
3189,0.0,1.7955653667449951,0.0,0.0,0.0,-2.2993500232696533
3190,0.0,0.9186190962791443,0.0,0.0,0.0,-0.20662422478199005
3191,1.4594289064407349,0.0,0.0,0.0,0.0,-0.32084187865257263
3192,1.6870346069335938,0.0,0.0,0.0,0.0,-1.2452571392059326
3193,0.0,0.0,0.0,1.1873044967651367,0.0,0.3022136390209198
3194,0.0,1.169080376625061,0.0,0.0,0.0,-1.329552412033081
3195,0.0,0.0,1.5972203016281128,0.0,0.0,-1.3886445760726929
3196,1.4015512466430664,0.0,0.0,0.0,0.0,-0.3760591149330139
3197,0.0,0.0,1.7866634130477905,0.0,0.0,-1.9040477275848389
3198,0.4752494990825653,0.4563550353050232,0.0,0.0,0.0,2.5638904571533203
3199,0.0,1.1458994150161743,0.0,0.0,0.0,-0.43567872047424316
3200,1.225327968597412,0.0,0.0,0.0,0.0,0.05284379422664642
3201,0.0,1.3695094585418701,0.0,0.0,0.0,-1.0526448488235474
3202,0.0,1.5651662349700928,0.0,0.0,0.0,-0.5384177565574646
3203,0.7706895470619202,0.0,0.0,0.0,0.0,1.0915194749832153
3204,0.0,1.6562471389770508,0.0,0.0,0.0,-1.3836431503295898
3205,0.0,1.4517757892608643,0.0,0.0,0.0,0.23694626986980438
3206,0.5223488211631775,0.44518840312957764,0.0,0.0,0.0,1.753247857093811
3207,1.9198282957077026,1.6828218698501587,0.0,0.0,0.0,-2.080030918121338
3208,0.0,0.0,1.7903660535812378,0.0,0.0,-1.9248149394989014
3209,0.0,0.0,1.4300123453140259,0.0,0.0,-0.8849121332168579
3210,0.47668561339378357,0.0,0.0,0.0,0.0,1.941171407699585
3211,0.0,0.35342615842819214,0.35123369097709656,0.5865160822868347,0.0,2.7244937419891357
3212,0.6350525617599487,0.6510772705078125,0.502861738204956,0.0,0.0,2.284703493118286
3213,0.0,1.1236764192581177,0.0,0.0,0.0,-0.553718626499176
3214,0.0,0.0,1.7324395179748535,0.0,0.0,-1.7351248264312744
3215,0.0,0.6751223802566528,0.0,0.0,0.0,0.8658881187438965
3216,0.0,1.4994945526123047,0.0,0.0,0.0,-0.7444154024124146
3217,0.0,0.4385145902633667,0.0,0.0,0.0,2.37611722946167
3218,0.0,1.8792058229446411,0.0,0.0,0.0,-2.5631566047668457
3219,0.0,1.22235906124115,0.0,0.0,0.0,-0.7593427896499634
3220,0.0,1.7724275588989258,0.0,0.0,0.0,-2.155590772628784
3221,1.7041300535202026,0.0,0.0,0.0,0.0,-1.0074131488800049
3222,1.5334348678588867,0.0,0.0,0.0,0.0,-0.5460616946220398
3223,0.0,0.45520949363708496,0.0,0.0,0.0,0.9404425024986267
3224,0.0,1.4401971101760864,0.0,0.0,0.0,-0.8899285197257996
3225,0.0,1.020555019378662,0.0,0.0,0.0,0.41894733905792236
3226,0.5665287375450134,0.0,0.47286367416381836,0.7069460153579712,0.0,2.2473323345184326
3227,0.0,0.5634096264839172,0.0,0.0,0.0,1.105607509613037
3228,0.0,0.0,0.32199299335479736,0.0,0.0,3.2484123706817627
3229,0.0,0.34663936495780945,0.0,0.0,0.0,2.9436051845550537
3230,0.0,1.311693787574768,0.0,0.0,0.0,-1.2710503339767456
3231,0.0,1.2984158992767334,0.0,0.0,0.0,-0.3697538673877716
3232,0.0,0.7736854553222656,0.0,0.0,0.0,-0.006824568845331669
3233,1.6274677515029907,0.0,0.0,0.0,0.0,-1.0288300514221191
3234,0.0,1.7144935131072998,0.0,0.0,0.0,-0.32759255170822144
3235,0.0,1.8633407354354858,0.0,0.0,0.0,-2.6142995357513428
3236,0.0,1.8458502292633057,0.0,0.0,0.0,-2.350706100463867
3237,0.0,0.0,0.0,1.9374663829803467,0.0,-2.444667100906372
3238,0.0,0.49520590901374817,0.0,0.0,0.0,0.7681387066841125
3239,0.0,0.26897430419921875,0.262923002243042,0.5207259058952332,0.0,3.55808162689209
3240,0.0,1.7473746538162231,0.0,0.0,0.0,-1.0677649974822998
3241,0.0,1.6498860120773315,0.0,0.0,0.0,-1.223103642463684
3242,1.9756132364273071,0.0,0.0,0.0,0.0,-2.188676595687866
3243,0.0,1.366202712059021,0.0,0.0,0.0,-0.6514261364936829
3244,0.0,0.815100908279419,0.0,0.0,0.0,0.7168206572532654
3245,1.636163353919983,0.0,0.0,0.0,0.0,-1.0998992919921875
3246,0.0,1.3186097145080566,0.0,0.0,0.0,-0.15170706808567047
3247,0.0,0.5822903513908386,0.0,0.0,0.0,0.5092843770980835
3248,0.0,1.7955811023712158,0.0,0.0,0.0,-1.5629082918167114
3249,1.4895224571228027,0.0,1.3548470735549927,0.0,0.0,-0.7314438223838806
3250,0.0,1.8342770338058472,0.0,0.0,0.0,-2.330876111984253
3251,2.1131346225738525,0.0,0.0,0.0,0.0,-2.509636163711548
3252,1.7017289400100708,0.0,0.0,0.0,0.0,-1.2498269081115723
3253,0.9914238452911377,0.0,0.0,0.0,0.0,0.518092691898346
3254,0.0,1.5860425233840942,0.0,0.0,0.0,-1.2939859628677368
3255,0.0,0.9312389492988586,0.0,0.0,0.0,-0.17459990084171295
3256,0.0,1.263784408569336,0.0,0.0,0.0,-0.5282767415046692
3257,0.0,0.0,1.6540298461914062,0.0,0.0,-1.5319318771362305
3258,0.0,0.0,1.2691673040390015,0.0,0.0,-0.4552304446697235
3259,0.0,0.0,0.9880143404006958,0.0,0.0,-0.047850802540779114
3260,0.0,1.75719153881073,0.0,0.0,0.0,-1.9716233015060425
3261,0.0,0.8478479385375977,0.0,0.0,0.0,1.3924469947814941
3262,0.0,1.7942947149276733,0.0,0.0,0.0,-2.302990198135376
3263,0.0,0.9627723693847656,0.0,0.0,0.0,-0.29853248596191406
3264,0.0,0.6597689390182495,0.0,0.0,0.0,2.0065417289733887
3265,1.336474061012268,0.0,0.0,0.0,0.0,-0.00967289600521326
3266,0.48650822043418884,0.0,0.0,0.0,0.0,1.810474157333374
3267,0.0,0.9186307191848755,0.0,0.0,0.0,0.8611579537391663
3268,0.0,1.0692652463912964,0.0,0.0,0.0,0.3122324049472809
3269,0.0,0.8809962868690491,0.0,0.0,0.0,0.5145774483680725
3270,0.0,0.7293543219566345,0.0,0.0,0.0,0.8580854535102844
3271,2.036881923675537,0.0,0.0,0.0,0.0,-2.399212598800659
3272,0.0,1.6771265268325806,0.0,0.0,0.0,-1.3180310726165771
3273,0.31925976276397705,0.27063310146331787,0.0,0.0,0.0,3.2258989810943604
3274,1.4688630104064941,0.0,0.0,0.0,0.0,-0.9167676568031311
3275,0.0,0.0,1.0301778316497803,0.0,0.0,0.2791518568992615
3276,0.0,1.774277925491333,0.0,0.0,0.0,-1.9529516696929932
3277,0.0,0.5647525787353516,0.0,0.0,0.0,0.4017820656299591
3278,0.0,1.277891993522644,0.0,0.0,0.0,-1.184262990951538
3279,2.0120937824249268,0.0,0.0,0.0,0.0,-2.3212437629699707
3280,1.044708013534546,0.8786872029304504,0.0,1.178017020225525,0.0,-0.10935349762439728
3281,1.129224419593811,0.0,0.0,0.0,0.0,-0.08664073050022125
3282,0.0,0.0,1.1081982851028442,0.0,0.0,-0.03119237720966339
3283,0.0,1.6369314193725586,0.0,0.0,0.0,-1.1325136423110962
3284,2.0665807723999023,0.0,0.0,0.0,0.0,-2.4373178482055664
3285,0.43954625725746155,0.3654528260231018,0.0,0.0,0.0,2.232618808746338
3286,0.8569008111953735,0.6690776944160461,0.0,0.0,0.0,0.19679240882396698
3287,0.0,1.8007888793945312,0.0,0.0,0.0,-2.1883199214935303
3288,0.0,0.0,1.7700810432434082,0.0,0.0,-1.8560032844543457
3289,0.0,1.7337759733200073,0.0,0.0,0.0,-1.9006388187408447
3290,0.0,1.0961339473724365,0.0,0.0,0.0,-1.3607149124145508
3291,0.7154168486595154,0.5469464659690857,0.7275819778442383,0.0,0.0,0.5617604851722717
3292,0.0,0.0,1.879274845123291,0.0,0.0,-2.1645004749298096
3293,0.0,1.7240526676177979,0.0,0.0,0.0,-1.8038835525512695
3294,0.7621572613716125,0.0,0.0,0.0,0.0,0.8609617948532104
3295,0.38860154151916504,0.0,0.0,0.0,0.0,3.1355018615722656
3296,2.0549864768981934,0.0,0.0,0.0,0.0,-2.433793067932129
3297,1.1777321100234985,1.2328393459320068,0.0,0.0,0.0,0.9018109440803528
3298,0.77997887134552,0.623324990272522,0.0,0.0,0.0,0.570568859577179
3299,1.568808674812317,0.0,0.0,1.475063681602478,0.0,-0.5008960962295532
3300,1.0141443014144897,0.0,0.0,0.0,0.0,0.5570904612541199
3301,0.0,0.9401512742042542,0.0,0.0,0.0,0.8501388430595398
3302,0.0,1.0548986196517944,0.0,0.0,0.0,0.2918146550655365
3303,0.0,1.7085379362106323,0.0,0.0,0.0,-1.864190697669983
3304,0.0,0.0,0.0,1.1251336336135864,0.0,0.34003233909606934
3305,2.002716541290283,0.0,0.0,0.0,0.0,-2.260732650756836
3306,1.9014148712158203,0.0,0.0,0.0,0.0,-1.7762302160263062
3307,0.0,0.9929697513580322,0.0,0.0,0.0,-0.24902017414569855
3308,2.0650105476379395,0.0,0.0,0.0,0.0,-2.4429852962493896
3309,0.0,1.7514201402664185,0.0,0.0,0.0,-1.4562034606933594
3310,0.0,0.33517399430274963,0.0,0.0,0.0,1.9283862113952637
3311,0.6325263977050781,0.6027629375457764,0.0,0.7684928178787231,0.0,1.9580436944961548
3312,0.0,1.5669655799865723,0.0,0.0,0.0,0.44942787289619446
3313,1.4543389081954956,0.0,0.0,0.0,0.0,0.1038573831319809
3314,0.0,0.3986436724662781,0.0,0.0,0.0,1.4223052263259888
3315,1.8869764804840088,1.6425585746765137,0.0,0.0,0.0,-2.050891876220703
3316,0.0,0.7653075456619263,0.0,0.0,0.0,1.8968874216079712
3317,0.0,0.0,1.057012677192688,0.0,0.0,0.28752222657203674
3318,0.0,0.0,1.3872469663619995,0.0,0.0,-0.8679699897766113
3319,0.0,0.5803503394126892,0.0,0.0,0.0,2.119403839111328
3320,0.0,1.6785335540771484,0.0,0.0,0.0,-1.7058980464935303
3321,0.0,1.528939127922058,0.0,0.0,0.0,-0.5501540303230286
3322,0.0,0.559664249420166,0.0,0.0,0.0,0.4232539236545563
3323,0.0,1.751938819885254,0.0,0.0,0.0,-2.1704039573669434
3324,0.0,0.8547557592391968,0.0,0.0,0.0,-0.16396470367908478
3325,0.0,1.7775652408599854,0.0,0.0,0.0,-2.352108955383301
3326,1.5691003799438477,0.0,0.0,0.0,0.0,-0.2720377445220947
3327,0.0,1.0053107738494873,0.0,0.0,0.0,-1.10476815700531
3328,0.0,0.0,1.6676013469696045,0.0,0.0,-1.567112922668457
3329,0.0,1.8081252574920654,0.0,0.0,0.0,-2.411177635192871
3330,0.0,1.5346622467041016,0.0,0.0,0.0,-0.4799968898296356
3331,0.0,1.7175588607788086,0.0,0.0,0.0,-1.8206779956817627
3332,0.0,0.8199453353881836,0.0,0.0,0.0,1.878485083580017
3333,0.0,1.795333981513977,0.0,0.0,0.0,-2.1888012886047363
3334,1.5462212562561035,0.0,0.0,0.0,0.0,-0.48340046405792236
3335,0.0,1.1062731742858887,0.0,0.0,0.0,-0.6157038807868958
3336,1.661228060722351,0.0,0.0,0.0,0.0,-0.8513011932373047
3337,0.0,0.9494592547416687,0.0,0.0,0.0,0.06274305284023285
3338,1.526348352432251,0.0,0.0,0.0,0.0,-1.3865641355514526
3339,1.4524956941604614,0.0,0.0,0.0,0.0,-0.7912760972976685
3340,0.3203830122947693,0.275216281414032,0.0,0.0,0.0,3.2833950519561768
3341,0.589551568031311,0.0,0.0,0.0,0.0,2.310962677001953
3342,0.0,0.0,0.0,0.7872759699821472,0.0,1.6494492292404175
3343,0.0,0.0,1.7847084999084473,0.0,0.0,-1.8571069240570068
3344,0.0,1.6921298503875732,0.0,0.0,0.0,-1.426408290863037
3345,1.956369400024414,0.0,0.0,0.0,0.0,-2.088137626647949
3346,0.0,1.556658387184143,0.0,0.0,0.0,-0.4747942090034485
3347,0.0,1.3134404420852661,0.0,0.0,0.0,0.03686581552028656
3348,1.9062250852584839,0.0,0.0,0.0,0.0,-1.9791994094848633
3349,0.0,1.2804621458053589,0.0,0.0,0.0,0.12408600747585297
3350,0.0,0.49239417910575867,0.0,0.0,0.0,1.0216401815414429
3351,0.0,1.63572096824646,0.0,0.0,0.0,-0.5256780982017517
3352,0.0,0.0,0.0,1.0023751258850098,0.0,0.5446904301643372
3353,0.0,0.0,0.3254759609699249,0.0,0.0,3.154752016067505
3354,0.0,0.0,1.1012130975723267,0.0,0.0,0.05706880986690521
3355,0.0,1.3405241966247559,0.0,0.0,0.0,-1.1204173564910889
3356,1.9071569442749023,0.0,0.0,0.0,0.0,-1.9585590362548828
3357,0.382735937833786,0.31275713443756104,0.0,0.0,0.0,2.5629055500030518
3358,0.0,1.5699135065078735,0.0,0.0,0.0,-1.2864516973495483
3359,0.0,1.0928164720535278,0.0,0.0,0.0,0.7435938715934753
3360,0.0,1.278566837310791,0.0,0.0,0.0,-0.908315122127533
3361,0.0,1.671025037765503,0.0,0.0,0.0,-1.3245363235473633
3362,0.0,1.2602871656417847,0.0,0.0,0.0,0.5122359395027161
3363,0.0,1.639992356300354,0.0,0.0,0.0,-1.1892155408859253
3364,0.0,0.816568911075592,0.0,0.0,0.0,0.8491691946983337
3365,1.7993276119232178,0.0,0.0,0.0,0.0,-1.5627079010009766
3366,0.0,0.8012308478355408,0.0,0.0,0.0,-0.1447114497423172
3367,0.0,0.6846358180046082,0.0,0.0,0.0,0.2700413763523102
3368,0.9024576544761658,0.0,0.0,0.0,0.0,0.8557913899421692
3369,1.5495760440826416,0.0,0.0,0.0,0.0,-0.5572664141654968
3370,0.0,1.3857589960098267,0.0,0.0,0.0,-0.22831834852695465
3371,0.0,1.649224877357483,0.0,0.0,0.0,-1.1980209350585938
3372,0.9761788249015808,0.0,0.0,0.0,0.0,1.190698266029358
3373,0.0,1.415020227432251,0.0,0.0,0.0,-0.16592486202716827
3374,0.0,1.086164116859436,0.0,0.0,0.0,1.1767834424972534
3375,0.0,1.1562410593032837,0.0,0.0,0.0,1.4945541620254517
3376,0.0,1.8093230724334717,0.0,0.0,0.0,-2.085277795791626
3377,0.0,1.3670032024383545,0.0,0.0,0.0,-1.5712018013000488
3378,0.0,1.8088328838348389,0.0,0.0,0.0,-2.1653125286102295
3379,0.0,1.6028097867965698,0.0,0.0,0.0,0.29759445786476135
3380,0.0,1.6703823804855347,0.0,0.0,0.0,-0.15145434439182281
3381,1.4878894090652466,0.0,0.0,0.0,0.0,-0.5989993810653687
3382,0.0,0.7142961025238037,0.0,0.0,0.0,1.178615927696228
3383,0.0,1.2596074342727661,0.0,0.0,0.0,-0.3232610523700714
3384,0.0,0.32707318663597107,0.0,0.0,0.0,1.732269287109375
3385,0.0,0.0,0.0,1.0600279569625854,0.0,0.708568811416626
3386,0.6645972728729248,0.5202920436859131,0.0,0.0,0.0,0.9022544026374817
3387,0.0,1.7801648378372192,0.0,0.0,0.0,-2.2858049869537354
3388,0.0,1.6232882738113403,0.0,0.0,0.0,-1.086935043334961
3389,0.0,0.8875349164009094,0.0,0.0,0.0,0.26735129952430725
3390,0.0,1.7249557971954346,0.0,0.0,0.0,-1.8114516735076904
3391,2.0504543781280518,0.0,0.0,0.0,0.0,-2.3851099014282227
3392,0.0,1.759840726852417,0.0,0.0,0.0,-2.204172134399414
3393,0.0,0.9523569941520691,0.0,0.0,0.0,-0.16351284086704254
3394,0.0,0.5435886383056641,0.0,0.0,0.0,2.2613649368286133
3395,0.0,0.8548703193664551,0.0,0.0,0.0,1.1165412664413452
3396,0.0,1.8774861097335815,0.0,0.0,0.0,-2.522948741912842
3397,0.0,1.6227538585662842,0.0,0.0,0.0,0.12209312617778778
3398,0.0,0.9568458199501038,0.0,0.0,0.0,-0.06558604538440704
3399,2.0648837089538574,0.0,0.0,0.0,0.0,-2.4246294498443604
3400,0.0,0.0,1.5273592472076416,0.0,0.0,-1.233492374420166
3401,1.5975888967514038,0.0,0.0,0.0,0.0,-0.8564325571060181
3402,0.0,1.738963007926941,0.0,0.0,0.0,-2.0123422145843506
3403,1.7963573932647705,0.0,0.0,0.0,0.0,-1.4357627630233765
3404,0.0,1.6108808517456055,0.0,0.0,0.0,-1.1167206764221191
3405,0.0,0.0,1.762379765510559,0.0,0.0,-1.8084971904754639
3406,0.0,1.4043083190917969,0.0,0.0,0.0,0.7468915581703186
3407,0.5442184209823608,0.5302438735961914,0.0,0.0,0.0,2.371429681777954
3408,0.0,1.8072580099105835,0.0,0.0,0.0,-2.315544605255127
3409,1.312425971031189,0.0,0.0,0.0,0.0,0.3349144458770752
3410,1.214176058769226,1.139707326889038,1.062424659729004,0.0,0.0,0.13698790967464447
3411,0.8922953605651855,0.0,0.0,0.0,0.0,1.1242023706436157
3412,0.9546872973442078,0.0,0.0,0.0,0.0,0.3968082368373871
3413,0.0,1.055114984512329,0.0,0.0,0.0,-0.24498076736927032
3414,1.3709145784378052,0.0,0.0,0.0,0.0,0.23739264905452728
3415,0.0,1.1815861463546753,0.0,0.0,0.0,0.6207817196846008
3416,0.0,0.8266671299934387,0.0,0.0,0.0,1.2414761781692505
3417,0.0,1.787606954574585,0.0,0.0,0.0,-2.147529125213623
3418,0.0,1.6561329364776611,0.0,0.0,0.0,-1.6693288087844849
3419,0.0,0.4002056419849396,0.39819952845573425,0.0,0.0,2.4468302726745605
3420,1.5814659595489502,0.0,0.0,0.0,0.0,-0.7125902771949768
3421,0.0,1.5518707036972046,0.0,0.0,0.0,-0.5583363771438599
3422,0.0,1.244102120399475,0.0,0.0,0.0,0.8014017343521118
3423,1.7998958826065063,0.0,0.0,0.0,0.0,-1.5679681301116943
3424,0.0,1.769971489906311,0.0,0.0,0.0,-2.157640218734741
3425,0.0,1.7548741102218628,0.0,0.0,0.0,-1.9462909698486328
3426,1.6792254447937012,0.0,0.0,0.0,0.0,-1.1082621812820435
3427,0.0,1.7169948816299438,0.0,0.0,0.0,-1.3395678997039795
3428,0.0,1.7158254384994507,0.0,0.0,0.0,-0.9713218808174133
3429,1.7616270780563354,0.0,0.0,0.0,0.0,-1.4118279218673706
3430,0.0,1.9046274423599243,0.0,0.0,0.0,-2.631201982498169
3431,0.0,0.46564218401908875,0.0,0.0,0.0,2.4617600440979004
3432,2.0701351165771484,0.0,0.0,0.0,0.0,-2.42441725730896
3433,2.023538589477539,0.0,0.0,0.0,0.0,-2.3185837268829346
3434,0.8369051814079285,0.638576865196228,0.0,0.0,0.0,0.15379111468791962
3435,0.0,0.37246736884117126,0.0,0.0,0.0,1.3097105026245117
3436,0.9358823895454407,0.0,0.0,0.0,0.0,1.0750972032546997
3437,0.975597083568573,0.0,0.0,0.0,0.0,1.301753044128418
3438,0.0,1.8144510984420776,0.0,0.0,0.0,-2.386395215988159
3439,0.0,1.3612046241760254,0.0,0.0,0.0,0.008519812487065792
3440,0.0,0.0,0.7632803320884705,0.0,0.0,0.8580747842788696
3441,0.0,1.7842952013015747,0.0,0.0,0.0,-2.13606858253479
3442,0.0,1.4551520347595215,0.0,0.0,0.0,-0.08239860832691193
3443,0.0,0.0,1.7292369604110718,0.0,0.0,-1.7260546684265137
3444,0.0,1.5314912796020508,0.0,0.0,0.0,-0.9853695631027222
3445,1.091012954711914,0.0,0.0,0.0,0.0,-0.5026203393936157
3446,0.744084894657135,0.0,0.0,0.0,0.0,0.6482716798782349
3447,0.0,0.9030662178993225,0.0,0.0,0.0,-0.5499258041381836
3448,0.0,1.8493268489837646,0.0,0.0,0.0,-2.3657031059265137
3449,0.0,1.018234372138977,0.0,0.0,0.0,-0.9937722086906433
3450,0.0,1.0039697885513306,0.0,0.0,0.0,-1.0900791883468628
3451,0.32851970195770264,0.27240583300590515,0.0,0.0,0.0,3.1122491359710693
3452,2.113631248474121,0.0,0.0,0.0,0.0,-2.559431314468384
3453,0.0,0.8802582621574402,0.0,0.0,0.0,0.04071973264217377
3454,0.0,0.0,0.7470947504043579,0.0,0.0,0.9460641741752625
3455,1.9572474956512451,0.0,0.0,0.0,0.0,-2.1105215549468994
3456,0.9345026016235352,0.0,0.0,0.0,0.0,0.7210149168968201
3457,0.0,1.11777925491333,0.0,1.0707149505615234,0.0,0.9320523142814636
3458,0.0,0.33528292179107666,0.0,0.0,0.0,2.9538185596466064
3459,0.0,1.7088733911514282,0.0,0.0,0.0,-1.3870291709899902
3460,0.0,0.43139442801475525,0.0,0.8289990425109863,0.0,0.9198576807975769
3461,0.0,0.0,1.8302433490753174,0.0,0.0,-2.0013692378997803
3462,1.2688075304031372,0.0,0.0,0.0,0.0,0.44026803970336914
3463,0.0,0.9742476344108582,0.0,0.0,0.0,1.4359103441238403
3464,0.0,1.653939127922058,0.0,0.0,0.0,-1.365936279296875
3465,0.0,1.502315640449524,0.0,0.0,0.0,-0.877382755279541
3466,0.0,0.0,1.7624651193618774,0.0,0.0,-1.8175644874572754
3467,0.6871621012687683,0.6054346561431885,0.0,0.0,0.0,1.2931863069534302
3468,2.00091552734375,0.0,0.0,0.0,0.0,-2.2798593044281006
3469,0.0,0.8566682934761047,0.0,0.0,0.0,0.9261221289634705
3470,2.047039747238159,0.0,0.0,0.0,0.0,-2.3645613193511963
3471,0.8346786499023438,0.7246659398078918,0.0,0.0,0.0,0.8016553521156311
3472,1.1129945516586304,0.0,0.0,0.0,0.0,0.09781675040721893
3473,1.77138352394104,0.0,0.0,0.0,0.0,-1.3316155672073364
3474,0.0,0.5467955470085144,0.0,0.0,0.0,1.821523666381836
3475,0.0,0.0,0.5920769572257996,0.0,0.0,1.6745049953460693
3476,0.832687497138977,0.0,0.0,0.0,0.0,1.6557368040084839
3477,1.4488542079925537,1.4208345413208008,0.0,0.0,0.0,-0.17286540567874908
3478,1.7850171327590942,0.0,0.0,0.0,0.0,-1.4685852527618408
3479,0.0,1.589583396911621,1.714148998260498,0.0,0.0,-1.7369643449783325
3480,0.0,0.7588234543800354,0.0,0.0,0.0,0.9175336956977844
3481,0.0,0.5594553351402283,0.0,0.0,0.0,1.5703115463256836
3482,1.0150223970413208,0.0,0.0,0.0,0.0,-0.21380795538425446
3483,0.0,1.7486215829849243,0.0,0.0,0.0,-2.1912591457366943
3484,0.0,1.623986005783081,0.0,0.0,0.0,-0.5835921764373779
3485,0.0,1.192021369934082,0.0,0.0,0.0,0.33746638894081116
3486,0.0,0.5297790765762329,0.0,0.0,0.0,0.9817573428153992
3487,0.0,1.6321393251419067,0.0,0.0,0.0,-0.4905602037906647
3488,0.0,1.8431203365325928,0.0,0.0,0.0,-2.414360284805298
3489,0.0,1.1578274965286255,0.0,0.0,0.0,-1.1968086957931519
3490,0.0,1.482408881187439,0.0,0.0,0.0,-0.14770902693271637
3491,0.0,1.8507838249206543,0.0,0.0,0.0,-2.407498598098755
3492,0.0,1.7781996726989746,0.0,0.0,0.0,-2.01680326461792
3493,0.0,1.2194932699203491,0.0,0.0,0.0,-0.12172795832157135
3494,0.0,0.8965660929679871,0.0,0.0,0.0,-0.5876768231391907
3495,0.0,1.0685728788375854,0.0,0.0,0.0,-0.09752978384494781
3496,0.4049730598926544,0.30199360847473145,0.0,0.0,0.0,1.9663820266723633
3497,0.0,1.184816837310791,0.0,0.0,0.0,-0.47562703490257263
3498,0.0,1.2580997943878174,0.0,0.0,0.0,0.6894256472587585
3499,0.7896683216094971,0.7627487182617188,0.0,0.0,0.0,1.4405229091644287
3500,0.0,1.595198631286621,0.0,0.0,0.0,-0.9420841336250305
3501,0.0,1.0521472692489624,0.0,0.0,0.0,-0.4195520579814911
3502,0.6317830681800842,0.6620281934738159,0.0,0.0,0.0,2.218693494796753
3503,0.0,1.7884854078292847,0.0,0.0,0.0,-2.2238433361053467
3504,0.0,0.590309739112854,0.0,0.0,0.0,0.30318161845207214
3505,0.0,1.3774441480636597,0.0,0.0,0.0,-0.9345796704292297
3506,0.0,0.0,1.3554168939590454,0.0,0.0,-0.7211959958076477
3507,0.0,1.5442230701446533,0.0,0.0,0.0,-0.574170708656311
3508,0.0,1.8330755233764648,0.0,0.0,0.0,-2.3244435787200928
3509,0.0,0.5383138656616211,0.0,0.0,0.0,0.4043639302253723
3510,1.577991008758545,0.0,0.0,0.0,0.0,-0.7530085444450378
3511,0.0,0.0,0.0,1.484623670578003,0.0,-0.866377055644989
3512,0.0,1.7910035848617554,0.0,0.0,0.0,-2.235956907272339
3513,0.0,1.7008740901947021,0.0,0.0,0.0,-1.557397484779358
3514,1.575758695602417,0.0,0.0,0.0,0.0,-1.5595998764038086
3515,0.0,0.7070651054382324,0.0,0.0,0.0,-0.08045966923236847
3516,0.0,0.6943586468696594,0.0,0.0,0.0,-0.09835506975650787
3517,0.0,1.4028633832931519,0.0,0.0,0.0,0.32083946466445923
3518,0.3359753489494324,0.0,0.3016017973423004,0.0,0.0,3.022127151489258
3519,0.0,0.4297885000705719,0.0,0.6959229111671448,0.0,1.9718546867370605
3520,0.0,0.7127060294151306,0.5737571120262146,0.0,0.0,1.8985702991485596
3521,0.7189244627952576,0.6229660511016846,0.0,0.0,0.0,1.1697322130203247
3522,0.0,0.0,1.2614550590515137,0.0,0.0,-0.42253175377845764
3523,0.0,1.7324459552764893,0.0,0.0,0.0,-1.9038121700286865
3524,1.5617624521255493,1.4078471660614014,0.0,0.0,0.0,-1.0066180229187012
3525,0.0,0.0,1.376990556716919,0.0,0.0,-0.8751112818717957
3526,2.0755717754364014,0.0,0.0,0.0,0.0,-2.5080103874206543
3527,0.0,1.5385310649871826,0.0,0.0,0.0,-0.3893762528896332
3528,0.0,0.9179601073265076,0.0,0.0,0.0,0.4299454092979431
3529,0.0,0.9185949563980103,0.0,0.0,0.0,-0.711810290813446
3530,0.0,1.7162338495254517,0.0,0.0,0.0,-0.7637157440185547
3531,0.0,1.874550223350525,0.0,0.0,0.0,-2.41693377494812
3532,1.9530951976776123,0.0,0.0,0.0,0.0,-2.103235960006714
3533,1.7266349792480469,0.0,0.0,0.0,0.0,-0.7203910946846008
3534,0.0,1.5010253190994263,0.0,0.0,0.0,-0.39860275387763977
3535,0.0,1.225753903388977,0.0,0.0,0.0,-0.6217930912971497
3536,2.087926149368286,0.0,0.0,0.0,0.0,-2.5283377170562744
3537,0.0,0.720170259475708,0.0,0.0,0.0,1.415513277053833
3538,0.0,0.4782015085220337,0.37914392352104187,0.6074256896972656,0.0,2.8368918895721436
3539,0.0,0.0,0.0,1.4785451889038086,0.0,-0.7449624538421631
3540,0.0,1.01914381980896,0.0,0.0,0.0,0.0724172443151474
3541,0.0,0.0,1.4543159008026123,0.0,0.0,-0.9990358948707581
3542,0.5774098038673401,0.5782200694084167,0.0,0.0,0.0,2.3877782821655273
3543,0.0,0.0,1.3556292057037354,0.0,0.0,-1.0214409828186035
3544,0.0,1.7424899339675903,0.0,0.0,0.0,-1.5978004932403564
3545,0.0,1.508631706237793,0.0,0.0,0.0,-0.37464290857315063
3546,0.0,0.579766571521759,0.0,0.0,0.0,1.395689606666565
3547,0.0,1.253025770187378,0.0,0.0,0.0,-1.4537420272827148
3548,0.7387470602989197,0.0,0.0,0.0,0.0,1.7023309469223022
3549,0.0,1.1860015392303467,0.0,0.0,0.0,1.1102073192596436
3550,0.9474225044250488,0.8343116641044617,0.0,1.0719329118728638,0.0,0.43608149886131287
3551,0.0,1.7557625770568848,0.0,0.0,0.0,-2.0931546688079834
3552,1.6849263906478882,0.0,0.0,0.0,0.0,-1.0989949703216553
3553,0.0,1.7614078521728516,0.0,0.0,0.0,-2.0991528034210205
3554,0.0,0.0,0.8201051950454712,0.0,0.0,0.8394504189491272
3555,0.0,1.765252709388733,0.0,0.0,0.0,-1.5324680805206299
3556,1.5551713705062866,0.0,0.0,0.0,0.0,-0.6166309714317322
3557,0.0,1.792574405670166,0.0,0.0,0.0,-2.0961501598358154
3558,0.0,1.4476425647735596,0.0,0.0,0.0,-0.0348445326089859
3559,0.0,1.3576856851577759,0.0,0.0,0.0,0.37848904728889465
3560,0.7403368353843689,0.5567700862884521,0.0,0.0,0.0,0.3824837803840637
3561,0.0,1.6244661808013916,0.0,0.0,0.0,-0.9610388875007629
3562,0.0,0.4569433629512787,0.0,0.0,0.0,1.7108001708984375
3563,0.0,0.32095348834991455,0.0,0.0,0.0,2.996650218963623
3564,0.35458409786224365,0.0,0.29709362983703613,0.0,0.0,3.3149526119232178
3565,0.0,1.8680367469787598,0.0,0.0,0.0,-2.5338828563690186
3566,0.0,1.7530598640441895,0.0,1.8905774354934692,0.0,-2.3130314350128174
3567,0.0,0.3050156831741333,0.0,0.0,0.0,3.1619791984558105
3568,0.0,1.1418818235397339,0.0,0.0,0.0,0.8831529021263123
3569,0.0,1.17983877658844,0.0,0.0,0.0,-0.7821696400642395
3570,2.016780376434326,0.0,0.0,0.0,0.0,-2.268855333328247
3571,0.0,0.8269780874252319,0.0,0.0,0.0,0.2327738255262375
3572,1.9489175081253052,0.0,0.0,0.0,0.0,-2.0834362506866455
3573,0.7973080277442932,0.0,0.0,0.0,0.0,0.30968141555786133
3574,1.4858713150024414,0.0,0.0,0.0,0.0,-0.37251225113868713
3575,1.4998962879180908,0.0,0.0,0.0,0.0,-0.8743844032287598
3576,0.0,1.7139030694961548,0.0,0.0,0.0,-1.825178623199463
3577,0.7386265397071838,0.0,0.0,0.0,0.0,1.199231505393982
3578,0.0,0.7327584624290466,0.0,0.0,0.0,-0.2641832232475281
3579,0.0,1.4138216972351074,0.0,0.0,0.0,0.6481336355209351
3580,1.9112988710403442,1.6736435890197754,0.0,0.0,0.0,-2.0732269287109375
3581,0.0,1.4894472360610962,0.0,0.0,0.0,-0.9768815636634827
3582,0.0,1.9398826360702515,0.0,0.0,0.0,-2.667677879333496
3583,0.0,0.0,0.0,1.6855605840682983,0.0,-1.5319641828536987
3584,0.0,1.2245700359344482,0.0,0.0,0.0,-0.20786525309085846
3585,0.0,1.0622007846832275,0.0,0.0,0.0,1.0435811281204224
3586,0.6375290155410767,0.0,0.0,0.0,0.0,1.2829262018203735
3587,1.5425828695297241,0.0,0.0,0.0,0.0,-0.1966734677553177
3588,0.0,1.7019448280334473,0.0,0.0,0.0,-1.5293166637420654
3589,0.0,1.0900977849960327,0.0,0.0,0.0,0.8496139049530029
3590,0.0,0.36720240116119385,0.0,0.0,0.0,1.5561095476150513
3591,0.0,0.31693974137306213,0.0,0.0,0.0,3.060117483139038
3592,0.0,1.8139177560806274,0.0,0.0,0.0,-2.208169460296631
3593,0.0,0.0,1.3673720359802246,0.0,0.0,-0.7496585845947266
3594,0.0,1.8533389568328857,0.0,0.0,0.0,-2.51017165184021
3595,0.716003954410553,0.0,0.0,0.0,0.0,1.2719050645828247
3596,1.9163970947265625,1.6787127256393433,0.0,0.0,0.0,-2.0772922039031982
3597,0.0,1.5505963563919067,1.6061370372772217,0.0,0.0,-1.4073004722595215
3598,0.0,0.9901966452598572,0.0,0.0,0.0,0.9616347551345825
3599,0.0,0.0,1.3997008800506592,0.0,0.0,-0.8851410150527954
3600,0.0,0.9418777227401733,0.0,0.0,0.0,-0.0915110856294632
3601,0.0,1.2097233533859253,0.0,0.0,0.0,0.1632191389799118
3602,0.0,1.3269742727279663,0.0,0.0,0.0,-0.05560208857059479
3603,0.0,1.0140748023986816,0.0,0.0,0.0,-0.7061113119125366
3604,1.9721949100494385,0.0,0.0,0.0,0.0,-2.164600133895874
3605,0.0,0.9643676280975342,0.0,0.0,0.0,-0.9545060396194458
3606,0.0,1.3470702171325684,0.0,0.0,0.0,-0.32701703906059265
3607,0.0,1.571276307106018,0.0,0.0,0.0,-0.4527410566806793
3608,0.0,1.0578957796096802,0.0,0.0,0.0,1.0309040546417236
3609,0.0,0.0,0.9541231989860535,0.0,0.0,0.18529574573040009
3610,0.0,1.4626303911209106,0.0,0.0,0.0,0.38828039169311523
3611,0.5809728503227234,0.0,0.0,0.0,0.0,1.4646257162094116
3612,0.0,1.2148550748825073,0.0,0.0,0.0,0.39664459228515625
3613,0.0,0.46801504492759705,0.0,0.0,0.0,0.948931872844696
3614,0.0,1.6918401718139648,0.0,0.0,0.0,-1.9903934001922607
3615,0.0,1.271121621131897,0.0,0.0,0.0,-1.2555155754089355
3616,0.0,0.5170365571975708,0.0,0.0,0.0,1.0588641166687012
3617,0.0,1.6097416877746582,0.0,0.0,0.0,-1.1126537322998047
3618,0.0,0.6964195966720581,0.0,0.0,0.0,2.110703229904175
3619,0.0,1.5899450778961182,0.0,0.0,0.0,-1.1360112428665161
3620,0.0,1.090670108795166,0.0,0.0,0.0,0.197207972407341
3621,0.3654486835002899,0.31097087264060974,0.0,0.0,0.0,3.02508282661438
3622,0.0,1.1283642053604126,0.0,0.0,0.0,1.3103606700897217
3623,0.0,1.2901618480682373,0.0,0.0,0.0,-1.5326133966445923
3624,0.0,0.0,0.598092257976532,0.0,0.0,1.7305017709732056
3625,0.0,1.3834766149520874,0.0,0.0,0.0,0.18491218984127045
3626,0.0,1.2571097612380981,0.0,0.0,0.0,-0.19250406324863434
3627,0.0,1.51308274269104,0.0,0.0,0.0,0.33520764112472534
3628,0.9937703013420105,0.0,0.0,0.0,0.0,0.4935014247894287
3629,0.0,1.1942857503890991,0.0,0.0,0.0,-0.46247920393943787
3630,0.0,1.682479739189148,0.0,0.0,0.0,-0.9626134634017944
3631,1.9972984790802002,0.0,0.0,0.0,0.0,-2.2500851154327393
3632,0.0,1.2003589868545532,0.0,0.0,0.0,-1.2315936088562012
3633,0.6314568519592285,0.5338278412818909,0.0,0.0,0.0,1.2834235429763794
3634,0.8114617466926575,0.6487310528755188,0.0,1.0034476518630981,0.0,0.5229645371437073
3635,0.0,1.5823320150375366,0.0,0.0,0.0,-1.0264836549758911
3636,1.7036466598510742,0.0,0.0,0.0,0.0,-1.1461262702941895
3637,0.0,0.761182427406311,0.0,0.0,0.0,0.9698099493980408
3638,0.0,0.0,1.6863690614700317,0.0,0.0,-1.6416349411010742
3639,0.0,1.1425334215164185,0.0,0.0,0.0,-0.0036630192771553993
3640,0.0,0.0,0.9783172607421875,1.1540749073028564,0.0,-0.014375166036188602
3641,1.4713367223739624,0.0,0.0,0.0,0.0,-0.24416159093379974
3642,0.0,1.651367425918579,0.0,0.0,0.0,-1.2350375652313232
3643,0.0,0.4528068006038666,0.0,0.0,0.0,1.781062364578247
3644,1.867525339126587,1.6298048496246338,0.0,0.0,0.0,-1.9865392446517944
3645,0.0,0.40372055768966675,0.0,0.0,0.0,1.7559763193130493
3646,1.9734801054000854,0.0,0.0,0.0,0.0,-2.176076889038086
3647,0.0,1.8626160621643066,0.0,0.0,0.0,-2.358440637588501
3648,0.0,0.6973329782485962,0.0,0.0,0.0,0.04201357066631317
3649,0.42410802841186523,0.34938687086105347,0.0,0.0,0.0,2.245593309402466
3650,0.0,0.9428937435150146,0.0,0.0,0.0,1.7545864582061768
3651,0.0,0.0,1.6786599159240723,0.0,0.0,-1.5933600664138794
3652,0.0,1.7920607328414917,0.0,0.0,0.0,-2.226577043533325
3653,2.0238287448883057,0.0,0.0,0.0,0.0,-2.3063724040985107
3654,0.544055163860321,0.5493375062942505,0.4382264018058777,0.0,0.0,2.4924280643463135
3655,0.0,1.137391448020935,0.0,0.0,0.0,1.2303650379180908
3656,0.0,0.0,1.198582649230957,0.0,0.0,-0.6187731623649597
3657,0.0,0.0,0.40606483817100525,0.0,0.0,2.6548919677734375
3658,0.878619372844696,0.0,0.0,0.0,0.0,0.20564274489879608
3659,1.5430060625076294,0.0,0.0,0.0,0.0,-0.548744261264801
3660,1.006610631942749,0.0,0.0,0.0,0.0,1.1483100652694702
3661,0.0,1.4879692792892456,0.0,0.0,0.0,0.20112644135951996
3662,1.6447432041168213,0.0,0.0,0.0,0.0,-1.1035749912261963
3663,1.26569402217865,0.0,0.0,0.0,0.0,0.2089555710554123
3664,0.0,1.1099461317062378,0.0,0.0,0.0,-0.7612503170967102
3665,0.0,1.6389414072036743,0.0,0.0,0.0,-1.1433160305023193
3666,0.0,1.2459065914154053,0.0,0.0,0.0,1.1544718742370605
3667,0.0,1.6227108240127563,1.7376129627227783,0.0,0.0,-1.7755379676818848
3668,0.0,1.1292082071304321,0.0,0.0,0.0,-0.9759527444839478
3669,0.0,0.8631477355957031,0.0,0.0,0.0,0.73972088098526
3670,0.0,1.6708863973617554,0.0,0.0,0.0,-1.3484289646148682
3671,0.0,0.7589781880378723,0.0,0.0,0.0,0.7298356890678406
3672,0.0,1.3656892776489258,0.0,0.0,0.0,-0.5269139409065247
3673,0.0,1.5923490524291992,0.0,0.0,0.0,-0.7813524007797241
3674,0.0,1.175113558769226,0.0,0.0,0.0,-1.163315773010254
3675,0.0,0.0,0.0,1.6921558380126953,0.0,-1.7069048881530762
3676,0.0,1.3422460556030273,0.0,0.0,0.0,-0.21948648989200592
3677,0.0,1.7739447355270386,0.0,0.0,0.0,-2.1630349159240723
3678,0.0,1.169646143913269,0.0,0.0,0.0,0.4512120485305786
3679,0.3943694829940796,0.31667599081993103,0.0,0.6079902648925781,0.0,2.1171321868896484
3680,0.0,0.0,1.4403541088104248,0.0,0.0,-0.9588136076927185
3681,0.0,1.6904224157333374,0.0,0.0,0.0,-1.3858563899993896
3682,0.0,1.2131916284561157,0.0,0.0,0.0,-1.0888077020645142
3683,1.400799036026001,1.4582533836364746,0.0,0.0,0.0,0.3414573073387146
3684,0.0,0.7045567035675049,0.0,0.0,0.0,-0.14483220875263214
3685,1.4792335033416748,0.0,0.0,0.0,0.0,0.06122051179409027
3686,0.0,0.9627760648727417,0.0,0.0,0.0,-0.42823731899261475
3687,0.0,1.2665159702301025,0.0,0.0,0.0,-1.2970186471939087
3688,0.0,1.5110857486724854,0.0,0.0,0.0,0.2583230137825012
3689,0.0,0.7039991617202759,0.0,0.0,0.0,1.8679440021514893
3690,0.0,1.3945679664611816,0.0,0.0,0.0,0.6838847994804382
3691,0.0,1.6138991117477417,1.7376888990402222,0.0,0.0,-1.7862796783447266
3692,0.0,1.859220027923584,0.0,0.0,0.0,-2.4152581691741943
3693,1.9703716039657593,0.0,0.0,0.0,0.0,-2.170205593109131
3694,0.0,1.9842133522033691,0.0,0.0,0.0,-2.6975603103637695
3695,0.0,0.0,0.0,1.9894436597824097,0.0,-2.6193840503692627
3696,0.0,1.425071120262146,0.0,0.0,0.0,-0.09243102371692657
3697,0.0,0.0,0.5687427520751953,0.7866812348365784,0.0,1.3183434009552002
3698,0.0,1.9396673440933228,0.0,0.0,0.0,-2.860274314880371
3699,0.0,0.0,1.1165903806686401,0.0,0.0,-0.06936855614185333
3700,0.40219244360923767,0.0,0.0,0.0,0.0,2.986961841583252
3701,0.5639663338661194,0.0,0.0,0.0,0.0,1.2644317150115967
3702,1.008091688156128,0.0,0.0,0.0,0.0,0.8819394111633301
3703,0.0,1.1031237840652466,0.0,1.4323326349258423,0.0,-1.0006065368652344
3704,0.0,1.216370701789856,0.0,0.0,0.0,-0.335662841796875
3705,0.0,1.7690534591674805,0.0,0.0,0.0,-2.0092828273773193
3706,0.0,0.9707289338111877,0.0,0.0,0.0,0.04103080928325653
3707,0.0,1.0392736196517944,0.0,0.0,0.0,-0.11681319773197174
3708,1.0606478452682495,0.0,0.0,0.0,0.0,0.268994003534317
3709,0.0,0.3399220407009125,0.0,0.0,0.0,2.8107035160064697
3710,0.0,0.3229456841945648,0.0,0.0,0.0,2.2900116443634033
3711,2.0276126861572266,0.0,0.0,0.0,0.0,-2.344928503036499
3712,0.0,0.0,1.8254586458206177,0.0,0.0,-1.9917371273040771
3713,0.0,1.1517930030822754,0.0,0.0,0.0,-1.3052715063095093
3714,0.9477256536483765,0.9303764700889587,0.0,0.0,0.0,1.1350823640823364
3715,0.0,0.959244430065155,0.0,0.0,0.0,0.03927306830883026
3716,0.0,1.7603510618209839,0.0,0.0,0.0,-2.026045799255371
3717,0.0,1.6361451148986816,0.0,0.0,0.0,-0.5400102138519287
3718,0.0,1.8738467693328857,0.0,0.0,0.0,-2.4851596355438232
3719,0.9603312015533447,0.0,0.0,0.0,0.0,0.801273763179779
3720,0.0,0.0,0.0,1.7429325580596924,0.0,-1.8095234632492065
3721,1.1717807054519653,0.0,0.0,0.0,0.0,0.8144055008888245
3722,0.0,1.7571684122085571,0.0,0.0,0.0,-2.104306221008301
3723,0.0,1.6966882944107056,0.0,0.0,0.0,-1.7672117948532104
3724,0.0,0.0,1.0303597450256348,0.0,0.0,0.2511412799358368
3725,0.0,0.9764872193336487,0.0,0.0,0.0,-0.03813834488391876
3726,0.0,1.5184639692306519,0.0,0.0,0.0,-0.42242276668548584
3727,0.0,1.5428341627120972,0.0,0.0,0.0,0.2501032054424286
3728,0.8314033150672913,0.0,0.0,0.0,0.0,0.8230843544006348
3729,0.0,1.2245324850082397,0.0,0.0,0.0,-1.021934986114502
3730,0.0,0.0,1.7821615934371948,0.0,0.0,-1.8730852603912354
3731,0.0,0.8884709477424622,0.0,0.9768861532211304,0.0,1.1658226251602173
3732,0.0,1.3765586614608765,0.0,0.0,0.0,-0.7018258571624756
3733,0.0,0.0,0.0,0.8463384509086609,0.0,1.5860612392425537
3734,0.0,0.55128413438797,0.0,0.0,0.0,2.180305004119873
3735,0.0,1.823074221611023,0.0,0.0,0.0,-2.251783847808838
3736,0.288166880607605,0.22994722425937653,0.27154919505119324,0.0,0.0,3.1992058753967285
3737,0.0,0.6694270372390747,0.0,0.0,0.0,-0.17265506088733673
3738,0.0,1.1204679012298584,0.0,0.0,0.0,-0.23478762805461884
3739,1.8300542831420898,0.0,0.0,0.0,0.0,-1.5777267217636108
3740,0.0,0.0,0.0,1.923533320426941,0.0,-2.408043622970581
3741,0.0,0.40031567215919495,0.0,0.0,0.0,1.8002409934997559
3742,2.0297961235046387,0.0,0.0,0.0,0.0,-2.3345563411712646
3743,0.0,1.4982331991195679,0.0,0.0,0.0,-0.18692471086978912
3744,0.0,0.0,0.0,0.9930354952812195,0.0,0.7402674555778503
3745,0.0,1.207451343536377,0.0,0.0,0.0,0.08046351373195648
3746,0.0,0.0,1.1299000978469849,0.0,0.0,-0.38048675656318665
3747,1.9510682821273804,0.0,0.0,0.0,0.0,-2.089834451675415
3748,0.0,1.7368444204330444,0.0,0.0,0.0,-1.8914333581924438
3749,0.0,1.2391538619995117,0.0,0.0,0.0,1.00984525680542
3750,0.0,0.6904527544975281,0.0,0.0,0.0,1.3539197444915771
3751,0.0,0.0,0.9004467725753784,0.0,0.0,0.40269702672958374
3752,0.3906220495700836,0.0,0.0,0.0,0.0,3.1198060512542725
3753,0.0,1.0158696174621582,0.0,0.0,0.0,1.4867359399795532
3754,0.0,0.0,0.0,0.5674160718917847,0.0,3.1550567150115967
3755,0.0,0.0,1.6468838453292847,1.6708757877349854,0.0,-1.5401408672332764
3756,0.0,0.0,0.0,0.9258089661598206,0.0,1.142926573753357
3757,0.0,1.736048698425293,0.0,0.0,0.0,-1.560441493988037
3758,0.0,1.80059814453125,0.0,0.0,0.0,-2.271480083465576
3759,0.0,0.0,0.0,1.9501689672470093,0.0,-2.4993088245391846
3760,0.0,0.0,0.0,1.832642674446106,0.0,-2.0880205631256104
3761,0.0,0.0,0.0,0.5684552788734436,0.0,3.0835301876068115
3762,2.048353433609009,0.0,0.0,0.0,0.0,-2.3668415546417236
3763,0.0,0.0,0.0,1.9152870178222656,0.0,-2.369616746902466
3764,0.0,0.9968333840370178,0.0,0.0,0.0,-0.09105302393436432
3765,0.0,1.7665610313415527,0.0,0.0,0.0,-2.0919766426086426
3766,0.0,1.7119807004928589,0.0,0.0,0.0,-1.852469801902771
3767,0.0,0.0,0.0,1.4952725172042847,0.0,-0.7705091238021851
3768,0.0,0.3178291618824005,0.0,0.0,0.0,2.5608863830566406
3769,0.0,0.3676952123641968,0.46965619921684265,0.0,0.0,1.6350419521331787
3770,0.0,0.0,1.0971357822418213,0.0,0.0,-0.11639972031116486
3771,0.0,1.4753514528274536,0.0,0.0,0.0,-0.2547028362751007
3772,0.0,0.0,0.0,1.0026895999908447,0.0,0.8543214201927185
3773,0.0,0.0,0.0,0.7846113443374634,0.0,1.9214963912963867
3774,0.0,0.0,1.7654304504394531,0.0,0.0,-1.8511879444122314
3775,0.0,1.716474175453186,0.0,0.0,0.0,-1.8514493703842163
3776,0.0,0.931421160697937,0.0,0.0,0.0,0.6383236646652222
3777,0.0,0.33906829357147217,0.0,0.0,0.0,3.1023781299591064
3778,0.0,0.0,0.0,0.9520776867866516,0.0,0.818553626537323
3779,0.0,1.7311073541641235,0.0,0.0,0.0,-1.9297370910644531
3780,1.4139329195022583,0.0,0.0,0.0,0.0,-0.6829919815063477
3781,0.0,1.7063804864883423,0.0,0.0,0.0,-1.5939011573791504
3782,0.0,0.0,1.1915802955627441,0.0,0.0,-0.30235278606414795
3783,0.0,1.7546465396881104,0.0,0.0,0.0,-1.95125150680542
3784,0.0,1.3283168077468872,0.0,0.0,0.0,-0.5044118762016296
3785,0.0,0.8391469120979309,0.6727712750434875,0.0,0.0,1.5521138906478882
3786,0.0,1.7498728036880493,0.0,0.0,0.0,-1.5019140243530273
3787,0.0,0.0,0.0,1.5317065715789795,0.0,-0.9631286263465881
3788,0.0,0.0,0.9538403749465942,0.0,0.0,0.33828026056289673
3789,0.0,1.2106146812438965,0.0,0.0,0.0,0.5743141770362854
3790,0.0,0.9908085465431213,0.0,0.0,0.0,1.1096678972244263
3791,0.0,0.9783548712730408,0.0,0.0,0.0,0.8946607708930969
3792,2.026235818862915,1.7656521797180176,0.0,0.0,0.0,-2.3621561527252197
3793,0.0,0.7181485295295715,0.0,0.0,0.0,1.8346129655838013
3794,0.0,0.0,0.0,1.812653660774231,0.0,-2.0218052864074707
3795,0.0,0.9635717272758484,0.0,0.0,0.0,1.4801251888275146
3796,0.0,1.2578507661819458,0.0,0.0,0.0,-0.4951166808605194
3797,0.0,0.0,1.7370821237564087,0.0,0.0,-1.753886342048645
3798,0.0,1.6566904783248901,0.0,0.0,0.0,-1.3520594835281372
3799,0.0,1.862257719039917,0.0,0.0,0.0,-2.695300817489624
3800,0.9581337571144104,0.0,0.0,0.0,0.0,1.0588780641555786
3801,0.0,1.6185977458953857,0.0,0.0,0.0,-1.2535431385040283
3802,0.0,0.0,0.0,1.696714997291565,0.0,-1.5483522415161133
3803,0.0,0.0,1.314500331878662,0.0,0.0,-0.5678682923316956
3804,0.0,1.7938977479934692,0.0,0.0,0.0,-2.0876803398132324
3805,0.0,0.42518725991249084,0.0,0.0,0.0,0.91326504945755
3806,0.0,0.0,0.846505343914032,0.0,0.0,0.6678943634033203
3807,1.9490834474563599,0.0,0.0,0.0,0.0,-2.018008232116699
3808,0.0,1.6260420083999634,0.0,0.0,0.0,-1.2169756889343262
3809,0.7543842196464539,0.0,0.6767428517341614,0.0,0.0,1.174654483795166
3810,0.0,1.542240858078003,0.0,0.0,0.0,0.20034204423427582
3811,0.0,0.0,0.0,0.8168932795524597,0.0,1.502920150756836
3812,0.0,1.5988563299179077,1.7401798963546753,0.0,0.0,-1.815314531326294
3813,1.7892735004425049,0.0,0.0,0.0,0.0,-1.5160876512527466
3814,0.6204033493995667,0.0,0.0,0.0,0.0,0.9794471859931946
3815,0.0,1.0093801021575928,0.0,0.0,0.0,-1.1132049560546875
3816,0.0,0.41383451223373413,0.0,0.0,0.0,1.0983781814575195
3817,0.0,1.6317905187606812,0.0,0.0,0.0,-1.1638314723968506
3818,0.0,0.0,0.0,0.9698203802108765,0.0,0.7947342991828918
3819,0.0,0.0,1.0575947761535645,0.0,0.0,0.06328980624675751
3820,0.0,0.7065597772598267,0.0,0.0,0.0,2.032435894012451
3821,0.0,1.5370864868164062,0.0,0.0,0.0,0.40443992614746094
3822,2.0381743907928467,0.0,0.0,0.0,0.0,-2.3520517349243164
3823,0.0,0.0,0.0,1.9392805099487305,0.0,-2.4476165771484375
3824,1.8058527708053589,0.0,1.7097053527832031,0.0,0.0,-1.7044003009796143
3825,0.0,1.7643450498580933,0.0,0.0,0.0,-2.1091158390045166
3826,0.0,1.5501946210861206,0.0,0.0,0.0,-0.3688279092311859
3827,0.8612163066864014,0.0,0.0,0.0,0.0,0.5013298988342285
3828,0.0,0.0,0.0,1.335568904876709,0.0,-0.24080790579319
3829,0.0,0.0,0.0,1.5046310424804688,0.0,-0.9827945828437805
3830,0.0,0.0,0.0,1.2351394891738892,0.0,-0.00693924818187952
3831,0.3822609782218933,0.0,0.0,0.0,0.0,3.179222822189331
3832,0.0,0.3164631426334381,0.0,0.0,0.0,3.16393780708313
3833,0.0,0.647433876991272,0.0,0.0,0.0,1.3582719564437866
3834,0.0,1.697386384010315,0.0,0.0,0.0,-2.0028626918792725
3835,0.0,0.974288284778595,0.0,0.0,0.0,1.5677411556243896
3836,0.0,1.843055248260498,0.0,0.0,0.0,-2.3594720363616943
3837,0.0,0.9349604249000549,1.0232738256454468,1.185463786125183,0.0,-0.10793919861316681
3838,0.0,0.8866025805473328,0.0,0.0,0.0,-0.7322060465812683
3839,1.9090087413787842,0.0,0.0,0.0,0.0,-1.912778615951538
3840,0.0,0.0,1.6807353496551514,0.0,0.0,-1.5966823101043701
3841,1.3476630449295044,0.0,0.0,0.0,0.0,0.1857665628194809
3842,1.4202426671981812,0.0,0.0,0.0,0.0,-0.49353083968162537
3843,0.0,1.2713035345077515,0.0,0.0,0.0,0.3096461594104767
3844,0.0,1.380353569984436,0.0,0.0,0.0,0.43061405420303345
3845,1.1666643619537354,0.0,0.0,0.0,0.0,0.5561760663986206
3846,0.0,1.693125605583191,0.0,0.0,0.0,-1.4346396923065186
3847,0.0,0.0,1.8783990144729614,0.0,0.0,-2.120887517929077
3848,0.0,1.7831175327301025,0.0,0.0,0.0,-2.124681234359741
3849,0.0,0.0,0.0,1.8842867612838745,0.0,-2.271000623703003
3850,0.0,0.0,0.0,0.6276774406433105,0.0,2.5278289318084717
3851,0.0,0.0,1.730350136756897,0.0,0.0,-1.7388144731521606
3852,0.0,0.9965369701385498,0.0,0.0,0.0,1.4651157855987549
3853,0.0,0.8434858322143555,0.7103973627090454,0.0,0.0,1.3374139070510864
3854,0.0,1.6355502605438232,0.0,0.0,0.0,-1.2048416137695312
3855,0.0,1.6730128526687622,0.0,0.0,0.0,-0.6265137791633606
3856,0.0,1.2771105766296387,0.0,0.0,0.0,-1.3103806972503662
3857,0.0,1.856479525566101,0.0,0.0,0.0,-2.5100317001342773
3858,0.0,0.0,1.8344382047653198,0.0,0.0,-2.029656171798706
3859,1.0153931379318237,0.0,0.0,0.0,0.0,0.9535855650901794
3860,0.0,0.0,0.0,1.861307978630066,0.0,-2.187495470046997
3861,0.0,0.0,0.0,1.9105075597763062,0.0,-2.345484972000122
3862,0.0,1.1422367095947266,0.0,0.0,0.0,1.3810878992080688
3863,0.0,1.1280843019485474,0.0,0.0,0.0,-0.5559723377227783
3864,0.0,1.6087418794631958,0.0,0.0,0.0,-1.270057201385498
3865,0.0,1.1502679586410522,0.0,0.0,0.0,1.1107914447784424
3866,1.8522131443023682,0.0,0.0,0.0,0.0,-1.6976158618927002
3867,0.0,1.6151838302612305,0.0,0.0,0.0,-1.0081676244735718
3868,1.1262359619140625,0.9632439613342285,0.0,0.0,0.0,-0.20128501951694489
3869,1.9864369630813599,0.0,1.9344321489334106,0.0,0.0,-2.330049753189087
3870,1.9802639484405518,0.0,0.0,0.0,0.0,-2.145542621612549
3871,0.0,1.5593245029449463,0.0,0.0,0.0,-1.039712905883789
3872,0.0,0.0,1.8302242755889893,0.0,0.0,-2.0088162422180176
3873,0.0,1.766130805015564,0.0,0.0,0.0,-2.2022573947906494
3874,1.2174270153045654,0.0,0.0,0.0,0.0,0.11596183478832245
3875,1.3347247838974,0.0,0.0,0.0,0.0,-0.628330647945404
3876,1.4973680973052979,0.0,0.0,0.0,0.0,-0.38355591893196106
3877,0.0,0.0,1.7839597463607788,0.0,0.0,-1.882468819618225
3878,0.0,1.0125484466552734,0.0,0.0,0.0,0.12055979669094086
3879,0.0,1.7402880191802979,0.0,0.0,0.0,-1.8996037244796753
3880,0.0,0.0,0.7803965210914612,0.9977620244026184,0.0,1.0662132501602173
3881,0.0,0.0,1.776502013206482,0.0,0.0,-1.8319706916809082
3882,0.0,0.0,1.3620564937591553,0.0,0.0,-1.000543236732483
3883,0.0,0.43166103959083557,0.0,0.0,0.0,1.2171739339828491
3884,0.0,0.7116231918334961,0.0,0.0,0.0,1.7809187173843384
3885,0.0,0.7759438157081604,0.9120387434959412,0.0,0.0,0.1554974764585495
3886,0.0,1.645615816116333,0.0,0.0,0.0,-1.265697956085205
3887,0.0,1.5257843732833862,0.0,0.0,0.0,-0.8985195755958557
3888,0.0,0.0,0.0,1.9271633625030518,0.0,-2.4230449199676514
3889,1.0685594081878662,1.05661940574646,0.0,0.0,0.0,0.8055838942527771
3890,1.2925784587860107,0.0,1.136342167854309,0.0,0.0,-0.06960500776767731
3891,1.6799007654190063,0.0,0.0,0.0,0.0,-0.9360262155532837
3892,0.0,0.0,1.839047908782959,0.0,0.0,-2.0340938568115234
3893,0.0,0.6364770531654358,0.0,0.0,0.0,0.783977210521698
3894,0.0,0.7095420956611633,0.0,0.0,0.0,1.4027541875839233
3895,0.0,0.0,0.0,1.9585522413253784,0.0,-2.513348340988159
3896,1.2632670402526855,0.0,0.0,0.0,0.0,-0.8565537929534912
3897,0.0,1.6522537469863892,1.8153643608093262,0.0,0.0,-2.001694440841675
3898,1.9683175086975098,0.0,0.0,0.0,0.0,-2.1238629817962646
3899,0.0,0.42421746253967285,0.0,0.8249012231826782,0.0,1.031740665435791
3900,0.0,1.7175804376602173,0.0,0.0,0.0,-1.9703741073608398
3901,2.0733373165130615,0.0,0.0,0.0,0.0,-2.4326703548431396
3902,0.0,1.5902366638183594,0.0,0.0,0.0,-1.0490959882736206
3903,0.0,1.5798250436782837,0.0,0.0,0.0,-1.0180985927581787
3904,0.0,0.0,0.0,1.9037317037582397,0.0,-2.3468635082244873
3905,0.0,1.7497044801712036,0.0,0.0,0.0,-1.6195769309997559
3906,0.0,0.33655306696891785,0.0,0.0,0.0,3.1296045780181885
3907,0.0,0.0,1.351601243019104,0.0,0.0,-0.7089427709579468
3908,1.1586651802062988,0.0,0.0,0.0,0.0,0.4989550709724426
3909,0.0,0.0,1.2022614479064941,0.0,0.0,-0.23063798248767853
3910,0.0,0.0,0.0,1.2580760717391968,0.0,0.06935535371303558
3911,0.0,0.5666878819465637,0.0,0.0,0.0,2.1914689540863037
3912,0.0,0.8495369553565979,0.0,0.0,0.0,1.1288458108901978
3913,0.0,0.0,1.0722333192825317,0.0,0.0,0.016305789351463318
3914,0.0,0.0,0.0,0.5670596361160278,0.0,3.1515772342681885
3915,0.0,1.724318265914917,0.0,0.0,0.0,-1.847731113433838
3916,0.0,1.5564976930618286,0.0,0.0,0.0,-1.2047860622406006
3917,0.0,0.9527530670166016,0.0,0.0,0.0,0.10160557925701141
3918,1.846269130706787,0.0,0.0,0.0,0.0,-1.6374988555908203
3919,0.0,0.3745015859603882,0.0,0.0,0.0,2.8792765140533447
3920,0.0,0.304995059967041,0.0,0.0,0.0,2.5916025638580322
3921,0.0,0.0,0.0,0.5563504695892334,0.0,3.2259578704833984
3922,1.270660400390625,0.0,0.0,0.0,0.0,-0.08014918863773346
3923,0.0,0.8878507018089294,0.8008955121040344,1.014045000076294,0.0,0.9850759506225586
3924,0.0,0.0,0.0,1.8375263214111328,0.0,-2.1066348552703857
3925,0.0,0.0,1.376556396484375,0.0,0.0,-0.7857717871665955
3926,0.0,0.0,1.4575426578521729,0.0,0.0,-1.0118820667266846
3927,0.0,1.299910545349121,0.0,0.0,0.0,-0.14997394382953644
3928,0.0,1.5891441106796265,0.0,0.0,0.0,-1.0442924499511719
3929,1.2767378091812134,0.0,0.0,0.0,0.0,0.242558553814888
3930,0.0,0.9549623727798462,0.0,0.0,0.0,0.46797481179237366
3931,1.4437185525894165,0.0,0.0,0.0,0.0,-0.17749275267124176
3932,0.0,0.0,0.613288164138794,0.0,0.0,1.608870267868042
3933,0.0,1.699357509613037,0.0,0.0,0.0,-1.7419582605361938
3934,2.0747151374816895,0.0,0.0,0.0,0.0,-2.438164234161377
3935,0.6155632138252258,0.0,0.5146564245223999,0.7518444061279297,0.0,2.0684468746185303
3936,0.8938854336738586,0.6979029178619385,0.0,0.0,0.0,0.05243001878261566
3937,0.0,1.210243821144104,0.9471907019615173,0.0,0.0,0.7701082825660706
3938,0.0,0.0,0.0,1.1600490808486938,0.0,0.0007999977096915245
3939,0.0,1.2828330993652344,0.0,0.0,0.0,0.8454711437225342
3940,0.0,1.4496104717254639,1.458163857460022,0.0,0.0,-1.0002111196517944
3941,0.0,0.8518019914627075,0.0,0.0,0.0,-0.024329975247383118
3942,0.0,1.7701935768127441,0.0,0.0,0.0,-2.1117217540740967
3943,0.0,0.0,1.25674569606781,0.0,0.0,-0.4249630868434906
3944,2.046785354614258,0.0,0.0,0.0,0.0,-2.369692325592041
3945,0.0,0.0,0.0,1.9089001417160034,0.0,-2.3471391201019287
3946,0.0,0.5658618807792664,0.0,0.0,0.0,0.6535559296607971
3947,0.8405723571777344,0.7871087789535522,0.0,0.0,0.0,1.139787197113037
3948,0.626704752445221,0.4874216914176941,0.0,0.0,0.0,0.9935384392738342
3949,0.0,0.7377018928527832,0.0,0.8504791855812073,0.0,1.5445191860198975
3950,0.0,0.0,1.371146321296692,0.0,0.0,-0.763837993144989
3951,1.076443076133728,0.8408077955245972,0.0,0.0,0.0,-0.5345348715782166
3952,0.0,0.9318747520446777,0.0,0.0,0.0,0.3796102702617645
3953,0.5749275088310242,0.0,0.0,0.0,0.0,1.7784652709960938
3954,0.0,0.6133520007133484,0.0,0.0,0.0,0.17408017814159393
3955,1.6794098615646362,0.0,0.0,0.0,0.0,-1.1929211616516113
3956,0.0,1.035327434539795,0.0,0.0,0.0,-0.8134254813194275
3957,0.0,0.0,1.6945695877075195,0.0,0.0,-1.6282575130462646
3958,0.6934490203857422,0.0,0.0,0.0,0.0,1.2990989685058594
3959,1.8815337419509888,1.6584430932998657,0.0,0.0,0.0,-1.9630353450775146
3960,1.4763414859771729,0.0,0.0,0.0,0.0,-1.3328828811645508
3961,0.0,1.9991238117218018,0.0,0.0,0.0,-2.855586290359497
3962,0.0,0.5702784657478333,0.0,0.0,0.0,1.7279330492019653
3963,0.0,1.0696126222610474,0.0,0.0,0.0,0.2796136140823364
3964,1.5599627494812012,1.4336796998977661,0.0,0.0,0.0,-0.8945019245147705
3965,0.0,1.5547637939453125,0.0,0.0,0.0,0.25815850496292114
3966,0.0,1.1264588832855225,0.0,0.0,0.0,1.50390625
3967,0.0,1.4230308532714844,0.0,0.0,0.0,0.5534085631370544
3968,0.0,0.0,1.3589307069778442,0.0,0.0,-1.0005627870559692
3969,2.0509703159332275,1.7609164714813232,0.0,0.0,0.0,-2.5197319984436035
3970,0.0,1.6082675457000732,0.0,0.0,0.0,-0.590777575969696
3971,0.0,1.765223741531372,0.0,0.0,0.0,-2.1540701389312744
3972,0.0,0.0,1.7783634662628174,0.0,0.0,-1.8971953392028809
3973,0.34469008445739746,0.0,0.2883966267108917,0.0,0.0,3.3860957622528076
3974,0.7823758721351624,0.0,0.0,0.0,0.0,1.4648298025131226
3975,1.5262305736541748,0.0,0.0,0.0,0.0,-1.1576958894729614
3976,1.7786955833435059,0.0,0.0,0.0,0.0,-1.4905805587768555
3977,0.0,0.0,0.745964765548706,0.0,0.0,1.0747003555297852
3978,0.0,0.7519895434379578,0.0,0.0,0.0,-0.32652804255485535
3979,0.0,1.5853866338729858,0.0,0.0,0.0,-0.48711907863616943
3980,0.0,0.0,1.2897731065750122,0.0,0.0,-0.663494884967804
3981,0.0,0.0,1.745161771774292,0.0,0.0,-1.7818645238876343
3982,0.31392350792884827,0.2573840618133545,0.0,0.0,0.0,3.188154458999634
3983,2.066988706588745,0.0,0.0,0.0,0.0,-2.448370933532715
3984,0.0,0.0,0.9986910223960876,0.0,0.0,0.2547825872898102
3985,0.0,1.6732717752456665,0.0,0.0,0.0,-1.2793359756469727
3986,1.8639743328094482,0.0,0.0,0.0,0.0,-1.8375017642974854
3987,0.0,0.43575650453567505,0.0,0.0,0.0,1.0026236772537231
3988,0.0,0.0,1.6624473333358765,0.0,0.0,-1.5484355688095093
3989,0.0,0.8059622049331665,0.0,0.0,0.0,0.7084822058677673
3990,0.0,1.4056603908538818,0.0,1.3784171342849731,0.0,-0.307555615901947
3991,1.9289538860321045,0.0,0.0,0.0,0.0,-2.0247647762298584
3992,0.0,1.1609553098678589,0.0,0.0,0.0,-0.9995052218437195
3993,0.0,1.131126880645752,0.0,0.0,0.0,-1.292370319366455
3994,0.0,1.810429573059082,0.0,0.0,0.0,-2.063274383544922
3995,0.0,0.0,0.0,1.916699767112732,0.0,-2.376204252243042
3996,0.0,0.5098491311073303,0.0,0.0,0.0,1.8322737216949463
3997,0.0,0.0,0.0,1.8866379261016846,0.0,-2.2681901454925537
3998,0.0,0.0,1.470884084701538,0.0,0.0,-1.1917804479599
3999,0.0,0.8626627922058105,0.0,0.0,0.0,0.8717567920684814
4000,1.0670924186706543,1.0594940185546875,0.0,0.0,0.0,0.8091884255409241
4001,0.641930341720581,0.0,0.0,0.0,0.0,2.1596193313598633
4002,0.0,1.7097610235214233,0.0,1.787937045097351,0.0,-1.9387023448944092
4003,0.427505761384964,0.0,0.0,0.0,0.0,2.4245753288269043
4004,0.0,1.8084123134613037,0.0,0.0,0.0,-2.1454432010650635
4005,0.0,0.6616293787956238,0.5720564723014832,0.0,0.0,1.814109444618225
4006,0.0,0.5108702778816223,0.0,0.0,0.0,0.734996497631073
4007,0.0,0.9521178007125854,0.0,0.0,0.0,-0.0018560448661446571
4008,0.0,1.6104456186294556,0.0,0.0,0.0,-1.0400640964508057
4009,0.0,1.8508416414260864,0.0,0.0,0.0,-2.369011402130127
4010,0.0,1.8334542512893677,0.0,0.0,0.0,-2.351875066757202
4011,0.0,0.0,1.0253911018371582,1.1961640119552612,0.0,0.18843089044094086
4012,1.4444688558578491,0.0,0.0,0.0,0.0,-0.5095587968826294
4013,1.5912784337997437,0.0,0.0,0.0,0.0,-0.7570016384124756
4014,1.2184021472930908,1.2173066139221191,1.0077123641967773,0.0,0.0,0.5162347555160522
4015,0.0,0.0,1.2873191833496094,0.0,0.0,-0.6091241240501404
4016,0.0,0.0,1.3613388538360596,0.0,0.0,-0.7234798669815063
4017,1.275571584701538,1.1568788290023804,1.1591311693191528,0.0,0.0,-0.2635353207588196
4018,0.0,0.7538352608680725,0.0,0.0,0.0,0.8076483011245728
4019,0.0,1.7311650514602661,0.0,0.0,0.0,-1.89010751247406
4020,0.0,0.0,1.6431355476379395,1.668066382408142,0.0,-1.5204987525939941
4021,0.0,1.7588332891464233,0.0,0.0,0.0,-2.122931480407715
4022,0.9215359687805176,0.0,0.0,0.0,0.0,1.1486482620239258
4023,0.0,1.0061732530593872,0.0,0.0,0.0,0.9032643437385559
4024,0.0,1.204288125038147,1.2145140171051025,0.0,0.0,-0.42246881127357483
4025,0.0,0.0,0.8071677088737488,0.0,0.0,0.53143709897995
4026,0.0,1.369165062904358,0.0,0.0,0.0,-0.8455426096916199
4027,0.0,1.0971708297729492,0.0,0.0,0.0,0.5108664631843567
4028,0.0,1.3423857688903809,0.0,0.0,0.0,-0.8158683180809021
4029,0.0,0.0,1.6510987281799316,0.0,0.0,-1.5126080513000488
4030,1.2237465381622314,0.0,0.0,0.0,0.0,0.37263810634613037
4031,0.0,1.8374414443969727,0.0,0.0,0.0,-2.3304178714752197
4032,0.0,0.0,1.5399585962295532,0.0,0.0,-1.2797400951385498
4033,0.0,0.0,0.0,1.9551355838775635,0.0,-2.5163869857788086
4034,1.9240529537200928,0.0,0.0,0.0,0.0,-2.044754981994629
4035,0.0,0.0,0.6359330415725708,0.0,0.0,1.481829285621643
4036,0.0,0.0,1.8351757526397705,0.0,0.0,-2.027904748916626
4037,0.0,0.6932328343391418,0.0,0.0,0.0,1.7203658819198608
4038,0.0,1.7958030700683594,0.0,0.0,0.0,-2.0919315814971924
4039,0.39221158623695374,0.0,0.0,0.0,0.0,3.0429069995880127
4040,0.0,0.9502305388450623,0.0,0.0,0.0,-0.15108247101306915
4041,0.0,0.8150342702865601,0.9349135160446167,0.0,0.0,0.13184307515621185
4042,0.0,0.0,0.6514508128166199,0.0,0.0,1.46635103225708
4043,1.3107680082321167,0.0,0.0,0.0,0.0,-0.04156626760959625
4044,0.0,1.3418000936508179,0.0,0.0,0.0,-0.0684489756822586
4045,0.5019446015357971,0.0,0.0,0.0,0.0,2.0754013061523438
4046,0.0,0.0,0.0,1.8841947317123413,0.0,-2.269054651260376
4047,0.0,0.0,1.113897442817688,0.0,0.0,-0.0521366149187088
4048,1.4799304008483887,0.0,0.0,0.0,0.0,-0.045315518975257874
4049,0.0,1.7478489875793457,0.0,0.0,0.0,-1.894735336303711
4050,0.0,1.385349988937378,0.0,0.0,0.0,0.07804851233959198
4051,0.0,1.6494816541671753,0.0,0.0,0.0,-0.647016167640686
4052,1.7343124151229858,0.0,0.0,0.0,0.0,-1.2986780405044556
4053,0.0,1.8784044981002808,0.0,0.0,0.0,-2.5047028064727783
4054,0.0,1.209590196609497,0.0,0.0,0.0,0.5565961599349976
4055,0.0,1.634981632232666,0.0,0.0,0.0,-1.2604291439056396
4056,0.0,0.0,1.3317763805389404,0.0,0.0,-0.93744957447052
4057,0.0,0.3017817437648773,0.0,0.0,0.0,2.664246082305908
4058,0.0,1.2507057189941406,0.0,0.0,0.0,-0.4959159791469574
4059,0.0,0.7320584654808044,0.0,0.0,0.0,-0.06243552267551422
4060,0.5162119269371033,0.5020301938056946,0.4392424523830414,0.0,0.0,2.3383030891418457
4061,0.0,1.8614460229873657,0.0,0.0,0.0,-2.4344370365142822
4062,0.0,1.011597752571106,0.0,0.0,0.0,-0.034591034054756165
4063,0.0,1.2938660383224487,0.0,0.0,0.0,0.5135683417320251
4064,0.0,0.8000972270965576,0.7572912573814392,0.9708970189094543,0.0,1.0023399591445923
4065,0.0,0.0,1.877199411392212,0.0,0.0,-2.1734683513641357
4066,0.0,1.8842958211898804,0.0,0.0,0.0,-2.549741506576538
4067,0.5065491795539856,0.3987883925437927,0.5029191970825195,0.0,0.0,1.523539662361145
4068,0.0,1.5661060810089111,0.0,0.0,0.0,-1.0483956336975098
4069,0.0,1.7943105697631836,0.0,0.0,0.0,-2.2025368213653564
4070,0.0,1.799114465713501,0.0,0.0,0.0,-2.223517894744873
4071,1.185781478881836,0.0,0.0,0.0,0.0,0.41633597016334534
4072,0.0,0.9629001021385193,0.0,0.0,0.0,0.4398398995399475
4073,0.0,0.9102534055709839,0.0,0.0,0.0,0.752509355545044
4074,1.3748573064804077,1.203078269958496,1.2886922359466553,0.0,0.0,-0.7144522070884705
4075,0.0,0.5508111715316772,0.0,0.0,0.0,0.4579944312572479
4076,0.0,1.6774482727050781,0.0,0.0,0.0,-0.7341040372848511
4077,2.2080464363098145,0.0,0.0,0.0,0.0,-2.783687114715576
4078,1.8776229619979858,0.0,0.0,0.0,0.0,-1.6631592512130737
4079,2.048502206802368,0.0,0.0,0.0,0.0,-2.404977798461914
4080,1.872340440750122,0.0,0.0,0.0,0.0,-1.663142204284668
4081,0.0,0.8306971192359924,0.0,0.0,0.0,-0.5081207156181335
4082,1.2626402378082275,0.0,0.0,0.0,0.0,-0.28644949197769165
4083,0.0,1.4578518867492676,0.0,0.0,0.0,0.020147308707237244
4084,0.0,1.7254865169525146,0.0,0.0,0.0,-1.938989281654358
4085,0.8409676551818848,0.7695086002349854,0.0,0.0,0.0,1.0338572263717651
4086,0.0,1.9695113897323608,0.0,0.0,0.0,-2.8052384853363037
4087,0.0,1.72139310836792,0.0,0.0,0.0,-1.7903761863708496
4088,0.0,1.6801557540893555,0.0,0.0,0.0,-1.4221783876419067
4089,1.2032644748687744,1.0906010866165161,0.0,0.0,0.0,-0.07486410439014435
4090,2.1646835803985596,0.0,0.0,0.0,0.0,-2.6599631309509277
4091,0.5140723586082458,0.0,0.0,0.0,0.0,1.6263173818588257
4092,0.0,0.9405791163444519,0.0,0.0,0.0,-0.9177917838096619
4093,0.0,1.8045008182525635,0.0,0.0,0.0,-2.156487226486206
4094,0.0,0.0,0.0,1.8785134553909302,0.0,-2.2406067848205566
4095,0.0,0.9297822117805481,0.0,0.0,0.0,0.5767342448234558
4096,0.0,0.0,0.0,1.8314263820648193,0.0,-2.084460735321045
4097,0.3775772750377655,0.0,0.0,0.0,0.0,3.168213367462158
4098,1.9856964349746704,1.735163927078247,0.0,0.0,0.0,-2.260349988937378
4099,0.0,1.6803885698318481,0.0,0.0,0.0,-1.418908953666687
4100,0.0,0.0,1.8250932693481445,0.0,0.0,-2.0202102661132812
4101,0.0,0.0,1.7928048372268677,0.0,0.0,-1.8702185153961182
4102,0.6314705610275269,0.6003174185752869,0.0,0.0,0.0,1.6288938522338867
4103,1.1580854654312134,0.0,0.0,0.0,0.0,-0.40181097388267517
4104,0.0,1.6730272769927979,0.0,0.0,0.0,-1.6483025550842285
4105,0.0,0.0,1.2975707054138184,0.0,0.0,-0.5235390663146973
4106,0.0,1.7609673738479614,0.0,0.0,0.0,-2.089642286300659
4107,0.0,1.1995762586593628,0.0,0.0,0.0,-1.4230694770812988
4108,0.0,0.0,0.8661558032035828,0.0,0.0,0.7309340238571167
4109,0.0,0.0,1.719146490097046,0.0,0.0,-1.6955053806304932
4110,0.0,1.7059180736541748,0.0,0.0,0.0,-1.494591236114502
4111,0.0,0.0,1.17659330368042,0.0,0.0,-0.3907719552516937
4112,0.0,0.9395678043365479,0.0,0.0,0.0,-0.42534440755844116
4113,1.9874193668365479,0.0,0.0,0.0,0.0,-2.1730751991271973
4114,0.0,0.0,1.7945313453674316,0.0,0.0,-1.886704921722412
4115,0.0,1.4375947713851929,0.0,0.0,0.0,-0.028597906231880188
4116,0.0,0.0,0.0,1.8658608198165894,0.0,-2.202373504638672
4117,0.0,1.1563066244125366,0.0,0.0,0.0,-0.1292862445116043
4118,0.0,1.8401926755905151,0.0,0.0,0.0,-2.3965017795562744
4119,0.0,0.6817905902862549,0.0,0.0,0.0,1.2544918060302734
4120,0.0,0.0,0.0,1.9169683456420898,0.0,-2.3798887729644775
4121,0.0,0.0,0.0,1.9758241176605225,0.0,-2.5754880905151367
4122,0.0,0.0,0.9715811610221863,0.0,0.0,0.17333053052425385
4123,1.039426565170288,0.9819326996803284,0.0,0.0,0.0,0.6124899983406067
4124,0.0,0.7449114322662354,0.0,0.0,0.0,0.7863611578941345
4125,1.4548336267471313,0.0,0.0,0.0,0.0,-0.21233002841472626
4126,0.0,1.3648440837860107,0.0,0.0,0.0,-1.4307787418365479
4127,0.0,0.8683756589889526,1.1279380321502686,0.0,0.0,-0.6252840757369995
4128,0.0,0.8212453126907349,0.0,0.0,0.0,0.5597994923591614
4129,0.0,0.0,1.341138482093811,0.0,0.0,-0.6482473015785217
4130,0.0,1.6719437837600708,0.0,0.0,0.0,-0.835192859172821
4131,0.0,0.0,0.3255414068698883,0.0,0.0,3.168836832046509
4132,0.0,0.0,1.6285854578018188,0.0,0.0,-1.4633076190948486
4133,0.0,1.6625791788101196,0.0,0.0,0.0,-0.8477497100830078
4134,0.3930528163909912,0.0,0.0,0.0,0.0,3.060243844985962
4135,1.994320273399353,0.0,0.0,0.0,0.0,-2.2076423168182373
4136,0.8549233675003052,0.6821812391281128,0.0,0.0,0.0,0.2852725088596344
4137,0.0,0.37754860520362854,0.0,0.0,0.0,1.3293043375015259
4138,2.1338765621185303,0.0,0.0,0.0,0.0,-2.6462814807891846
4139,0.0,0.0,1.1652882099151611,0.0,0.0,-0.3396155536174774
4140,0.0,1.3997293710708618,0.0,0.0,0.0,-0.03619791567325592
4141,0.0,0.0,1.7000428438186646,0.0,0.0,-1.6383893489837646
4142,0.0,0.0,0.0,1.8463600873947144,0.0,-2.1515953540802
4143,0.0,1.7784970998764038,0.0,0.0,0.0,-2.2077298164367676
4144,1.7385731935501099,0.0,0.0,0.0,0.0,-1.3024630546569824
4145,0.0,0.4434444308280945,0.0,0.0,0.0,2.104975461959839
4146,1.415258765220642,0.0,0.0,0.0,0.0,-0.34023094177246094
4147,0.0,0.0,0.9298063516616821,0.0,0.0,0.5502728223800659
4148,0.0,1.8226463794708252,0.0,0.0,0.0,-2.3451154232025146
4149,0.0,0.0,0.0,1.857222557067871,0.0,-2.1709771156311035
4150,1.645324945449829,0.0,0.0,0.0,0.0,-0.9119371771812439
4151,0.0,1.6085695028305054,0.0,0.0,0.0,-1.296342134475708
4152,2.0484344959259033,0.0,0.0,0.0,0.0,-2.385528087615967
4153,0.0,1.8234633207321167,0.0,0.0,0.0,-2.2923829555511475
4154,0.0,1.846927285194397,0.0,0.0,0.0,-2.354607582092285
4155,0.0,0.5700864195823669,0.0,0.0,0.0,0.4952678680419922
4156,0.0,1.0400142669677734,0.0,0.0,0.0,0.6961144804954529
4157,0.0,0.0,1.477590799331665,0.0,0.0,-1.0563853979110718
4158,1.1569433212280273,0.0,0.0,0.0,0.0,0.8373386859893799
4159,0.0,1.1000287532806396,0.0,0.0,0.0,0.8786100149154663
4160,0.0,1.3749895095825195,0.0,0.0,0.0,0.1999368518590927
4161,0.0,0.0,1.2865984439849854,0.0,0.0,-0.6532606482505798
4162,1.996756672859192,0.0,0.0,0.0,0.0,-2.2281901836395264
4163,0.0,1.733281135559082,0.0,0.0,0.0,-1.7931883335113525
4164,0.0,1.81264328956604,0.0,0.0,0.0,-2.2139506340026855
4165,0.0,1.1216223239898682,0.0,0.0,0.0,-0.2524270713329315
4166,0.0,0.9274246096611023,0.0,0.0,0.0,0.2522755563259125
4167,0.0,0.0,1.8605194091796875,0.0,0.0,-2.0845444202423096
4168,0.0,1.1847095489501953,0.0,0.0,0.0,1.1396301984786987
4169,0.0,0.0,1.7511698007583618,0.0,0.0,-1.7947324514389038
4170,0.0,0.0,1.3391728401184082,0.0,0.0,-0.9545908570289612
4171,0.0,1.4058432579040527,0.0,1.296026349067688,0.0,0.16851644217967987
4172,0.0,0.0,1.0515793561935425,0.0,0.0,0.2446514219045639
4173,0.0,0.0,1.7652562856674194,1.762152075767517,0.0,-1.863548994064331
4174,2.155092239379883,0.0,0.0,0.0,0.0,-2.6864633560180664
4175,0.47523432970046997,0.43765702843666077,0.0,0.0,0.0,2.5591847896575928
4176,1.935455322265625,0.0,0.0,0.0,0.0,-2.0297560691833496
4177,0.0,0.0,0.0,1.8582472801208496,0.0,-2.1662943363189697
4178,0.0,0.8082809448242188,0.0,0.0,0.0,-0.2746213674545288
4179,1.5689164400100708,1.4534571170806885,0.0,0.0,0.0,-0.8569283485412598
4180,0.0,0.0,1.252296805381775,0.0,0.0,-0.4138197600841522
4181,1.3284850120544434,1.3215126991271973,0.0,0.0,0.0,0.2612284719944
4182,0.0,1.303627371788025,0.0,0.0,0.0,0.824895441532135
4183,0.3399067521095276,0.0,0.2850966453552246,0.0,0.0,3.4134278297424316
4184,0.0,1.219787359237671,0.0,0.0,0.0,0.411630779504776
4185,1.957968831062317,1.7033371925354004,0.0,0.0,0.0,-2.216235399246216
4186,0.0,0.0,1.7979661226272583,0.0,0.0,-1.895309567451477
4187,0.0,0.8374119400978088,0.0,0.0,0.0,1.8804454803466797
4188,0.0,0.0,0.0,1.6230721473693848,0.0,-1.302291750907898
4189,2.0624032020568848,0.0,0.0,0.0,0.0,-2.4260494709014893
4190,0.0,0.7653449773788452,0.0,0.0,0.0,1.1991634368896484
4191,0.0,1.7513747215270996,0.0,0.0,0.0,-1.9628371000289917
4192,0.0,0.0,0.861122190952301,1.051817774772644,0.0,0.4152778685092926
4193,0.0,1.7732948064804077,0.0,0.0,0.0,-1.9944751262664795
4194,0.0,0.8523145914077759,0.0,0.0,0.0,1.270258903503418
4195,0.0,1.1598131656646729,0.0,0.0,0.0,-1.0404959917068481
4196,0.0,0.48586413264274597,0.0,0.0,0.0,2.182678699493408
4197,0.0,0.0,1.7516002655029297,0.0,0.0,-1.7676692008972168
4198,0.0,0.0,0.0,1.8199200630187988,0.0,-2.0384182929992676
4199,0.0,1.7278485298156738,0.0,0.0,0.0,-1.9733747243881226
4200,0.981028139591217,0.0,0.0,0.0,0.0,-0.1198769360780716
4201,0.0,1.5736029148101807,0.0,0.0,0.0,-1.1959561109542847
4202,1.9810081720352173,0.0,0.0,0.0,0.0,-2.1949005126953125
4203,0.0,0.0,0.3319419324398041,0.0,0.0,3.130967855453491
4204,0.0,0.6801662445068359,0.0,0.0,0.0,0.09694217145442963
4205,0.8076620101928711,0.0,0.0,0.0,0.0,1.5409973859786987
4206,0.0,0.8896085023880005,0.0,0.0,0.0,-0.5499697327613831
4207,0.0,1.8510266542434692,0.0,0.0,0.0,-2.3449718952178955
4208,0.0,0.0,1.3583964109420776,0.0,0.0,-0.8588957190513611
4209,1.1574535369873047,0.0,0.0,0.0,0.0,0.153712198138237
4210,0.0,1.5915098190307617,0.0,0.0,0.0,-0.46116992831230164
4211,0.0,1.8463696241378784,0.0,0.0,0.0,-2.4972965717315674
4212,0.0,0.7924091219902039,0.0,0.0,0.0,1.8628404140472412
4213,0.0,0.5138900279998779,0.0,0.0,0.0,0.9001070857048035
4214,0.8851038813591003,0.0,0.0,0.0,0.0,1.0138764381408691
4215,0.0,0.4205044209957123,0.0,0.6831162571907043,0.0,2.155836820602417
4216,0.0,1.812122106552124,0.0,0.0,0.0,-2.263288974761963
4217,0.0,1.8260321617126465,0.0,0.0,0.0,-2.542196750640869
4218,0.0,1.1747146844863892,0.0,0.0,0.0,-0.8085517287254333
4219,0.0,1.637539267539978,0.0,0.0,0.0,-0.7887316346168518
4220,0.39306554198265076,0.0,0.0,0.0,0.0,2.657222270965576
4221,0.0,0.5332632064819336,0.0,0.0,0.0,0.945018470287323
4222,0.0,1.6992559432983398,0.0,0.0,0.0,-0.8395659327507019
4223,0.0,1.6168800592422485,0.0,0.0,0.0,-1.0381455421447754
4224,0.0,1.7107884883880615,0.0,0.0,0.0,-1.4254320859909058
4225,0.0,0.3852086067199707,0.0,0.0,0.0,1.3639836311340332
4226,0.0,0.5418951511383057,0.0,0.0,0.0,1.5150604248046875
4227,0.0,0.0,0.6458548307418823,0.0,0.0,1.1126387119293213
4228,1.467991828918457,0.0,0.0,0.0,0.0,-1.3981883525848389
4229,0.0,0.9502508640289307,0.0,0.0,0.0,-0.9221593737602234
4230,1.0718380212783813,0.0,0.0,0.0,0.0,0.1506141871213913
4231,0.0,0.0,0.0,1.3742259740829468,0.0,-0.45456692576408386
4232,0.0,0.0,0.0,1.8950525522232056,0.0,-2.287257432937622
4233,0.0,1.1482141017913818,0.941469669342041,1.1295973062515259,0.0,0.7234828472137451
4234,0.0,1.2609344720840454,0.0,0.0,0.0,-1.1086375713348389
4235,0.8020124435424805,0.6628822088241577,0.0,0.0,0.0,0.6084131598472595
4236,0.0,1.7010884284973145,0.0,0.0,0.0,-2.0145981311798096
4237,0.0,1.810956358909607,0.0,0.0,0.0,-2.514387607574463
4238,1.8524277210235596,0.0,0.0,0.0,0.0,-1.7045090198516846
4239,0.0,1.7844666242599487,0.0,0.0,0.0,-2.1549336910247803
4240,1.1754779815673828,0.0,0.0,0.0,0.0,0.7918470501899719
4241,0.0,0.8370976448059082,0.0,0.0,0.0,1.6997907161712646
4242,0.0,1.133743405342102,0.0,0.0,0.0,1.241194486618042
4243,0.0,0.0,0.0,1.3038133382797241,0.0,-0.1781032234430313
4244,0.0,1.0910667181015015,0.0,0.0,0.0,-0.2913074195384979
4245,0.0,0.0,1.8138481378555298,0.0,0.0,-1.977226972579956
4246,1.6121498346328735,0.0,0.0,0.0,0.0,-0.7232228517532349
4247,1.0481454133987427,0.0,0.0,0.0,0.0,0.1190030425786972
4248,0.0,1.3362607955932617,0.0,0.0,0.0,-1.3763659000396729
4249,0.0,1.1032488346099854,0.0,0.0,0.0,1.1764206886291504
4250,0.0,1.1662416458129883,0.0,0.0,0.0,-0.20890767872333527
4251,0.0,0.0,0.0,1.9940917491912842,0.0,-2.637058973312378
4252,1.0407148599624634,0.9436385631561279,0.0,0.0,0.0,0.3748348653316498
4253,0.0,0.0,0.0,1.8969024419784546,0.0,-2.3057901859283447
4254,2.000565767288208,0.0,0.0,0.0,0.0,-2.2486512660980225
4255,0.0,1.4035711288452148,0.0,0.0,0.0,-0.8054717183113098
4256,0.0,1.6459075212478638,0.0,0.0,0.0,-0.827172577381134
4257,0.0,0.0,1.1260788440704346,0.0,0.0,-0.046536579728126526
4258,0.0,1.7792919874191284,0.0,0.0,0.0,-2.154188871383667
4259,0.0,1.780786156654358,0.0,0.0,0.0,-2.314798593521118
4260,2.0825228691101074,0.0,0.0,0.0,0.0,-2.4567272663116455
4261,1.793216347694397,0.0,0.0,0.0,0.0,-1.496150016784668
4262,0.0,1.4154924154281616,0.0,0.0,0.0,-0.11764951050281525
4263,0.0,0.0,1.6223855018615723,0.0,0.0,-1.4506160020828247
4264,0.0,1.654561161994934,0.0,0.0,0.0,-0.7696694731712341
4265,0.0,1.2495628595352173,0.0,0.0,0.0,0.33129066228866577
4266,0.0,1.823966383934021,0.0,0.0,0.0,-2.2377569675445557
4267,0.0,0.0,1.904333233833313,0.0,0.0,-2.2113659381866455
4268,0.5762699842453003,0.0,0.0,0.0,0.0,1.9415889978408813
4269,0.0,1.760254979133606,0.0,0.0,0.0,-2.05981707572937
4270,0.0,1.8519190549850464,0.0,0.0,0.0,-2.3213746547698975
4271,0.5687362551689148,0.0,0.0,0.0,0.0,1.2909389734268188
4272,0.0,1.7788735628128052,0.0,0.0,0.0,-2.1060073375701904
4273,0.0,1.7571659088134766,0.0,0.0,0.0,-2.124941110610962
4274,0.0,0.0,2.0332083702087402,0.0,0.0,-2.5129902362823486
4275,2.0677108764648438,0.0,0.0,0.0,0.0,-2.445819616317749
4276,0.0,0.0,0.757265567779541,0.0,0.0,0.577117383480072
4277,1.6937079429626465,0.0,0.0,0.0,0.0,-1.5137217044830322
4278,0.0,1.2663252353668213,0.973448634147644,0.0,0.0,0.7291935682296753
4279,0.0,0.3125735819339752,0.0,0.0,0.0,3.1275863647460938
4280,0.0,1.0762510299682617,0.0,0.0,0.0,-1.197708010673523
4281,0.0,0.9578160643577576,0.0,0.0,0.0,0.2760712206363678
4282,0.0,0.0,0.0,1.0584025382995605,0.0,0.4466792941093445
4283,0.0,0.0,1.8450881242752075,0.0,0.0,-2.03308367729187
4284,1.6756526231765747,0.0,0.0,0.0,0.0,-1.0974061489105225
4285,0.0,0.59136563539505,0.0,0.0,0.0,0.4356836676597595
4286,0.0,0.0,1.804306983947754,0.0,0.0,-1.954842448234558
4287,0.0,0.0,1.1742275953292847,0.0,0.0,-0.23435254395008087
4288,1.0975921154022217,0.0,0.0,0.0,0.0,0.7509467601776123
4289,0.8897583484649658,0.7149838209152222,0.0,0.0,0.0,0.17898671329021454
4290,0.0,1.317117691040039,0.0,0.0,0.0,-0.44587695598602295
4291,0.0,0.4224160611629486,0.0,0.0,0.0,1.1454147100448608
4292,0.0,0.0,1.3979897499084473,0.0,0.0,-0.813998281955719
4293,0.0,1.357466459274292,0.0,0.0,0.0,-0.6220791339874268
4294,0.0,0.8864135146141052,0.0,0.0,0.0,1.0213373899459839
4295,0.0,0.7497960925102234,0.0,0.0,0.0,1.501049518585205
4296,0.0,0.0,1.835355520248413,0.0,0.0,-2.0584557056427
4297,0.0,1.5306988954544067,1.593361496925354,1.6286712884902954,0.0,-1.3928611278533936
4298,0.0,1.066776156425476,0.951394259929657,0.0,0.0,0.5003314018249512
4299,0.0,0.0,0.0,1.8248482942581177,0.0,-2.059298276901245
4300,1.13332998752594,0.0,0.0,0.0,0.0,0.15935508906841278
4301,0.0,0.0,0.9432382583618164,0.0,0.0,0.26290327310562134
4302,0.0,0.0,0.0,1.3036764860153198,0.0,-0.1489647775888443
4303,0.0,1.6746982336044312,0.0,0.0,0.0,-0.7876024842262268
4304,0.0,0.3129628896713257,0.0,0.0,0.0,3.0671885013580322
4305,0.0,0.0,1.387847661972046,0.0,0.0,-0.8251102566719055
4306,0.0,0.0,1.3625746965408325,0.0,0.0,-0.8469118475914001
4307,0.0,0.7182860970497131,0.0,0.0,0.0,1.6316362619400024
4308,0.0,1.8333293199539185,0.0,0.0,0.0,-2.3433549404144287
4309,0.0,1.818665623664856,0.0,0.0,0.0,-2.36828351020813
4310,0.0,0.0,0.793821394443512,0.0,0.0,0.8419399857521057
4311,0.6219465732574463,0.5270424485206604,0.0,0.0,0.0,1.399391770362854
4312,0.0,1.0811563730239868,0.0,0.0,0.0,-0.4427832067012787
4313,1.6368316411972046,0.0,0.0,0.0,0.0,-0.8317663073539734
4314,0.0,1.7213804721832275,0.0,0.0,0.0,-1.4436044692993164
4315,0.0,0.38552820682525635,0.0,0.0,0.0,2.7977445125579834
4316,0.9224568605422974,0.9065836071968079,0.0,0.0,0.0,1.1525918245315552
4317,0.0,0.0,1.3214465379714966,0.0,0.0,-0.8225173354148865
4318,0.0,0.3818395137786865,0.0,0.0,0.0,2.8274970054626465
4319,1.705067753791809,0.0,0.0,0.0,0.0,-1.191969394683838
4320,0.0,1.7586740255355835,0.0,0.0,0.0,-2.1258931159973145
4321,0.0,0.0,1.4326153993606567,0.0,0.0,-0.9483919739723206
4322,0.26461300253868103,0.21326078474521637,0.24349717795848846,0.0,0.0,3.5684194564819336
4323,0.0,0.891940176486969,0.0,0.0,0.0,1.3331258296966553
4324,0.0,0.9802398681640625,0.0,0.0,0.0,-0.19534869492053986
4325,0.0,1.7806700468063354,0.0,0.0,0.0,-2.252002716064453
4326,0.0,1.7989214658737183,0.0,0.0,0.0,-2.160066843032837
4327,0.0,1.79755699634552,0.0,0.0,0.0,-2.0213394165039062
4328,1.462524652481079,1.3021776676177979,0.0,1.4558277130126953,0.0,-0.8459398150444031
4329,0.0,0.0,0.0,1.2480400800704956,0.0,0.09189431369304657
4330,0.0,1.2092548608779907,0.0,0.0,0.0,-1.128478765487671
4331,0.0,1.625341773033142,0.0,0.0,0.0,-0.6685489416122437
4332,0.0,1.4104832410812378,0.0,0.0,0.0,-0.01599879562854767
4333,0.0,0.7580941319465637,0.0,0.0,0.0,0.6934310793876648
4334,0.0,0.8787034749984741,0.0,0.0,0.0,0.13913767039775848
4335,0.0,0.5517893433570862,0.0,0.0,0.0,0.8806769251823425
4336,1.707236647605896,0.0,0.0,0.0,0.0,-1.528153896331787
4337,2.010495185852051,0.0,0.0,0.0,0.0,-2.2356836795806885
4338,0.0,0.7983436584472656,0.0,0.0,0.0,0.22481761872768402
4339,0.0,0.0,0.0,1.5434244871139526,0.0,-0.999492347240448
4340,0.0,0.0,0.0,1.5528007745742798,0.0,-1.1006994247436523
4341,0.0,0.0,1.03269624710083,0.0,0.0,0.2021334022283554
4342,0.0,1.2411319017410278,0.0,0.0,0.0,1.055341362953186
4343,0.0,0.3614427149295807,0.0,0.0,0.0,2.611041307449341
4344,0.0,1.7389447689056396,0.0,0.0,0.0,-1.5691936016082764
4345,0.0,0.0,0.6085644960403442,0.0,0.0,1.5615960359573364
4346,1.9622513055801392,0.0,0.0,0.0,0.0,-2.1705610752105713
4347,0.40889930725097656,0.3119271397590637,0.0,0.0,0.0,2.004990339279175
4348,0.0,0.0,0.8667471408843994,0.0,0.0,0.47958484292030334
4349,0.0,0.0,0.7323181629180908,0.9563475251197815,0.0,1.328669548034668
4350,0.0,0.0,1.796696662902832,0.0,0.0,-1.909460425376892
4351,0.0,0.4672054350376129,0.0,0.0,0.0,1.7904664278030396
4352,0.0,0.0,0.0,1.3853718042373657,0.0,-0.5446501970291138
4353,0.0,1.5396182537078857,0.0,0.0,0.0,-0.2368328720331192
4354,0.0,1.7895352840423584,0.0,0.0,0.0,-1.9321062564849854
4355,0.0,0.0,1.4668596982955933,0.0,0.0,-1.0312386751174927
4356,0.0,1.749294638633728,0.0,0.0,0.0,-1.9173051118850708
4357,0.0,0.0,0.0,1.267478585243225,0.0,-0.21411998569965363
4358,0.0,1.7991790771484375,0.0,0.0,0.0,-2.231682062149048
4359,0.0,0.864669144153595,0.0,0.0,0.0,0.07469527423381805
4360,1.321919322013855,0.0,0.0,0.0,0.0,0.4644371271133423
4361,1.313844919204712,0.0,0.0,0.0,0.0,-0.1534392386674881
4362,0.0,0.3199091851711273,0.0,0.0,0.0,3.132888078689575
4363,2.0172250270843506,0.0,0.0,0.0,0.0,-2.261613368988037
4364,0.0,1.8499512672424316,0.0,0.0,0.0,-2.411323308944702
4365,0.0,0.0,0.0,1.8724088668823242,0.0,-2.2231600284576416
4366,0.0,1.596094012260437,1.6750608682632446,0.0,0.0,-1.590599536895752
4367,0.5345557332038879,0.48244789242744446,0.0,0.0,0.0,2.0993242263793945
4368,0.0,1.7086166143417358,0.0,0.0,0.0,-1.6908578872680664
4369,0.0,0.32364824414253235,0.0,0.0,0.0,3.1342437267303467
4370,1.6987203359603882,0.0,0.0,0.0,0.0,-1.074970006942749
4371,0.0,0.7490392327308655,0.0,0.0,0.0,1.5314233303070068
4372,0.0,0.5661638975143433,0.0,0.0,0.0,1.0843734741210938
4373,0.0,0.44619742035865784,0.0,0.6914565563201904,0.0,2.043410062789917
4374,0.0,1.1284732818603516,0.0,0.0,0.0,0.09925191104412079
4375,0.0,0.0,0.732658863067627,0.0,0.0,1.0939931869506836
4376,0.0,0.0,0.0,1.4455698728561401,0.0,-0.6154670119285583
4377,0.0,0.0,1.7322999238967896,0.0,0.0,-1.7269978523254395
4378,0.0,0.0,0.0,1.9023240804672241,0.0,-2.32790207862854
4379,0.0,0.6121034622192383,0.0,0.0,0.0,1.634796142578125
4380,0.0,0.0,1.785327434539795,0.0,0.0,-1.8673877716064453
4381,0.0,0.8607248663902283,0.0,0.0,0.0,0.9920943975448608
4382,0.0,1.765418529510498,0.0,0.0,0.0,-2.0270066261291504
4383,0.0,0.0,0.0,1.9235597848892212,0.0,-2.397735834121704
4384,0.0,0.5567514300346375,0.0,0.0,0.0,0.3783973455429077
4385,0.0,0.7583939433097839,0.0,0.0,0.0,-0.33474698662757874
4386,0.0,0.0,0.0,1.9146438837051392,0.0,-2.3629491329193115
4387,0.0,1.8317114114761353,0.0,0.0,0.0,-2.312128782272339
4388,0.0,1.7849133014678955,0.0,0.0,0.0,-2.171177625656128
4389,0.0,1.6227837800979614,0.0,0.0,0.0,-1.074105978012085
4390,1.6970875263214111,0.0,0.0,0.0,0.0,-1.5482306480407715
4391,0.0,1.7876827716827393,0.0,0.0,0.0,-2.1331632137298584
4392,0.0,1.3825353384017944,0.0,0.0,0.0,-0.4497654438018799
4393,2.0326578617095947,0.0,0.0,0.0,0.0,-2.2962558269500732
4394,0.0,0.5052623152732849,0.0,0.0,0.0,1.20730721950531
4395,0.8641312122344971,0.0,0.0,0.0,0.0,0.9830812215805054
4396,0.7975991368293762,0.0,0.0,0.0,0.0,0.43366605043411255
4397,1.8730146884918213,1.6386522054672241,0.0,1.781180500984192,0.0,-1.9983251094818115
4398,0.0,1.485548734664917,0.0,0.0,0.0,-1.6330723762512207
4399,0.0,1.1931060552597046,0.0,0.0,0.0,-1.2667806148529053
4400,0.0,1.6072324514389038,0.0,0.0,0.0,-1.1711037158966064
4401,0.39517226815223694,0.0,0.0,0.0,0.0,3.052943468093872
4402,0.0,0.3577241003513336,0.0,0.0,0.0,2.7477824687957764
4403,0.0,0.37811997532844543,0.0,0.0,0.0,2.6872165203094482
4404,1.9280723333358765,0.0,0.0,0.0,0.0,-2.035961389541626
4405,1.110602617263794,0.0,0.0,0.0,0.0,-0.26476621627807617
4406,0.0,1.857720971107483,0.0,0.0,0.0,-2.3544225692749023
4407,0.0,0.29646703600883484,0.3479318916797638,0.5778042078018188,0.0,2.4540398120880127
4408,0.0,0.0,1.3360810279846191,0.0,0.0,-0.6707920432090759
4409,0.0,1.138048768043518,0.0,0.0,0.0,0.3386407494544983
4410,1.901962161064148,0.0,0.0,0.0,0.0,-1.9016286134719849
4411,0.0,0.9502798318862915,0.0,0.0,0.0,0.653799295425415
4412,0.0,0.0,0.0,0.5703479051589966,0.0,3.0844218730926514
4413,0.0,1.7495471239089966,0.0,0.0,0.0,-2.028573751449585
4414,1.700661540031433,0.0,0.0,0.0,0.0,-1.2431728839874268
4415,0.9302725195884705,0.0,0.0,0.0,0.0,0.13917748630046844
4416,2.0424752235412598,0.0,0.0,0.0,0.0,-2.343813180923462
4417,2.012878179550171,0.0,0.0,0.0,0.0,-2.177652597427368
