item_id,a_knowledge,a_retrieval,a_reasoning,a_summary,guessing,difficulty
1,0.0,1.074902892112732,0.0,0.0,0.0,-2.5285956859588623
2,0.0,0.9498159289360046,0.0,0.0,0.0,-2.98091197013855
3,1.2993181943893433,0.0,0.0,0.0,0.0,-0.2591722011566162
4,0.0,0.0,1.4559648036956787,0.0,0.0,-1.5153436660766602
5,0.0,1.481810212135315,0.0,0.0,0.0,-1.9055144786834717
6,0.0,1.895688772201538,0.0,0.0,0.0,-0.5401492714881897
7,1.3052196502685547,0.0,0.0,0.0,0.0,-0.49107134342193604
8,0.0,1.6009267568588257,0.0,0.0,0.0,-0.6092946529388428
9,1.0374243259429932,0.0,0.0,0.0,0.0,-0.11818292737007141
10,0.0,0.21384285390377045,0.0,0.0,0.0,1.8876490592956543
11,0.0,0.0,0.0,1.0122382640838623,0.0,0.44231969118118286
12,1.1229196786880493,0.0,0.0,0.0,0.0,1.1040184497833252
13,0.0,1.0569708347320557,0.0,0.0,0.0,-2.937056541442871
14,0.0,0.3036321997642517,0.0,0.0,0.0,1.4327723979949951
15,0.0,0.2101961225271225,0.0,0.5266187191009521,0.0,3.3013551235198975
16,0.0,0.24776355922222137,0.0,0.0,0.0,-0.31759631633758545
17,0.7704502940177917,0.0,0.0,0.0,0.0,0.5145978331565857
18,0.0,0.5721420049667358,0.0,0.0,0.0,-0.1982927918434143
19,0.0,1.2028892040252686,0.0,1.153385877609253,0.0,0.26190298795700073
20,0.0,1.0104230642318726,0.0,0.0,0.0,0.10556213557720184
21,0.0,0.0,0.0,1.2608762979507446,0.0,-0.6901983022689819
22,0.0,0.24355058372020721,0.0,0.0,0.0,2.0527870655059814
23,0.9142529964447021,0.4490516781806946,0.0,0.0,0.0,-0.2449149638414383
24,0.0,0.7057428359985352,0.0,0.0,0.0,1.3547897338867188
25,0.0,1.3552789688110352,0.0,0.0,0.0,-1.6871883869171143
26,1.511764645576477,0.0,0.0,0.0,0.0,-1.1785434484481812
27,0.6833770275115967,0.34793898463249207,0.0,0.0,0.0,1.1761846542358398
28,0.0,0.257148802280426,0.0,0.0,0.0,-0.6769170165061951
29,0.448367178440094,0.2648563086986542,0.0,0.0,0.0,2.9194419384002686
30,0.0,0.34390148520469666,0.0,0.0,0.0,1.3314580917358398
31,0.7522239685058594,0.27335748076438904,0.0,0.0,0.0,-0.8311569690704346
32,0.0,0.9710413217544556,0.0,0.0,0.0,-2.951223850250244
33,0.0,0.0,0.7886972427368164,0.0,0.0,0.7702562808990479
34,1.797699213027954,0.0,0.0,0.0,0.0,-1.3255670070648193
35,0.0,0.7534382939338684,0.0,0.0,0.0,-0.3128621280193329
36,1.4318454265594482,0.0,0.0,0.0,0.0,-0.7196424603462219
37,1.6630593538284302,1.0884156227111816,0.0,0.0,0.0,-1.941426157951355
38,0.0,0.2671091854572296,0.0,0.0,0.0,0.8969771265983582
39,0.0,0.9640299081802368,0.0,0.0,0.0,-2.768099546432495
40,0.0,0.0,0.0,0.9334977269172668,0.0,0.47360527515411377
41,1.4357929229736328,0.0,0.0,0.0,0.0,-1.6858813762664795
42,0.0,1.330086588859558,0.0,0.0,0.0,-2.1078245639801025
43,0.0,0.39122238755226135,0.0,0.0,0.0,-1.1553914546966553
44,0.0,1.1687203645706177,0.0,0.0,0.0,-1.5633397102355957
45,0.0,0.2293785810470581,0.0,0.0,0.0,1.9230988025665283
46,0.0,0.5000116229057312,0.0,0.0,0.0,-1.5710283517837524
47,0.0,0.0,1.4546319246292114,0.0,0.0,-1.6949619054794312
48,0.3660714626312256,0.20953194797039032,0.0,0.0,0.0,3.347492218017578
49,0.0,0.0,1.3205844163894653,0.0,0.0,-0.8469796180725098
50,0.0,0.2678077518939972,0.0,0.0,0.0,2.795184373855591
51,0.0,0.3878522217273712,0.0,0.0,0.0,-0.23128339648246765
52,0.626125693321228,0.0,0.0,0.0,0.0,0.11216290295124054
53,0.0,0.5006930232048035,0.0,0.0,0.0,-1.280954360961914
54,1.2586710453033447,0.0,0.0,0.0,0.0,0.6988940834999084
55,0.0,2.0595126152038574,0.0,0.0,0.0,0.22657109797000885
56,0.0,0.9985134601593018,0.0,0.0,0.0,-2.937864065170288
57,0.0,1.3128105401992798,0.0,0.0,0.0,0.772609293460846
58,0.0,1.3429546356201172,0.0,0.0,0.0,-1.9945813417434692
59,0.0,1.199499487876892,0.0,0.0,0.0,-0.26913219690322876
60,0.38686102628707886,0.15130899846553802,0.0,0.0,0.0,1.7831593751907349
61,0.0,2.1020021438598633,0.0,0.0,0.0,-0.7318860292434692
62,0.0,0.18486808240413666,0.0,0.0,0.0,-0.051606494933366776
63,0.0,0.13799002766609192,0.0,0.0,0.0,0.5807824730873108
64,0.0,1.0007983446121216,0.0,0.0,0.0,-2.379408836364746
65,0.75196772813797,0.0,0.0,0.0,0.0,1.7460023164749146
66,1.7900762557983398,0.0,0.0,0.0,0.0,-3.189592123031616
67,0.0,0.19077005982398987,0.0,0.0,0.0,-0.7724873423576355
68,1.7952708005905151,0.0,0.0,0.0,0.0,-2.0166730880737305
69,0.0,2.3087446689605713,0.0,0.0,0.0,-0.6805554032325745
70,0.0,0.0,0.34788644313812256,0.0,0.0,3.3424012660980225
71,0.0,0.1813407838344574,0.0,0.0,0.0,-0.4317222833633423
72,0.0,1.8843135833740234,0.0,0.0,0.0,-0.7256937623023987
73,0.0,1.6626969575881958,0.0,0.0,0.0,-1.0080405473709106
74,0.0,0.26306891441345215,0.8270680904388428,0.9137887358665466,0.0,-0.4350823163986206
75,0.0,1.4799962043762207,0.0,0.0,0.0,-1.9191194772720337
76,1.7706815004348755,0.0,0.0,0.0,0.0,-2.920621633529663
77,0.0,0.2611161470413208,0.0,0.0,0.0,1.023282766342163
78,0.0,0.6239954829216003,0.0,0.0,0.0,-1.7405524253845215
79,0.0,1.6844627857208252,0.0,0.0,0.0,-1.4603266716003418
80,1.8648172616958618,0.0,0.0,0.0,0.0,-1.930375099182129
81,0.0,1.152316927909851,0.0,0.0,0.0,0.4695912003517151
82,0.6463770270347595,0.3124130368232727,0.0,0.0,0.0,0.8058333992958069
83,0.0,0.8015761971473694,0.0,0.0,0.0,-1.3426389694213867
84,0.0,1.5720024108886719,0.0,0.0,0.0,0.4595213532447815
85,0.0,1.4716813564300537,0.0,0.0,0.0,1.3703629970550537
86,0.0,1.081129789352417,0.0,0.0,0.0,-2.6398661136627197
87,0.0,2.319490909576416,0.0,0.0,0.0,0.21442528069019318
88,1.9944707155227661,0.0,0.0,0.0,0.0,-2.0828564167022705
89,0.0,0.0,0.0,1.2900850772857666,0.0,-1.2852213382720947
90,1.5423212051391602,0.0,0.0,0.0,0.0,-1.1179533004760742
91,0.0,0.5062101483345032,0.0,0.0,0.0,-0.7701143622398376
92,0.0,0.9227293133735657,0.0,0.0,0.0,-2.9466569423675537
93,0.0,0.0,0.0,1.2038851976394653,0.0,-0.5273057818412781
94,0.7090942859649658,0.24041703343391418,0.0,0.0,0.0,-0.7993683218955994
95,0.0,0.496385782957077,0.0,0.0,0.0,0.29416531324386597
96,0.0,0.9247469902038574,0.0,0.0,0.0,-2.9100704193115234
97,0.0,0.8823480010032654,0.0,0.0,0.0,-2.960505723953247
98,0.0,0.0,1.3218117952346802,0.0,0.0,-0.9971510767936707
99,0.0,0.0,1.5940217971801758,0.0,0.0,-2.198873519897461
100,0.583191990852356,0.0,0.0,0.0,0.0,0.2535289525985718
101,0.0,0.0,1.0493881702423096,0.0,0.0,0.04104824364185333
102,0.0,0.5994369983673096,0.0,0.0,0.0,-2.134918689727783
103,1.2694659233093262,0.0,0.0,0.0,0.0,0.3452233672142029
104,0.0,0.6672962307929993,0.0,0.0,0.0,2.1822574138641357
105,0.0,1.3112200498580933,0.0,0.0,0.0,0.5177520513534546
106,0.485862672328949,0.2628019154071808,0.0,0.0,0.0,2.392944574356079
107,0.9632168412208557,0.0,0.0,0.0,0.0,0.7915220856666565
108,0.0,0.14914830029010773,0.0,0.0,0.0,0.12866385281085968
109,1.713457703590393,0.0,0.0,0.0,0.0,-2.7743656635284424
110,0.0,0.4810314178466797,0.0,0.0,0.0,-1.7352449893951416
111,0.0,0.7750575542449951,0.0,0.0,0.0,1.2853405475616455
112,0.0,0.42054837942123413,0.0,0.0,0.0,-0.011071920394897461
113,0.49667906761169434,0.0,0.0,0.0,0.0,2.0076253414154053
114,1.6874572038650513,0.0,0.0,0.0,0.0,-0.09189847111701965
115,1.7035263776779175,0.0,0.0,0.0,0.0,-2.6188037395477295
116,1.518998146057129,0.7180241942405701,0.0,0.0,0.0,-2.778899908065796
117,0.0,0.0,1.29586660861969,0.0,0.0,-1.4473371505737305
118,0.0,0.6442220211029053,0.0,0.0,0.0,1.8499071598052979
119,1.6434828042984009,0.0,0.0,0.0,0.0,-1.581813097000122
120,0.0,0.9237894415855408,0.0,0.0,0.0,-2.858074426651001
121,1.6758074760437012,0.0,0.0,0.0,0.0,-0.32055944204330444
122,0.9339093565940857,0.0,0.0,0.0,0.0,0.7490381598472595
123,0.5265825986862183,0.0,0.0,0.0,0.0,2.792649030685425
124,0.0,2.145979642868042,0.0,0.0,0.0,-0.5006580948829651
125,0.0,2.183375597000122,0.0,0.0,0.0,-0.8393434882164001
126,0.0,0.0,0.0,0.6172307133674622,0.0,2.4654386043548584
127,1.3055410385131836,0.0,0.0,0.0,0.0,-1.4636940956115723
128,0.0,1.3155601024627686,0.0,0.0,0.0,1.2266387939453125
129,0.4601626992225647,0.0,0.0,0.0,0.0,3.4569523334503174
130,1.1419540643692017,0.0,0.0,0.0,0.0,0.04575823247432709
131,0.0,2.1514556407928467,0.0,0.0,0.0,0.3856582045555115
132,0.0,0.24666129052639008,0.0,0.0,0.0,0.0741657167673111
133,1.7426064014434814,0.0,0.0,0.0,0.0,-0.7133108973503113
134,1.2293026447296143,0.8729357719421387,0.0,0.0,0.0,-0.0037075281143188477
135,0.0,1.342592716217041,0.0,1.3803296089172363,0.0,-1.0988587141036987
136,0.0,0.14252248406410217,0.0,0.0,0.0,0.4068886637687683
137,0.0,1.596105694770813,0.0,0.0,0.0,-0.9809183478355408
138,0.0,0.19683228433132172,0.27044838666915894,0.5082058310508728,0.0,3.621062994003296
139,1.5828362703323364,0.0,0.0,0.0,0.0,-1.2741085290908813
140,0.5628570914268494,0.2834782600402832,0.0,0.0,0.0,1.6815961599349976
141,0.0,1.584126591682434,0.0,0.0,0.0,-0.9736540913581848
142,0.0,0.0,0.0,1.609607219696045,0.0,-2.948819398880005
143,0.0,0.6654704809188843,0.0,0.0,0.0,-0.7984585762023926
144,1.7684987783432007,0.0,0.0,0.0,0.0,-2.2587666511535645
145,0.0,0.17342707514762878,0.0,0.0,0.0,-0.1323985457420349
146,0.0,0.0,0.0,1.6547600030899048,0.0,-3.2395942211151123
147,0.0,1.464158535003662,0.0,0.0,0.0,-1.1759145259857178
148,0.0,1.8281995058059692,0.0,0.0,0.0,0.03192929923534393
149,0.0,2.19283390045166,0.0,0.0,0.0,-0.6454305052757263
150,0.0,0.24081724882125854,0.0,0.0,0.0,2.0561702251434326
151,0.0,2.1449332237243652,0.0,0.0,0.0,-0.5806442499160767
152,0.0,0.0,1.0643893480300903,0.0,0.0,-0.6808629035949707
153,0.0,2.4489853382110596,0.0,0.0,0.0,-0.5381677746772766
154,0.0,0.9317582249641418,0.0,0.0,0.0,-3.1683120727539062
155,0.0,0.0,0.0,1.6167707443237305,0.0,-2.982891321182251
156,0.0,1.2647628784179688,0.0,0.0,0.0,-1.526820182800293
157,0.0,1.8363136053085327,0.0,0.0,0.0,-1.0908019542694092
158,1.5653682947158813,0.7602004408836365,0.0,0.0,0.0,-2.793299436569214
159,0.0,0.9340343475341797,0.0,0.0,0.0,-2.8611676692962646
160,0.0,0.3871331214904785,0.0,0.0,0.0,0.3717712163925171
161,0.7606316208839417,0.35868364572525024,0.0,0.0,0.0,0.20741437375545502
162,0.0,1.0624219179153442,0.0,0.0,0.0,-2.6600139141082764
163,0.0,1.5089478492736816,0.0,0.0,0.0,-1.8087806701660156
164,1.6681907176971436,1.0289816856384277,0.0,0.0,0.0,-2.185213088989258
165,1.7626831531524658,0.0,0.0,0.0,0.0,-2.9461827278137207
166,0.0,1.0219318866729736,0.0,0.0,0.0,-2.6980106830596924
167,1.6831070184707642,0.0,0.0,0.0,0.0,-2.580183267593384
168,0.0,0.1578330546617508,0.0,0.0,0.0,1.151463270187378
169,0.0,0.9785553216934204,0.0,0.0,0.0,1.4044513702392578
170,0.0,0.8901225328445435,0.0,0.0,0.0,-2.9787182807922363
171,1.5096925497055054,0.0,0.0,0.0,0.0,-0.9372647404670715
172,1.7015163898468018,0.9261307716369629,0.0,0.0,0.0,-2.8457329273223877
173,0.0,0.37858685851097107,0.0,0.0,0.0,-0.6066927313804626
174,0.0,1.3600852489471436,0.0,0.0,0.0,-2.2253987789154053
175,0.0,0.0,1.6801398992538452,0.0,0.0,-2.451249122619629
176,0.0,0.20802778005599976,0.3310089409351349,0.5555436015129089,0.0,2.888397216796875
177,0.0,0.0,0.9793332815170288,0.0,0.0,-0.24324548244476318
178,0.0,1.0604561567306519,0.0,0.0,0.0,-2.5642263889312744
179,0.0,1.5517892837524414,0.0,0.0,0.0,0.6543973088264465
180,0.8127680420875549,0.0,0.0,0.0,0.0,-0.3975052237510681
181,1.7089159488677979,0.0,0.0,0.0,0.0,-2.708810329437256
182,0.0,1.3595023155212402,0.0,0.0,0.0,0.5207297801971436
183,0.978449285030365,0.0,0.0,0.0,0.0,-0.760036826133728
184,0.0,0.0,0.6271612644195557,0.0,0.0,1.6376454830169678
185,0.0,0.7571073174476624,0.0,0.0,0.0,-1.0686007738113403
186,1.5752670764923096,0.0,0.0,0.0,0.0,-0.39787954092025757
187,0.0,0.0,1.7006686925888062,0.0,0.0,-2.5450832843780518
188,0.0,1.7195627689361572,0.0,0.0,0.0,1.18888258934021
189,1.785994052886963,1.3663935661315918,0.0,0.0,0.0,-1.2732797861099243
190,0.0,1.138550043106079,0.0,0.0,0.0,-1.8925594091415405
191,0.0,1.0147939920425415,0.0,0.0,0.0,1.0792677402496338
192,0.0,0.9882581830024719,0.0,0.0,0.0,-2.9150407314300537
193,0.0,1.11062753200531,0.0,0.0,0.0,0.15915538370609283
194,0.0,0.6236974000930786,0.0,0.0,0.0,0.6869308352470398
195,0.0,1.5936172008514404,0.0,0.0,0.0,0.9335977435112
196,0.0,0.8899725079536438,0.0,0.0,0.0,-0.5112141966819763
197,0.0,0.0,1.2073887586593628,0.0,0.0,-0.5287194848060608
198,0.0,1.3367890119552612,0.0,0.0,0.0,-1.650599479675293
199,0.0,0.0,0.0,1.2180767059326172,0.0,-0.5656176805496216
200,0.0,1.6587553024291992,0.0,0.0,0.0,-0.4158387780189514
201,0.0,1.208860993385315,0.0,0.0,0.0,-0.07203573733568192
202,0.0,0.5510578751564026,0.0,0.0,0.0,-1.8595149517059326
203,0.0,1.0595277547836304,0.0,0.0,0.0,-3.3712923526763916
204,0.0,0.6568217873573303,0.0,0.0,0.0,-1.6041147708892822
205,0.0,0.3624769449234009,0.0,0.0,0.0,-1.5107370615005493
206,0.0,1.520430088043213,0.0,0.0,0.0,0.5886539816856384
207,0.0,0.6420652866363525,0.0,0.0,0.0,-0.5679499506950378
208,0.0,0.9515110850334167,0.0,0.0,0.0,-2.9350240230560303
209,1.3950002193450928,0.0,0.0,0.0,0.0,-0.9826295971870422
210,1.345832109451294,0.8980768322944641,0.0,0.0,0.0,-0.6683514714241028
211,0.0,0.9489771127700806,0.0,0.0,0.0,-3.2205936908721924
212,0.0,1.7603319883346558,0.0,0.0,0.0,-1.4021847248077393
213,0.0,0.0,1.5290703773498535,0.0,0.0,-1.9561243057250977
214,0.0,1.563394546508789,0.0,0.0,0.0,-1.5177929401397705
215,1.7323814630508423,0.0,0.0,0.0,0.0,-2.959697723388672
216,0.0,0.2571158707141876,0.0,0.0,0.0,2.234307289123535
217,0.0,1.4034597873687744,0.0,0.0,0.0,0.08180464804172516
218,0.0,0.2588895857334137,0.0,0.0,0.0,0.1658027023077011
219,0.0,1.8795582056045532,0.0,0.0,0.0,0.10468438267707825
220,1.7871652841567993,0.0,0.0,0.0,0.0,-2.955824851989746
221,0.0,1.6732250452041626,0.0,0.0,0.0,0.3729131817817688
222,1.7255858182907104,0.0,0.0,0.0,0.0,-2.957324743270874
223,0.0,0.0,1.711514949798584,0.0,0.0,-2.574000120162964
224,0.0,0.0,0.0,1.0469259023666382,0.0,0.5566321015357971
225,0.0,0.3580950200557709,0.0,0.0,0.0,-1.4646438360214233
226,0.0,0.32903528213500977,0.0,0.0,0.0,1.3438012599945068
227,1.6918163299560547,0.0,0.0,0.0,0.0,-1.6039488315582275
228,1.2438386678695679,0.0,0.0,0.0,0.0,-0.518316388130188
229,0.0,0.2601318359375,0.0,0.0,0.0,-1.0994716882705688
230,0.0,0.9423624277114868,0.0,0.0,0.0,-2.722426176071167
231,0.0,0.9389098882675171,0.0,0.0,0.0,-2.2414700984954834
232,0.0,0.35052669048309326,0.0,0.0,0.0,-0.982707679271698
233,0.0,0.9914131760597229,0.0,0.0,0.0,-3.1045522689819336
234,0.0,0.9732779860496521,0.0,0.0,0.0,-2.9141035079956055
235,0.0,1.498348593711853,0.0,0.0,0.0,-1.6606587171554565
236,0.0,0.17356841266155243,0.0,0.0,0.0,2.028759002685547
237,1.2195216417312622,0.0,0.0,0.0,0.0,-0.6884922981262207
238,1.4106957912445068,0.0,0.0,0.0,0.0,-1.2626705169677734
239,0.0,1.1849265098571777,0.0,0.0,0.0,-1.9111008644104004
240,0.0,1.2023627758026123,0.0,0.0,0.0,-0.2951103448867798
241,1.2978999614715576,0.0,0.0,0.0,0.0,-1.560023307800293
242,0.0,1.7407437562942505,0.0,0.0,0.0,-0.7022703289985657
243,0.0,0.0,1.5094587802886963,0.0,0.0,-1.855283260345459
244,0.0,1.3326106071472168,0.0,0.0,0.0,-2.0683135986328125
245,0.0,0.8869073987007141,0.0,0.0,0.0,2.039276361465454
246,0.0,1.7884612083435059,0.0,0.0,0.0,-0.8989366888999939
247,0.0,0.9075309038162231,0.0,0.0,0.0,0.6292633414268494
248,0.0,0.46219849586486816,0.0,0.0,0.0,1.7985060214996338
249,0.0,1.0247656106948853,0.0,0.0,0.0,-2.660937547683716
250,0.0,0.7296769022941589,0.0,0.0,0.0,-1.9244632720947266
251,0.0,0.0,1.5964902639389038,0.0,0.0,-2.183138847351074
252,1.2243565320968628,0.0,0.0,0.0,0.0,-1.3511924743652344
253,0.0,1.1522204875946045,0.9422020316123962,1.072045087814331,0.0,0.8519946932792664
254,0.0,2.3095974922180176,0.0,0.0,0.0,-0.6705873012542725
255,0.0,1.4250261783599854,0.0,0.0,0.0,-1.960615873336792
256,0.0,0.288009911775589,0.0,0.0,0.0,0.6605122089385986
257,0.0,1.1642229557037354,0.0,0.0,0.0,1.106801986694336
258,0.0,0.32026711106300354,0.0,0.0,0.0,-1.1071256399154663
259,0.452895849943161,0.0,0.0,0.0,0.0,3.270123243331909
260,1.0029516220092773,0.0,0.7504162192344666,0.0,0.0,1.243809461593628
261,0.0,0.9567396640777588,0.0,0.0,0.0,-3.0830349922180176
262,0.0,1.2833513021469116,0.0,0.0,0.0,0.11522699892520905
263,0.0,1.064271330833435,0.0,0.0,0.0,-3.2380740642547607
264,0.0,0.9559180736541748,0.0,0.0,0.0,-3.0062708854675293
265,0.0,0.4086257517337799,0.0,0.0,0.0,-1.677103042602539
266,0.0,0.9834855794906616,0.0,0.0,0.0,-2.870586395263672
267,1.4336802959442139,0.7892788648605347,0.0,0.0,0.0,-1.727893590927124
268,0.0,0.27015119791030884,0.0,0.0,0.0,-0.3606390953063965
269,0.0,0.891360342502594,0.0,0.0,0.0,-0.8250568509101868
270,0.5803404450416565,0.0,0.0,0.0,0.0,1.9505507946014404
271,0.0,0.9964783787727356,0.0,0.0,0.0,-2.871210813522339
272,0.0,1.959254264831543,0.0,0.0,0.0,0.24868406355381012
273,0.0,1.9191292524337769,0.0,0.0,0.0,1.0666613578796387
274,0.0,0.9339810013771057,0.0,0.0,0.0,-2.83713960647583
275,0.0,1.0728107690811157,0.0,0.0,0.0,-0.8698926568031311
276,0.0,1.8288496732711792,0.0,0.0,0.0,-1.2771899700164795
277,0.0,0.0,1.5769208669662476,0.0,0.0,-2.1071648597717285
278,0.0,0.8120129704475403,0.0,0.0,0.0,1.3717498779296875
279,0.0,0.9379262924194336,0.0,0.0,0.0,0.24506045877933502
280,0.0,1.046209454536438,0.0,0.0,0.0,-3.5510213375091553
281,0.0,1.6024816036224365,0.0,0.0,0.0,-0.7688073515892029
282,0.0,0.9800500273704529,0.0,0.0,0.0,-3.014958620071411
283,0.0,0.8470435738563538,0.0,0.0,0.0,1.2668616771697998
284,1.673211693763733,0.0,0.0,0.0,0.0,0.152430459856987
285,0.0,1.1496829986572266,0.0,0.0,0.0,-0.20213598012924194
286,0.0,1.628003478050232,0.0,0.0,0.0,0.14034117758274078
287,0.4969022870063782,0.0,0.0,0.0,0.0,2.8912765979766846
288,0.0,0.0,1.6595622301101685,0.0,0.0,-2.3703877925872803
289,1.1456303596496582,0.0,0.0,0.0,0.0,-0.7630359530448914
290,1.8241963386535645,0.0,0.0,0.0,0.0,-2.992804765701294
291,1.5853039026260376,0.0,0.0,0.0,0.0,0.158830925822258
292,0.0,0.40927404165267944,0.0,0.0,0.0,-1.1076704263687134
293,0.0,1.3788305521011353,0.0,0.0,0.0,-1.9177427291870117
294,0.0,0.21216422319412231,0.0,0.0,0.0,-0.6479828953742981
295,0.0,1.1591252088546753,0.0,0.0,0.0,-0.5071897506713867
296,0.0,0.7792263627052307,0.0,0.0,0.0,0.3888457417488098
297,0.0,1.114020824432373,0.0,0.0,0.0,-1.3124006986618042
298,0.0,1.0490862131118774,0.0,0.0,0.0,-2.7457070350646973
299,0.814476490020752,0.0,0.0,0.0,0.0,-0.4495958089828491
300,0.0,0.6897279024124146,0.0,0.0,0.0,-1.893404245376587
301,0.0,0.0,0.0,0.8745522499084473,0.0,0.7977643609046936
302,0.0,0.5752372145652771,0.0,0.0,0.0,-1.442248821258545
303,0.0,0.0,0.9919252395629883,0.0,0.0,0.5365303158760071
304,1.3562685251235962,0.0,0.0,0.0,0.0,-0.008903302252292633
305,0.0,0.30766481161117554,0.35544759035110474,0.5748270750045776,0.0,3.0509626865386963
306,0.0,0.0,1.7189871072769165,0.0,0.0,-2.6169965267181396
307,0.0,0.0,0.0,0.6015385389328003,0.0,3.1094870567321777
308,0.0,0.9989063739776611,0.0,0.0,0.0,-2.859689950942993
309,0.0,1.518894076347351,0.0,0.0,0.0,-1.9821350574493408
310,0.0,0.9193012714385986,0.0,0.0,0.0,-2.679029703140259
311,0.0,0.8681257367134094,0.0,0.0,0.0,0.28385311365127563
312,0.0,0.9669852256774902,0.0,0.0,0.0,-2.6620304584503174
313,0.3571786880493164,0.19955354928970337,0.0,0.0,0.0,3.4019381999969482
314,0.0,1.5733723640441895,0.0,0.0,0.0,0.9234645962715149
315,0.0,0.37589001655578613,0.4776183068752289,0.6685864329338074,0.0,2.2711074352264404
316,0.0,1.4925042390823364,0.0,0.0,0.0,0.3291776180267334
317,1.8467156887054443,0.0,0.0,0.0,0.0,-1.4876607656478882
318,0.0,2.148670196533203,0.0,0.0,0.0,0.071751669049263
319,0.0,0.8872464895248413,0.0,0.0,0.0,1.2438310384750366
320,0.0,0.5263936519622803,0.0,0.0,0.0,-1.5299525260925293
321,0.0,1.701766848564148,1.2991962432861328,1.3414297103881836,0.0,-0.21506118774414062
322,1.603399634361267,0.0,0.0,0.0,0.0,-0.8368921279907227
323,1.6691174507141113,0.0,0.0,0.0,0.0,-2.6305387020111084
324,1.7193870544433594,0.0,0.0,0.0,0.0,-2.5749194622039795
325,0.0,0.763128399848938,0.0,0.0,0.0,1.1039135456085205
326,0.0,0.0,0.9844843745231628,0.0,0.0,-0.2451137751340866
327,0.0,0.17000256478786469,0.0,0.0,0.0,1.9124441146850586
328,0.7780278325080872,0.0,0.6022874116897583,0.0,0.0,1.9656317234039307
329,1.4683113098144531,0.0,0.0,0.0,0.0,0.7433595657348633
330,0.0,0.8570072650909424,0.0,0.0,0.0,0.16884838044643402
331,0.0,0.753638505935669,0.0,0.0,0.0,0.8239976167678833
332,0.0,1.892171859741211,0.0,0.0,0.0,0.8044313788414001
333,0.0,2.109933614730835,0.0,0.0,0.0,-0.43981921672821045
334,0.0,0.7427297830581665,0.0,0.0,0.0,-1.1398656368255615
335,0.0,1.0155959129333496,0.0,0.0,0.0,-2.6392734050750732
336,0.0,0.28211456537246704,0.0,0.0,0.0,3.011625289916992
337,0.0,0.9318618178367615,0.0,0.0,0.0,-3.0264766216278076
338,0.0,1.0206853151321411,0.0,0.0,0.0,0.8016243577003479
339,0.0,1.0260406732559204,0.0,0.0,0.0,-2.24857497215271
340,0.0,0.7112848162651062,0.0,0.0,0.0,-1.5188654661178589
341,0.0,0.40766963362693787,0.0,0.0,0.0,0.3363531827926636
342,0.0,0.999474823474884,0.0,0.0,0.0,-3.0538909435272217
343,0.0,0.0,0.0,1.1696240901947021,0.0,-0.15445560216903687
344,0.0,0.0,0.9001672863960266,0.0,0.0,0.37080496549606323
345,0.0,1.0222961902618408,0.0,0.0,0.0,-2.8916380405426025
346,0.0,2.0853629112243652,0.0,0.0,0.0,0.4590914845466614
347,1.6462202072143555,0.0,0.0,0.0,0.0,-0.4857548475265503
348,1.722071886062622,0.0,0.0,0.0,0.0,-2.7738125324249268
349,0.0,0.9405419230461121,0.0,0.0,0.0,-2.5216281414031982
350,0.0,1.549835443496704,0.0,0.0,0.0,-1.6780476570129395
351,0.0,0.9888439178466797,0.0,0.0,0.0,-3.183216094970703
352,0.0,0.5082870721817017,0.0,0.0,0.0,-0.19448089599609375
353,0.0,1.02753746509552,0.0,0.0,0.0,-0.7225744128227234
354,1.7761378288269043,0.0,0.0,0.0,0.0,-1.3556044101715088
355,0.0,0.32789361476898193,0.0,0.0,0.0,0.38192129135131836
356,0.0,1.2072581052780151,0.0,0.0,0.0,-2.0050857067108154
357,0.0,1.6644644737243652,0.0,0.0,0.0,-1.5462795495986938
358,0.0,0.0,1.2049075365066528,0.0,0.0,-1.290534496307373
359,1.4309442043304443,0.0,0.0,0.0,0.0,-0.9941882491111755
360,0.0,0.0,1.1919641494750977,0.0,0.0,-0.7891367673873901
361,0.0,2.214634418487549,0.0,0.0,0.0,0.42706960439682007
362,0.0,1.0615366697311401,0.0,0.0,0.0,0.623121440410614
363,0.0,1.8014899492263794,0.0,0.0,0.0,0.7164128422737122
364,1.2341948747634888,0.0,0.0,0.0,0.0,0.09954322874546051
365,0.0,0.5775231719017029,0.0,0.0,0.0,-0.490029513835907
366,0.0,1.520151972770691,0.0,0.0,0.0,-1.4275013208389282
367,1.8005895614624023,0.0,0.0,0.0,0.0,-1.465366244316101
368,0.0,0.9770946502685547,0.0,0.0,0.0,-2.900170087814331
369,0.0,0.48131999373435974,0.0,0.0,0.0,-1.091972827911377
370,0.0,2.2220771312713623,0.0,0.0,0.0,-0.3659209609031677
371,0.0,0.9816713929176331,0.0,0.0,0.0,-3.049196481704712
372,0.0,0.5317248106002808,0.0,0.0,0.0,-0.9348412752151489
373,1.3735054731369019,0.0,0.0,0.0,0.0,-1.1676201820373535
374,0.0,0.0,1.3730485439300537,0.0,0.0,-1.2589293718338013
375,1.1926548480987549,0.0,0.0,0.0,0.0,-1.477388620376587
376,0.0,0.9786489605903625,0.0,0.0,0.0,0.8484759330749512
377,0.0,0.9156671166419983,0.0,0.0,0.0,1.033928394317627
378,0.0,0.8896368741989136,0.0,0.0,0.0,-3.282381534576416
379,0.0,0.0,1.5653055906295776,0.0,0.0,-2.057647228240967
380,0.0,0.23058491945266724,0.0,0.0,0.0,1.7995219230651855
381,0.0,0.9810141921043396,0.0,0.0,0.0,-2.7348549365997314
382,0.0,0.0,0.0,1.3569164276123047,0.0,-1.3556946516036987
383,0.0,1.2563761472702026,0.0,0.0,0.0,-1.9725110530853271
384,1.2516926527023315,0.0,0.0,0.0,0.0,0.6964991688728333
385,0.5444402098655701,0.23743005096912384,0.0,0.0,0.0,0.9229094386100769
386,0.7170398235321045,0.0,0.0,0.0,0.0,0.36841022968292236
387,0.0,0.924755871295929,0.0,0.0,0.0,-3.026414155960083
388,1.4743075370788574,0.0,0.0,0.0,0.0,0.4938247799873352
389,0.0,0.0,1.322434663772583,0.0,0.0,-1.056044101715088
390,0.0,0.1857915073633194,0.0,0.0,0.0,1.8453465700149536
391,1.3654332160949707,0.0,0.0,0.0,0.0,-0.676311731338501
392,0.0,0.9701105356216431,0.0,0.0,0.0,-2.8157546520233154
393,0.0,0.9438447952270508,0.0,0.0,0.0,-2.6275899410247803
394,0.0,0.0,1.6881948709487915,0.0,0.0,-2.493121862411499
395,0.0,0.9823228120803833,0.0,0.0,0.0,-3.217430591583252
396,1.0420632362365723,0.0,0.0,0.0,0.0,1.1243088245391846
397,1.730600357055664,0.0,0.0,0.0,0.0,-2.878457546234131
398,0.0,0.2694742679595947,0.0,0.0,0.0,0.506596028804779
399,1.2487764358520508,0.0,0.0,0.0,0.0,-1.88827645778656
400,1.9475488662719727,0.0,0.0,0.0,0.0,-2.9584953784942627
401,0.0,1.0085924863815308,0.0,0.0,0.0,-2.978107213973999
402,1.8262596130371094,0.0,0.0,0.0,0.0,-3.068246603012085
403,0.5900940299034119,0.0,0.0,0.0,0.0,1.948836326599121
404,0.0,0.9086081385612488,0.0,0.0,0.0,-2.8236019611358643
405,0.0,0.9644887447357178,0.0,0.0,0.0,-3.3050754070281982
406,0.8173200488090515,0.0,0.0,0.0,0.0,-0.42271435260772705
407,1.5902730226516724,0.0,0.0,0.0,0.0,-0.6046594381332397
408,0.0,1.0844531059265137,0.0,0.0,0.0,-2.4838011264801025
409,0.0,0.7794567942619324,0.0,0.0,0.0,0.5321364402770996
410,1.6736056804656982,1.322523593902588,0.0,0.0,0.0,-0.9591494202613831
411,0.0,0.3652662932872772,0.0,0.0,0.0,-1.751342535018921
412,0.0,0.2915836572647095,0.0,0.0,0.0,1.7833549976348877
413,0.823987603187561,0.0,0.0,0.0,0.0,-1.1508944034576416
414,0.0,0.17783328890800476,0.0,0.0,0.0,0.7726967930793762
415,0.0,0.0,0.0,1.5431530475616455,0.0,-2.611274480819702
416,0.0,0.0,0.0,0.9593445658683777,0.0,0.2968127727508545
417,0.0,0.8715600371360779,0.0,0.0,0.0,1.0806334018707275
418,0.0,0.22781243920326233,0.0,0.0,0.0,1.0890705585479736
419,0.0,0.192305326461792,0.0,0.0,0.0,0.1623057872056961
420,0.0,0.5580072402954102,0.0,0.0,0.0,-0.40507686138153076
421,1.6942932605743408,0.0,0.0,0.0,0.0,-1.3025481700897217
422,0.0,1.0722635984420776,0.0,0.0,0.0,-2.6140658855438232
423,1.587079405784607,0.0,0.0,0.0,0.0,-0.3983861207962036
424,0.0,1.0367847681045532,0.0,0.0,0.0,-2.9626119136810303
425,0.0,0.0,1.629463791847229,0.0,0.0,-2.2539632320404053
426,0.0,0.2435169219970703,0.0,0.0,0.0,3.0124480724334717
427,1.249847412109375,0.0,0.0,0.0,0.0,0.14338190853595734
428,0.0,0.942801296710968,0.0,0.0,0.0,-3.1448652744293213
429,0.0,0.1754188984632492,0.0,0.0,0.0,0.33376914262771606
430,0.0,1.0386399030685425,0.0,0.0,0.0,1.8667279481887817
431,0.0,1.0694444179534912,0.0,0.0,0.0,-3.031778573989868
432,0.0,0.9794313907623291,0.0,0.0,0.0,-2.8177099227905273
433,0.0,0.2567078173160553,0.0,0.0,0.0,3.1026246547698975
434,1.127173900604248,0.0,0.0,0.0,0.0,-0.21176034212112427
435,0.0,1.6404696702957153,0.0,0.0,0.0,-1.6615180969238281
436,0.0,1.2998839616775513,0.0,0.0,0.0,0.4600815176963806
437,0.0,1.0442014932632446,0.0,0.0,0.0,-2.703765392303467
438,1.455997347831726,0.0,1.2767794132232666,0.0,0.0,-1.0105050802230835
439,0.0,1.0454797744750977,0.0,0.0,0.0,-3.4314799308776855
440,0.0,1.3450511693954468,0.0,0.0,0.0,0.3592814803123474
441,0.0,0.0,1.717542052268982,0.0,0.0,-2.599151372909546
442,0.0,0.41207435727119446,0.0,0.0,0.0,1.6009807586669922
443,0.7786542177200317,0.2801734507083893,0.963630199432373,0.0,0.0,-1.0981309413909912
444,0.3759323060512543,0.18501225113868713,0.3392927646636963,0.0,0.0,2.5233187675476074
445,0.0,0.32134518027305603,0.0,0.0,0.0,-0.8120960593223572
446,0.0,0.9428337812423706,0.0,0.0,0.0,0.35674214363098145
447,0.0,0.26695141196250916,0.0,0.0,0.0,1.173531413078308
448,0.36955443024635315,0.2049332559108734,0.0,0.0,0.0,3.2828502655029297
449,0.0,0.6754510402679443,0.0,0.0,0.0,-1.1006523370742798
450,0.6034212112426758,0.18871910870075226,0.0,0.0,0.0,-0.5645190477371216
451,0.0,0.9963184595108032,0.0,0.0,0.0,-3.1170551776885986
452,0.0,0.9464380145072937,0.0,0.0,0.0,-2.8326609134674072
453,0.0,1.0331251621246338,0.0,0.0,0.0,-2.745631456375122
454,0.0,0.0,1.7665657997131348,0.0,0.0,-2.7494285106658936
455,1.111354947090149,0.0,0.0,1.066517949104309,0.0,0.003145068883895874
456,0.0,0.0,1.048174500465393,0.0,0.0,0.3138209581375122
457,1.3847904205322266,0.0,0.0,0.0,0.0,-0.9091241955757141
458,0.0,0.9365568161010742,0.0,0.0,0.0,-3.057664632797241
459,0.0,0.47470131516456604,0.0,0.0,0.0,1.4421511888504028
460,0.0,0.9809345006942749,0.0,0.0,0.0,-0.9316146373748779
461,0.0,1.1462525129318237,0.0,0.0,0.0,-2.825275182723999
462,1.8300715684890747,0.0,0.0,0.0,0.0,-3.4602131843566895
463,0.0,1.734723448753357,0.0,0.0,0.0,-1.463059902191162
464,0.0,1.5821573734283447,0.0,0.0,0.0,-0.23626217246055603
465,0.0,0.0,0.0,0.6180855631828308,0.0,3.0242197513580322
466,1.7284244298934937,0.0,0.0,0.0,0.0,-2.9948983192443848
467,0.0,1.2298636436462402,0.0,0.0,0.0,-1.7206465005874634
468,0.0,0.8067914843559265,0.0,0.0,0.0,-0.7463347315788269
469,0.0,0.0,0.0,0.7930799722671509,0.0,1.2365806102752686
470,0.0,0.5768114924430847,0.0,0.0,0.0,-1.969396948814392
471,0.0,1.035112977027893,0.0,0.0,0.0,-2.2977375984191895
472,0.7874523401260376,0.3122112452983856,0.0,0.0,0.0,-0.4445725083351135
473,0.0,0.31189054250717163,0.0,0.0,0.0,1.6540417671203613
474,1.192466139793396,0.0,0.0,0.0,0.0,0.6927636861801147
475,0.0,0.9914698004722595,0.0,0.0,0.0,-2.8905375003814697
476,0.0,1.098245620727539,0.0,0.0,0.0,-2.5649120807647705
477,0.0,1.0262632369995117,0.0,0.0,0.0,-2.9120864868164062
478,0.0,1.5024884939193726,0.0,0.0,0.0,-1.7708053588867188
479,0.0,0.0,0.0,1.6012417078018188,0.0,-2.9613521099090576
480,1.7518867254257202,0.0,0.0,0.0,0.0,-2.835292339324951
481,1.4560521841049194,0.0,0.0,0.0,0.0,0.2886981964111328
482,0.0,1.5012047290802002,0.0,0.0,0.0,-1.3258769512176514
483,0.0,0.55580735206604,0.0,0.0,0.0,1.132187843322754
484,0.0,0.0,0.0,1.5942740440368652,0.0,-2.889970064163208
485,0.0,0.948150634765625,0.0,0.0,0.0,-3.1369102001190186
486,0.0,1.3252207040786743,0.0,0.0,0.0,-1.1886045932769775
487,0.0,0.6690390110015869,0.0,0.0,0.0,-0.7782906889915466
488,0.0,0.6111922264099121,0.7559242844581604,0.0,0.0,0.914187490940094
489,0.0,0.9038573503494263,0.0,0.0,0.0,-2.977616310119629
490,0.0,0.9274366497993469,0.0,0.0,0.0,-0.40879321098327637
491,0.0,1.2303745746612549,0.0,0.0,0.0,-1.915210247039795
492,0.0,0.0,1.711888313293457,0.0,0.0,-2.5976812839508057
493,0.0,1.9492061138153076,0.0,0.0,0.0,-0.349544882774353
494,0.0,0.954590916633606,0.0,0.0,0.0,-3.0554885864257812
495,0.0,1.7072681188583374,0.0,0.0,0.0,-1.1753054857254028
496,1.3621485233306885,0.0,0.0,0.0,0.0,-0.6882819533348083
497,0.0,0.2928079068660736,0.0,0.0,0.0,-0.8157699704170227
498,0.0,0.924979567527771,0.0,0.0,0.0,-1.5209696292877197
499,0.0,0.5361663699150085,0.0,0.0,0.0,-0.038717105984687805
500,0.0,1.2947343587875366,0.0,0.0,0.0,0.8475134968757629
501,0.4089551270008087,0.18488316237926483,0.0,0.0,0.0,2.011986494064331
502,0.0,1.0818994045257568,0.0,0.0,0.0,-3.361466646194458
503,0.0,0.21750591695308685,0.29827606678009033,0.0,0.0,3.383681058883667
504,0.5268601775169373,0.18739347159862518,0.0,0.7440277338027954,0.0,0.43420618772506714
505,0.0,1.1379114389419556,0.0,0.0,0.0,0.5181308388710022
506,0.0,0.9883224964141846,0.0,0.0,0.0,-3.1695926189422607
507,0.0,0.29696378111839294,0.0,0.0,0.0,1.4450976848602295
508,0.0,0.0,0.0,0.5948490500450134,0.0,3.170548915863037
509,0.0,0.9372802972793579,0.0,0.0,0.0,-3.198909044265747
510,0.0,0.5108014345169067,0.0,0.0,0.0,-1.0446252822875977
511,0.0,0.5830117464065552,0.0,0.0,0.0,-0.9683043360710144
512,0.0,0.9190003871917725,0.0,0.0,0.0,-3.333554744720459
513,0.0,1.6541334390640259,0.0,0.0,0.0,-0.9214197993278503
514,1.8925448656082153,0.0,0.0,0.0,0.0,-0.9952214360237122
515,0.0,0.0,1.7612025737762451,0.0,0.0,-2.754781484603882
516,0.0,0.75577312707901,1.7870956659317017,1.5631309747695923,0.0,-3.229641914367676
517,0.0,0.9805084466934204,0.0,0.0,0.0,-2.5022194385528564
518,0.0,1.669523000717163,0.0,0.0,0.0,-0.2866109013557434
519,0.0,1.008700966835022,0.0,0.0,0.0,-2.926133155822754
520,1.0027881860733032,0.8893144130706787,0.0,0.0,0.0,1.6315598487854004
521,0.0,1.5455048084259033,0.0,0.0,0.0,-0.8426926136016846
522,0.0,0.2365810126066208,0.0,0.0,0.0,2.196380376815796
523,0.0,0.5706967711448669,0.0,0.0,0.0,-1.702096700668335
524,0.0,1.1143817901611328,0.0,0.0,0.0,-2.8700473308563232
525,0.0,0.3357240855693817,0.0,0.0,0.0,-0.4646962285041809
526,1.6788774728775024,0.0,0.0,0.0,0.0,0.24114365875720978
527,0.0,0.3973754644393921,0.0,0.0,0.0,1.9861090183258057
528,0.0,2.2907347679138184,0.0,0.0,0.0,-0.5312159657478333
529,0.0,0.0,1.1168702840805054,0.0,0.0,-0.7457826733589172
530,0.0,1.4524637460708618,0.0,1.3965622186660767,0.0,-0.9953413605690002
531,0.0,0.9318479299545288,0.0,0.0,0.0,-3.2114481925964355
532,0.0,0.0,1.7504117488861084,0.0,0.0,-2.703748941421509
533,0.0,0.0,0.7119391560554504,0.0,0.0,1.002034306526184
534,0.0,1.3124979734420776,0.0,0.0,0.0,0.11169688403606415
535,0.0,0.0,0.0,1.5377743244171143,0.0,-2.552135705947876
536,0.3602663278579712,0.17763742804527283,0.0,0.0,0.0,2.656660318374634
537,0.0,0.9457696676254272,0.0,0.0,0.0,-1.0839781761169434
538,0.9614194631576538,0.5713464021682739,0.8607147932052612,0.0,0.0,0.25984084606170654
539,1.8679815530776978,0.0,0.0,0.0,0.0,-3.583651304244995
540,0.0,0.7262666821479797,0.0,0.0,0.0,-0.9707045555114746
541,0.0,0.0,0.0,1.630523920059204,0.0,-3.0356526374816895
542,0.0,0.0,1.1560415029525757,0.0,0.0,-0.1776050478219986
543,0.9087477922439575,0.0,0.0,0.0,0.0,-1.7427902221679688
544,0.0,0.7559434771537781,0.0,0.0,0.0,-0.9068448543548584
545,0.0,1.0757653713226318,0.0,0.0,0.0,-3.376128673553467
546,1.2177884578704834,0.0,0.0,0.0,0.0,1.356689214706421
547,0.0,0.7795411348342896,0.0,0.0,0.0,-1.9505445957183838
548,0.0,0.979606032371521,0.0,0.0,0.0,-2.9666173458099365
549,0.0,2.2656524181365967,0.0,0.0,0.0,0.018860504031181335
550,0.0,0.0,1.7491092681884766,0.0,0.0,-2.741579294204712
551,0.0,0.14279000461101532,0.0,0.6226911544799805,0.0,1.2989847660064697
552,0.0,0.32818764448165894,0.0,0.0,0.0,-1.0790526866912842
553,0.0,0.9888191223144531,0.0,0.0,0.0,2.0247929096221924
554,0.0,0.0,1.7301937341690063,0.0,0.0,-2.603447198867798
555,0.0,0.8671032190322876,0.0,0.0,0.0,-0.8317312598228455
556,0.0,1.3118131160736084,0.0,0.0,0.0,-1.444100260734558
557,0.0,0.0,0.0,1.41850745677948,0.0,-1.8324140310287476
558,0.0,0.2643088400363922,0.0,0.0,0.0,2.9278900623321533
559,0.0,0.0,0.7985903024673462,0.0,0.0,0.45930272340774536
560,0.0,2.271418333053589,0.0,0.0,0.0,-0.5824835300445557
561,0.0,1.0269116163253784,0.0,0.0,0.0,0.6334162354469299
562,1.063692569732666,0.6170868277549744,0.0,0.0,0.0,-0.27573561668395996
563,0.0,0.49493178725242615,0.0,0.0,0.0,-0.6023253202438354
564,0.0,0.0,0.4915456771850586,0.0,0.0,2.2836074829101562
565,0.8311102390289307,0.4986409842967987,0.0,0.0,0.0,0.5730597972869873
566,0.529507040977478,0.20990781486034393,0.0,0.0,0.0,0.7591171860694885
567,0.0,0.9617800712585449,0.0,0.0,0.0,-3.028543710708618
568,0.0,0.1997576355934143,0.0,0.0,0.0,2.1796512603759766
569,0.0,1.0819847583770752,0.0,0.0,0.0,-0.20602476596832275
570,0.0,0.9833488464355469,0.0,0.0,0.0,-3.1852080821990967
571,0.0,0.0,1.1359553337097168,0.0,0.0,-0.24712225794792175
572,0.0,0.0,1.7150593996047974,0.0,0.0,-2.58709716796875
573,0.0,0.899248480796814,0.0,0.0,0.0,-2.771406650543213
574,1.6048901081085205,0.0,0.0,0.0,0.0,0.38926833868026733
575,0.0,1.7016222476959229,0.0,0.0,0.0,-0.7105917930603027
576,0.0,0.0,1.6466890573501587,0.0,0.0,-2.350412607192993
577,0.0,0.26409828662872314,0.0,0.0,0.0,3.1850173473358154
578,0.0,0.0,1.63820481300354,0.0,0.0,-2.3157105445861816
579,0.0,0.8081677556037903,0.0,0.0,0.0,-2.8151957988739014
580,0.0,0.0,1.7921535968780518,0.0,0.0,-2.855349540710449
581,0.0,1.465266227722168,0.0,0.0,0.0,-2.0508484840393066
582,0.8088406324386597,0.2958819270133972,0.0,0.0,0.0,-0.923774242401123
583,0.0,1.277072787284851,0.0,0.0,0.0,-1.9499459266662598
584,0.0,0.9508193731307983,0.0,0.0,0.0,-2.7268667221069336
585,0.3319445848464966,0.17460942268371582,0.0,0.500603973865509,0.0,3.6394290924072266
586,0.0,0.0,0.0,0.9411805868148804,0.0,0.9783799052238464
587,0.5448949337005615,0.0,0.0,0.0,0.0,1.6433850526809692
588,0.0,1.5929455757141113,0.0,0.0,0.0,-0.5134707689285278
589,1.7271919250488281,0.0,0.0,0.0,0.0,-2.7784130573272705
590,1.5877741575241089,1.0189427137374878,1.4351494312286377,0.0,0.0,-1.5562726259231567
591,0.0,0.8041281700134277,0.0,0.0,0.0,-1.247786521911621
592,0.8759750723838806,0.0,0.0,0.0,0.0,0.7319537997245789
593,0.0,0.25615194439888,0.0,0.0,0.0,2.9679505825042725
594,0.6898472905158997,0.38198763132095337,0.0,0.0,0.0,1.3114254474639893
595,0.0,2.0641932487487793,0.0,0.0,0.0,-0.42208248376846313
596,0.0,1.400617241859436,0.0,0.0,0.0,-1.4123156070709229
597,0.0,0.9039083123207092,0.0,0.0,0.0,0.03180679678916931
598,0.0,0.0,1.3256685733795166,0.0,0.0,-1.0939027070999146
599,0.0,0.5850605964660645,0.0,0.0,0.0,-0.3605896234512329
600,0.6674211025238037,0.0,0.0,0.0,0.0,0.8554310202598572
601,0.0,1.7367416620254517,0.0,0.0,0.0,-1.9886819124221802
602,0.0,0.2866111397743225,0.0,0.0,0.0,-0.793559730052948
603,0.0,0.14280946552753448,0.0,0.6858956813812256,0.0,0.7307393550872803
604,1.9377278089523315,1.5490282773971558,0.0,0.0,0.0,-1.6528440713882446
605,1.3162299394607544,0.0,0.0,0.0,0.0,0.13289296627044678
606,0.0,0.9155227541923523,0.0,0.0,0.0,-3.2720744609832764
607,0.0,0.9693008065223694,0.0,0.0,0.0,-3.337388277053833
608,0.0,0.347603440284729,0.0,0.0,0.0,-0.9762161374092102
609,0.0,1.6312479972839355,0.0,0.0,0.0,-0.5215599536895752
610,0.0,0.0,0.0,1.607697606086731,0.0,-2.95200252532959
611,0.0,0.0,1.7526590824127197,0.0,0.0,-2.7405169010162354
612,0.0,0.4909568428993225,0.0,0.0,0.0,-0.8077306151390076
613,0.44738176465034485,0.0,0.0,0.0,0.0,3.3715267181396484
614,0.0,0.1423928141593933,0.0,0.6764315366744995,0.0,0.8706852793693542
615,0.5077441930770874,0.3377019762992859,0.0,0.635792076587677,0.0,2.129082441329956
616,1.157196044921875,0.0,0.0,0.0,0.0,-0.12302832305431366
617,1.8190962076187134,0.0,0.0,0.0,0.0,-0.006932765245437622
618,0.0,0.34170758724212646,0.0,0.0,0.0,-0.1924142837524414
619,0.0,0.6391783356666565,0.0,0.0,0.0,-1.5457302331924438
620,0.0,1.0256372690200806,0.0,0.0,0.0,-2.828152894973755
621,0.0,0.26042988896369934,0.0,0.5693386197090149,0.0,3.1183524131774902
622,0.0,0.9120636582374573,0.0,0.0,0.0,-2.784965753555298
623,1.864094614982605,0.0,0.0,0.0,0.0,-3.3906333446502686
624,0.0,0.7447039484977722,0.0,0.0,0.0,0.36821842193603516
625,0.3929581642150879,0.19192025065422058,0.0,0.0,0.0,2.65100359916687
626,0.6951875686645508,0.0,0.0,0.0,0.0,-1.054646372795105
627,0.0,0.1645531952381134,0.0,0.0,0.0,1.9410388469696045
628,1.725380539894104,1.3046698570251465,0.0,0.0,0.0,-1.3637943267822266
629,0.0,0.0,0.8261326551437378,0.0,0.0,-0.2549854516983032
630,1.3920352458953857,0.0,0.0,0.0,0.0,0.4012007713317871
631,0.0,0.2556091845035553,0.0,0.0,0.0,-1.705089807510376
632,0.0,1.3852248191833496,0.0,0.0,0.0,-1.7770779132843018
633,0.0,0.6650853753089905,0.7785899639129639,0.0,0.0,0.8897354602813721
634,1.0511149168014526,0.0,0.0,0.0,0.0,-0.6869890093803406
635,0.0,1.6633223295211792,0.0,0.0,0.0,1.3406301736831665
636,0.0,0.5441116094589233,0.0,0.0,0.0,1.3837525844573975
637,1.8978179693222046,0.0,0.0,0.0,0.0,-1.5002965927124023
638,0.8502665758132935,0.37530285120010376,0.8860909342765808,0.0,0.0,-0.44467318058013916
639,0.0,1.3538438081741333,0.0,0.0,0.0,-0.9346554279327393
640,0.0,0.0,0.0,1.5568089485168457,0.0,-2.642961263656616
641,1.563615322113037,0.7061272263526917,0.0,0.0,0.0,-3.1190004348754883
642,0.9753904938697815,0.0,0.0,0.0,0.0,-0.8661511540412903
643,0.0,0.4022185504436493,0.0,0.0,0.0,-1.03754460811615
644,0.0,0.9621248841285706,0.0,0.0,0.0,-0.06364423781633377
645,0.0,1.1957676410675049,0.0,0.0,0.0,-1.2544784545898438
646,0.0,1.5561522245407104,0.0,0.0,0.0,-1.9582393169403076
647,0.0,0.7723982334136963,0.0,0.0,0.0,-1.6390149593353271
648,1.5707769393920898,0.718084454536438,0.0,0.0,0.0,-3.1491596698760986
649,0.0,1.0254625082015991,0.0,0.0,0.0,-3.2081732749938965
650,0.0,1.4577593803405762,0.0,0.0,0.0,1.2154581546783447
651,0.0,0.29424405097961426,0.0,0.0,0.0,-1.1095526218414307
652,1.6374517679214478,0.0,0.0,0.0,0.0,-1.065373420715332
653,0.0,1.367051601409912,0.0,0.0,0.0,-1.7069569826126099
654,0.0,0.6002896428108215,0.0,0.0,0.0,-1.9067234992980957
655,1.3131643533706665,0.0,0.0,0.0,0.0,-1.7995871305465698
656,1.0134154558181763,0.0,0.0,0.0,0.0,1.4234848022460938
657,0.0,0.6670019030570984,0.0,0.0,0.0,0.17972637712955475
658,0.0,0.19018198549747467,0.0,0.0,0.0,-0.33165043592453003
659,1.7530931234359741,1.6761977672576904,0.0,0.0,0.0,-0.0959310382604599
660,0.8122707009315491,0.0,0.0,0.0,0.0,0.2807830572128296
661,0.0,0.0,0.0,1.2820802927017212,0.0,-0.9745016694068909
662,0.0,1.0433447360992432,0.0,0.0,0.0,-2.7941291332244873
663,0.32966092228889465,0.15860658884048462,0.0,0.506413996219635,0.0,3.004162073135376
664,0.0,0.41416117548942566,0.0,0.0,0.0,0.899644672870636
665,0.0,0.8597983717918396,0.0,0.0,0.0,0.9207437634468079
666,0.9192941188812256,0.0,0.0,0.0,0.0,1.2640235424041748
667,0.855650007724762,0.4063960909843445,0.0,0.9538347721099854,0.0,-0.14107851684093475
668,1.8429421186447144,0.0,0.0,1.3533951044082642,0.0,-0.4954003095626831
669,0.8466531038284302,0.0,0.0,0.0,0.0,-0.06918825209140778
670,0.0,0.0,0.0,1.0983901023864746,0.0,0.07634511590003967
671,0.0,0.5666745901107788,0.0,0.0,0.0,0.8131060004234314
672,0.0,0.691827654838562,0.0,0.0,0.0,2.4422900676727295
673,0.458219438791275,0.0,0.0,0.0,0.0,3.1726620197296143
674,1.6980316638946533,0.0,0.0,0.0,0.0,-2.0587270259857178
675,0.0,0.32012391090393066,0.0,0.0,0.0,-0.5458048582077026
676,0.0,0.5889186859130859,0.0,0.0,0.0,0.39256221055984497
677,0.0,0.5283049941062927,0.0,0.0,0.0,0.44846469163894653
678,0.466871440410614,0.0,0.0,0.0,0.0,2.00232195854187
679,0.0,1.4706451892852783,0.0,0.0,0.0,0.5741637945175171
680,0.0,0.306024968624115,0.0,0.0,0.0,2.0574791431427
681,0.0,0.25978559255599976,0.0,0.0,0.0,2.926744222640991
682,0.0,0.5589832663536072,0.0,0.0,0.0,-1.6893155574798584
683,0.0,0.7406445145606995,0.0,0.0,0.0,-0.08450713008642197
684,0.0,1.0379462242126465,0.0,0.0,0.0,-2.938133716583252
685,0.0,0.7903519868850708,0.0,1.514217495918274,0.0,-2.874715566635132
686,0.0,1.2390038967132568,0.0,0.0,0.0,-2.3374593257904053
687,1.152406930923462,0.0,0.0,0.0,0.0,0.8954889178276062
688,0.0,0.3450506627559662,0.0,0.0,0.0,1.4460325241088867
689,0.0,0.8546223640441895,0.0,0.0,0.0,-3.1220028400421143
690,0.0,1.1389826536178589,0.0,0.0,0.0,-2.6787922382354736
691,1.6519808769226074,0.0,0.0,0.0,0.0,-0.7501160502433777
692,1.9303284883499146,0.0,0.0,0.0,0.0,-1.0652554035186768
693,0.0,0.4328412413597107,0.0,0.0,0.0,-1.5242388248443604
694,0.0,0.46062836050987244,0.0,0.0,0.0,-0.6030764579772949
695,1.7443984746932983,0.0,0.0,0.0,0.0,-2.7416462898254395
696,1.23490309715271,0.0,0.0,0.0,0.0,-0.5081741213798523
697,0.0,0.6802884936332703,0.0,0.0,0.0,0.4137927293777466
698,0.0,0.3462192118167877,0.0,0.0,0.0,-0.6384677290916443
699,0.0,0.9972794055938721,0.0,0.0,0.0,-2.9771440029144287
700,0.0,0.0,1.4112099409103394,0.0,0.0,-1.3957817554473877
701,1.7080609798431396,0.0,0.0,0.0,0.0,-3.0199880599975586
702,0.0,0.924428403377533,0.0,0.0,0.0,-3.1805872917175293
703,0.0,0.0,0.851899266242981,0.0,0.0,0.8839902281761169
704,0.0,0.0,1.2468223571777344,0.0,0.0,-0.7492262721061707
705,0.0,0.5671731233596802,0.0,0.0,0.0,-1.1541802883148193
706,0.0,0.0,0.0,1.5982247591018677,0.0,-2.8984503746032715
707,0.0,0.6695522665977478,0.0,0.0,0.0,-1.5258232355117798
708,0.0,0.1921343058347702,0.0,0.0,0.0,-0.7204000353813171
709,0.0,0.9260579347610474,0.0,0.0,0.0,-2.7730703353881836
710,0.0,0.5156034827232361,0.0,0.0,0.0,-0.053923629224300385
711,0.3822436034679413,0.16884897649288177,0.0,0.0,0.0,2.3137550354003906
712,0.0,0.0,0.5889001488685608,0.0,0.0,1.8030004501342773
713,1.7381120920181274,0.0,0.0,0.0,0.0,-2.848161458969116
714,0.0,0.0,0.0,1.6226481199264526,0.0,-3.0389766693115234
715,0.0,0.0,1.7529144287109375,0.0,0.0,-2.7379510402679443
716,0.0,1.059575080871582,0.0,0.0,0.0,-2.70316481590271
717,0.0,0.5765595436096191,0.0,0.0,0.0,-0.9833970665931702
718,0.6575637459754944,0.40910494327545166,0.0,0.0,0.0,1.5635979175567627
719,1.5669939517974854,0.0,0.0,0.0,0.0,-0.4014279842376709
720,0.0,1.13329017162323,0.0,0.0,0.0,1.833093285560608
721,0.0,0.4501011073589325,0.0,0.0,0.0,0.8075917959213257
722,0.0,1.2519383430480957,0.0,0.0,0.0,-1.9767268896102905
723,0.0,0.9364268183708191,0.0,0.0,0.0,-3.104046106338501
724,0.0,0.0,0.0,0.9555651545524597,0.0,0.8804867267608643
725,0.0,0.0,1.6923162937164307,0.0,0.0,-2.520265817642212
726,1.2594326734542847,0.0,0.0,0.0,0.0,-1.5524829626083374
727,0.0,0.9599746465682983,0.0,0.0,0.0,-3.220355749130249
728,0.0,0.9956753849983215,0.0,0.0,0.0,-2.9950482845306396
729,0.0,1.4119322299957275,0.0,0.0,0.0,-0.4528360962867737
730,0.0,0.49948829412460327,0.0,0.0,0.0,1.4489145278930664
731,1.7167186737060547,0.0,0.0,0.0,0.0,-2.876913547515869
732,0.0,0.14697253704071045,0.0,0.0,0.0,1.8073863983154297
733,0.0,0.952382504940033,0.0,0.0,0.0,0.11728554964065552
734,0.0,1.115823745727539,0.0,0.0,0.0,-0.808074414730072
735,0.0,1.009158968925476,1.0247079133987427,0.0,0.0,0.15805195271968842
736,0.0,0.0,0.0,1.6310323476791382,0.0,-3.1210713386535645
737,0.0,0.20980510115623474,0.0,0.5867470502853394,0.0,2.458357572555542
738,0.0,0.9227911233901978,0.0,0.0,0.0,-0.6852729916572571
739,0.0,0.8542414903640747,0.0,0.0,0.0,-3.1865274906158447
740,0.0,0.8201850652694702,0.0,0.0,0.0,1.0080156326293945
741,0.0,0.8350757956504822,0.0,0.0,0.0,0.5496732592582703
742,0.0,1.0060478448867798,0.0,0.0,0.0,-2.6540229320526123
743,0.6568111777305603,0.0,0.0,0.0,0.0,1.4984567165374756
744,0.0,0.9714595675468445,0.0,0.0,0.0,-2.6151511669158936
745,0.0,0.36517077684402466,0.0,0.0,0.0,2.775146722793579
746,0.0,1.8510090112686157,0.0,0.0,0.0,-1.1552684307098389
747,0.8241840600967407,0.5259608626365662,0.0,0.0,0.0,0.8774752020835876
748,0.0,1.5016274452209473,0.0,0.0,0.0,-2.3114399909973145
749,0.0,0.0,1.0267128944396973,0.0,0.0,-0.33247479796409607
750,1.7171554565429688,0.0,0.0,0.0,0.0,-2.7247209548950195
751,0.0,0.18345090746879578,0.351386159658432,0.0,0.0,2.5844125747680664
752,0.7090270519256592,0.2551555931568146,0.0,0.0,0.0,-0.7039268612861633
753,0.0,1.1515192985534668,0.0,0.0,0.0,-1.5087143182754517
754,1.819198489189148,0.0,0.0,0.0,0.0,-3.032430410385132
755,0.0,0.9944800734519958,0.0,0.0,0.0,-0.4054715633392334
756,1.2284095287322998,0.0,0.0,0.0,0.0,-0.4823759198188782
757,0.6054157614707947,0.4641052186489105,0.0,0.0,0.0,2.6919357776641846
758,0.0,0.5210072994232178,0.0,0.0,0.0,0.0031048953533172607
759,0.994492769241333,0.8267149329185486,0.7521985173225403,0.0,0.0,1.3809974193572998
760,0.0,1.6617897748947144,0.0,0.0,0.0,-0.08572524040937424
761,0.0,1.3741849660873413,0.0,0.0,0.0,-1.824284553527832
762,0.7750476598739624,0.33804184198379517,0.0,0.9209965467453003,0.0,-0.36600518226623535
763,0.8101187348365784,0.0,0.0,0.0,0.0,-0.9291973114013672
764,0.0,0.2084420621395111,0.0,0.0,0.0,2.0981972217559814
765,0.0,0.3248755931854248,0.0,0.0,0.0,-0.3970833420753479
766,0.0,0.26174601912498474,0.0,0.0,0.0,1.6518012285232544
767,0.45437121391296387,0.299407035112381,0.3491268455982208,0.0,0.0,3.2229955196380615
768,0.0,0.8252281546592712,0.0,0.0,0.0,1.5734614133834839
769,1.8086544275283813,0.0,0.0,0.0,0.0,-3.1005361080169678
770,0.0,1.2568563222885132,0.0,0.0,0.0,0.5457727313041687
771,0.777376651763916,0.34831273555755615,0.0,0.0,0.0,-0.19317170977592468
772,0.0,0.9587349891662598,0.0,0.0,0.0,-2.5797464847564697
773,0.0,0.1635974794626236,0.0,0.0,0.0,-0.44099169969558716
774,0.0,1.0200250148773193,0.0,0.0,0.0,-2.8443350791931152
775,0.0,1.705877423286438,0.0,0.0,0.0,-1.351222276687622
776,0.0,1.4360657930374146,0.0,0.0,0.0,-1.8868951797485352
777,1.6809234619140625,0.0,0.0,0.0,0.0,-1.5921728610992432
778,0.0,1.0599713325500488,0.0,0.0,0.0,-2.8507955074310303
779,0.8958000540733337,0.6093093156814575,0.0,0.0,0.0,1.0101591348648071
780,0.0,0.7951087355613708,0.0,0.0,0.0,0.2669639587402344
781,1.745627760887146,0.0,0.0,0.0,0.0,-1.616826057434082
782,1.658176064491272,0.0,0.0,1.3783992528915405,0.0,-1.4284839630126953
783,0.0,1.0921822786331177,0.0,0.0,0.0,2.1810302734375
784,0.0,1.059606671333313,0.0,0.0,0.0,-3.0578320026397705
785,0.0,0.9140810370445251,0.0,0.0,0.0,1.1866908073425293
786,0.0,1.1337006092071533,0.0,0.0,0.0,-2.710223436355591
787,0.0,0.41173839569091797,0.0,0.0,0.0,-0.3279246985912323
788,0.0,0.27130764722824097,0.3288600444793701,0.5502180457115173,0.0,3.17634654045105
789,1.1410048007965088,0.0,0.0,0.0,0.0,0.5976182818412781
790,0.0,0.34337711334228516,0.0,0.0,0.0,0.2442650943994522
791,0.0,0.38111889362335205,0.0,0.0,0.0,-0.8624486327171326
792,0.0,0.9140867590904236,0.0,0.0,0.0,-3.0199732780456543
793,0.0,0.15736103057861328,0.0,0.0,0.0,0.5185942053794861
794,0.0,0.9165074229240417,0.0,0.0,0.0,-2.817133903503418
795,0.0,1.4938137531280518,0.0,0.0,0.0,-1.2823748588562012
796,0.0,0.4437274932861328,0.0,0.0,0.0,-0.9042269587516785
797,0.4601868689060211,0.16944199800491333,0.0,0.0,0.0,1.0660300254821777
798,0.0,1.3206819295883179,0.0,0.0,0.0,-2.117283582687378
799,1.9632954597473145,0.0,0.0,0.0,0.0,-0.5548538565635681
800,0.0,1.8843802213668823,0.0,0.0,0.0,-1.312969446182251
801,0.0,1.0271154642105103,0.0,0.0,0.0,-3.055128812789917
802,0.0,1.6616883277893066,0.0,0.0,0.0,1.0152587890625
803,0.0,0.40453049540519714,0.0,0.0,0.0,-1.8713445663452148
804,1.4010192155838013,0.0,0.0,0.0,0.0,0.24998034536838531
805,1.9060159921646118,0.0,0.0,0.0,0.0,-1.6925532817840576
806,0.0,0.0,0.0,1.1176084280014038,0.0,-0.27854830026626587
807,1.5603046417236328,0.7506042718887329,1.6695197820663452,0.0,0.0,-2.8123974800109863
808,0.3870876729488373,0.2181033492088318,0.0,0.0,0.0,3.0328476428985596
809,0.0,1.1702462434768677,0.0,0.0,0.0,1.019623041152954
810,0.0,0.0,1.771435260772705,0.0,0.0,-2.8040578365325928
811,0.0,0.0,1.1193262338638306,0.0,0.0,-0.5974447131156921
812,0.0,0.6447629928588867,0.0,0.0,0.0,-1.5158207416534424
813,1.5956274271011353,0.720098614692688,0.0,0.0,0.0,-3.255112886428833
814,0.0,1.0747416019439697,0.0,0.0,0.0,-0.7922602295875549
815,0.5165732502937317,0.19825974106788635,0.0,0.0,0.0,0.7242791056632996
816,0.0,1.516942024230957,0.0,0.0,0.0,-0.26676225662231445
817,0.0,0.30132365226745605,0.0,0.0,0.0,2.7501847743988037
818,0.0,1.3487448692321777,0.0,0.0,0.0,-1.496804118156433
819,0.0,0.97311931848526,0.0,0.0,0.0,-3.1700634956359863
820,1.318781852722168,0.0,0.0,0.0,0.0,-1.764908790588379
821,0.0,0.49967122077941895,1.009522795677185,0.0,0.0,-0.7118883728981018
822,0.44987934827804565,0.2465866357088089,0.0,0.0,0.0,2.427713632583618
823,1.990664005279541,0.0,0.0,0.0,0.0,-0.4235307574272156
824,1.743492841720581,0.0,0.0,0.0,0.0,-1.9422825574874878
825,0.0,1.6427980661392212,0.0,0.0,0.0,-1.4873381853103638
826,1.2657562494277954,0.0,0.0,0.0,0.0,-1.3687736988067627
827,0.0,0.0,0.0,0.6714954972267151,0.0,2.1607110500335693
828,1.630401611328125,0.0,0.0,0.0,0.0,-1.7748091220855713
829,0.0,1.2714970111846924,0.0,0.0,0.0,-1.5406122207641602
830,1.7509762048721313,0.0,0.0,0.0,0.0,-2.7299835681915283
831,1.3289042711257935,0.0,0.0,0.0,0.0,-1.2575290203094482
832,0.0,1.3888362646102905,0.0,0.0,0.0,-1.6793620586395264
833,0.35354116559028625,0.19164377450942993,0.0,0.0,0.0,3.2558305263519287
834,1.5075485706329346,0.0,0.0,0.0,0.0,-0.0786060318350792
835,0.0,1.5931330919265747,0.0,0.0,0.0,-1.6998255252838135
836,0.0,0.9065984487533569,0.0,0.0,0.0,-3.1143925189971924
837,0.0,1.0406545400619507,0.0,0.0,0.0,0.17686720192432404
838,0.0,0.8874369859695435,0.0,0.0,0.0,-1.1319599151611328
839,0.0,0.8904688358306885,0.0,0.0,0.0,0.23676176369190216
840,0.0,0.9281130433082581,0.0,0.0,0.0,1.0083611011505127
841,1.0116759538650513,0.0,0.0,0.0,0.0,0.18895377218723297
842,0.0,0.9982650876045227,0.0,0.0,0.0,-2.762519598007202
843,0.0,0.8468826413154602,0.0,0.0,0.0,-1.6992979049682617
844,0.0,1.4338459968566895,0.0,0.0,0.0,-1.1972417831420898
845,0.0,1.4697755575180054,0.0,0.0,0.0,0.16083748638629913
846,0.0,0.3801287114620209,0.0,0.0,0.0,1.3319714069366455
847,0.0,0.44567498564720154,0.7163790464401245,0.0,0.0,0.7813466191291809
848,0.0,1.0518074035644531,0.0,0.0,0.0,-0.8777604103088379
849,0.0,0.46395453810691833,0.0,0.0,0.0,-0.6869303584098816
850,0.0,0.7768722772598267,0.0,0.0,0.0,-1.456276297569275
851,0.0,0.0,1.4106255769729614,0.0,0.0,-1.3861510753631592
852,0.0,0.8290068507194519,0.0,0.0,0.0,-0.5749839544296265
853,0.0,1.0022717714309692,0.0,0.0,0.0,-3.079463005065918
854,0.0,0.44277137517929077,0.0,0.0,0.0,0.47225815057754517
855,0.0,0.9598190784454346,0.0,0.0,0.0,-3.3420627117156982
856,0.0,0.22582347691059113,0.0,0.0,0.0,0.37928253412246704
857,0.0,0.7613997459411621,0.0,0.0,0.0,0.9752869009971619
858,0.0,0.6041157841682434,0.0,0.0,0.0,-0.7488260865211487
859,0.0,0.9996389150619507,0.0,0.0,0.0,-3.0104787349700928
860,0.0,1.1316022872924805,0.0,0.0,0.0,-0.7390982508659363
861,0.0,0.7258340120315552,0.0,0.0,0.0,0.4807294011116028
862,0.0,0.45262712240219116,0.0,0.677700400352478,0.0,2.5420022010803223
863,0.0,0.5290138721466064,0.0,0.0,0.0,-0.6345362067222595
864,0.0,1.4185349941253662,0.0,0.0,0.0,1.2735545635223389
865,0.0,0.8649594187736511,0.0,0.0,0.0,1.0741863250732422
866,0.0,0.9252433776855469,0.0,0.0,0.0,-3.1330511569976807
867,0.0,0.7947753667831421,0.0,0.0,0.0,1.1006059646606445
868,0.0,0.0,0.4181748330593109,0.0,0.0,2.358442783355713
869,0.0,1.7481567859649658,0.0,0.0,0.0,-1.1982173919677734
870,0.0,1.1393542289733887,0.0,0.0,0.0,-0.5867899656295776
871,0.0,0.26491084694862366,0.0,0.0,0.0,0.24770094454288483
872,0.0,0.7033151984214783,0.0,0.0,0.0,-1.210254192352295
873,1.7064381837844849,0.0,0.0,0.0,0.0,-0.8051180243492126
874,0.0,1.308874487876892,0.0,0.0,0.0,0.3012900948524475
875,0.0,0.9654214382171631,0.0,0.0,0.0,-2.9304358959198
876,0.0,0.8440567255020142,0.0,0.0,0.0,-0.530156135559082
877,0.0,1.1962485313415527,0.0,0.0,0.0,0.1500401347875595
878,0.0,0.9445743560791016,0.0,0.0,0.0,-3.464434862136841
879,1.1501976251602173,0.0,0.0,0.0,0.0,-0.0024385005235671997
880,0.0,0.94575434923172,0.0,0.0,0.0,-1.36423659324646
881,0.0,1.0000762939453125,0.0,0.0,0.0,-2.8129360675811768
882,0.0,0.978260338306427,0.0,0.0,0.0,-2.6132752895355225
883,0.0,1.2044787406921387,0.0,0.0,0.0,-2.127929210662842
884,0.0,0.644213080406189,0.0,0.0,0.0,-1.8743746280670166
885,0.0,0.26050201058387756,0.0,0.0,0.0,-0.15600678324699402
886,0.9791112542152405,0.0,0.0,0.0,0.0,1.3117669820785522
887,0.9984155893325806,0.0,0.0,0.0,0.0,0.6132537126541138
888,0.0,2.0949301719665527,0.0,0.0,0.0,-0.6625310778617859
889,1.2521867752075195,0.0,0.0,0.0,0.0,-1.5889747142791748
890,0.0,1.051020860671997,0.0,0.0,0.0,-3.173954725265503
891,1.748132586479187,0.0,0.0,0.0,0.0,-1.050343632698059
892,0.0,0.6586540937423706,0.0,0.0,0.0,-1.6589314937591553
893,0.0,1.7858327627182007,0.0,0.0,0.0,-1.475877046585083
894,0.0,2.18340802192688,0.0,0.0,0.0,0.1380712240934372
895,0.0,0.0,0.0,1.2806099653244019,0.0,-0.8353109955787659
896,0.0,0.0,0.9048267006874084,0.0,0.0,0.3965578079223633
897,0.0,1.5194904804229736,0.0,0.0,0.0,-1.4611619710922241
898,0.0,0.20717710256576538,0.0,0.0,0.0,0.08163174986839294
899,1.8484750986099243,1.5312867164611816,0.0,1.444889783859253,0.0,-1.1818225383758545
900,0.5876656770706177,0.0,0.5150081515312195,0.7009227275848389,0.0,1.758499264717102
901,0.0,1.0316380262374878,0.0,0.0,0.0,-2.6304919719696045
902,1.9659457206726074,0.0,0.0,0.0,0.0,-3.919590711593628
903,0.0,0.9422451257705688,0.0,0.0,0.0,-3.323500633239746
904,0.0,1.6564254760742188,0.0,0.0,0.0,-0.6397287249565125
905,0.0,0.0,0.0,0.7051180005073547,0.0,2.0538485050201416
906,1.8000138998031616,0.0,0.0,0.0,0.0,-3.4205424785614014
907,0.0,0.15356329083442688,0.0,0.0,0.0,0.03532154858112335
908,1.8428118228912354,0.0,0.0,0.0,0.0,-1.396803379058838
909,1.1362015008926392,0.0,0.8633479475975037,0.0,0.0,0.8263412117958069
910,0.0,0.37392234802246094,0.0,0.0,0.0,0.20785261690616608
911,0.0,1.2543668746948242,0.0,0.0,0.0,0.9510185122489929
912,1.0410730838775635,0.5802822113037109,0.0,0.0,0.0,-0.3127940893173218
913,0.0,1.6848560571670532,0.0,0.0,0.0,0.37098032236099243
914,0.0,0.9552958011627197,0.0,0.0,0.0,-2.848435163497925
915,0.0,1.4448175430297852,0.0,0.0,0.0,-2.0256123542785645
916,1.7997913360595703,0.0,0.0,0.0,0.0,-1.3230177164077759
917,0.0,0.8916047215461731,0.0,0.0,0.0,-3.245521306991577
918,0.0,0.2225436568260193,0.0,0.0,0.0,2.0138556957244873
919,0.0,0.649591863155365,0.0,0.0,0.0,-0.28426167368888855
920,0.0,1.2213759422302246,0.0,0.0,0.0,-2.091568946838379
921,1.319990634918213,0.0,0.0,0.0,0.0,-0.6628007888793945
922,0.9809882044792175,0.0,0.0,0.0,0.0,0.42654162645339966
923,0.0,1.0065041780471802,0.0,0.0,0.0,-2.3406083583831787
924,0.0,0.46506330370903015,0.0,0.0,0.0,-1.6110032796859741
925,0.7625797390937805,0.0,0.0,0.0,0.0,0.8900473117828369
926,0.0,0.0,0.0,1.0923173427581787,0.0,0.08738818764686584
927,0.0,1.0058315992355347,0.0,0.0,0.0,-2.7484989166259766
928,0.0,1.5790387392044067,0.0,0.0,0.0,-1.5337774753570557
929,0.0,0.3716760277748108,0.0,0.0,0.0,-1.8244590759277344
930,0.0,0.1806814968585968,0.0,0.0,0.0,1.9694733619689941
931,0.0,1.560408592224121,0.0,0.0,0.0,-0.1164105236530304
932,0.0,1.1673325300216675,0.0,0.0,0.0,-2.951660394668579
933,0.0,1.0133861303329468,0.0,0.0,0.0,-2.917590379714966
934,0.0,1.1423677206039429,0.0,0.0,0.0,1.146172046661377
935,0.0,1.6868462562561035,0.0,0.0,0.0,-0.7874194979667664
936,0.0,0.9416567087173462,0.0,0.0,0.0,-3.039827823638916
937,0.0,0.9602022767066956,0.0,0.0,0.0,-2.8345699310302734
938,1.7407400608062744,0.0,0.0,0.0,0.0,-3.1507980823516846
939,0.0,1.0140080451965332,0.0,0.0,0.0,-2.697615385055542
940,0.0,1.5782300233840942,0.0,0.0,0.0,1.0261645317077637
941,0.0,1.509230136871338,0.0,0.0,0.0,-1.9752709865570068
942,1.2902390956878662,0.0,0.0,0.0,0.0,-0.670831024646759
943,0.0,0.91304612159729,0.9181062579154968,0.0,0.0,0.5884408354759216
944,0.0,0.9437433481216431,0.0,0.0,0.0,-2.6861045360565186
945,0.0,0.0,0.0,1.3959157466888428,0.0,-1.480806827545166
946,1.6051583290100098,1.029482364654541,1.45164954662323,0.0,0.0,-1.6298145055770874
947,0.0,1.4392855167388916,0.0,0.0,0.0,-1.5805487632751465
948,0.0,0.3695466220378876,0.0,0.0,0.0,0.7548215389251709
949,0.0,0.30223938822746277,0.0,0.0,0.0,0.8258234858512878
950,0.0,0.0,1.4653226137161255,1.3881640434265137,0.0,-1.7238872051239014
951,0.0,1.0065076351165771,0.0,0.0,0.0,-3.3321340084075928
952,1.1141871213912964,0.0,0.0,0.0,0.0,0.7569139003753662
953,0.0,0.2247457504272461,0.5571250915527344,0.0,0.0,1.0120751857757568
954,0.0,0.0,1.287452220916748,0.0,0.0,-1.0515903234481812
955,0.7679101824760437,0.40975889563560486,0.0,0.0,0.0,0.8656803965568542
956,0.0,1.6559667587280273,0.0,0.0,0.0,-0.8523730635643005
957,0.0,0.9590720534324646,0.0,0.0,0.0,-2.861058473587036
958,0.8582517504692078,0.0,0.0,0.0,0.0,-0.012478411197662354
959,0.0,1.3848637342453003,0.0,0.0,0.0,-2.032927989959717
960,0.0,0.1960994303226471,0.0,0.0,0.0,1.8625596761703491
961,0.35416433215141296,0.1838962584733963,0.2849617600440979,0.0,0.0,3.374896287918091
962,0.0,0.0,0.0,0.637435257434845,0.0,2.856555700302124
963,0.0,0.0,0.7243055701255798,0.0,0.0,0.44120293855667114
964,0.0,0.2372751086950302,0.33809947967529297,0.0,0.0,3.074449062347412
965,0.0,0.5975369215011597,0.0,0.0,0.0,-1.548597812652588
966,0.0,0.9278489351272583,0.0,0.0,0.0,-2.965965509414673
967,0.0,1.4426047801971436,0.0,0.0,0.0,1.1451345682144165
968,0.0,0.0,1.07487154006958,0.0,0.0,0.08948056399822235
969,0.0,1.3418858051300049,0.0,0.0,0.0,-1.6249300241470337
970,1.8347057104110718,0.0,0.0,0.0,0.0,-3.1034533977508545
971,0.0,1.4742484092712402,0.0,0.0,0.0,-1.8499152660369873
972,0.0,0.18847015500068665,0.0,0.0,0.0,0.739933431148529
973,0.0,0.8437328338623047,0.0,0.0,0.0,-2.7528958320617676
974,0.0,0.23279066383838654,0.0,0.0,0.0,1.6414904594421387
975,0.0,0.9490309953689575,0.0,0.0,0.0,-3.264547109603882
976,0.0,1.3130414485931396,0.0,0.0,0.0,-1.70485258102417
977,0.0,0.37625694274902344,0.0,0.0,0.0,-1.6405776739120483
978,0.0,0.0,0.0,1.1677844524383545,0.0,-0.2105872929096222
979,0.0,1.6334563493728638,0.0,0.0,0.0,1.246314287185669
980,0.0,0.9270838499069214,0.0,0.0,0.0,-2.9017226696014404
981,1.6825276613235474,0.0,0.0,0.0,0.0,-0.15506184101104736
982,0.0,1.5907585620880127,0.0,0.0,0.0,-1.7503031492233276
983,0.0,0.19044393301010132,0.0,0.0,0.0,-0.22288893163204193
984,0.8929225206375122,0.0,0.0,0.0,0.0,1.420504093170166
985,0.0,0.0,1.0879424810409546,0.0,0.0,-0.08364913612604141
986,0.0,1.0434949398040771,0.0,0.0,0.0,-3.0055906772613525
987,0.0,0.7906792759895325,1.735927700996399,0.0,0.0,-2.991039514541626
988,0.0,1.0430312156677246,0.0,0.0,0.0,-0.9456384778022766
989,0.0,1.7912664413452148,0.0,0.0,0.0,-0.9171614050865173
990,1.3591694831848145,0.0,0.0,0.0,0.0,-1.3461995124816895
991,0.6228101253509521,0.0,0.0,0.8177255392074585,0.0,0.2851482033729553
992,0.8777759671211243,0.0,0.0,0.8337264060974121,0.0,1.7907216548919678
993,1.7140095233917236,1.039977788925171,0.0,0.0,0.0,-2.3350613117218018
994,0.5073803067207336,0.0,0.0,0.0,0.0,3.0454320907592773
995,0.9293873906135559,0.8501312732696533,0.0,0.0,0.0,1.9759242534637451
996,0.0,1.4024431705474854,0.0,0.0,0.0,-1.5843167304992676
997,1.7728875875473022,0.0,0.0,0.0,0.0,-3.144381284713745
998,0.0,0.0,1.7293437719345093,0.0,0.0,-2.6513512134552
999,0.0,1.0331292152404785,0.0,0.0,0.0,-0.6830800175666809
1000,1.7609919309616089,0.0,0.0,0.0,0.0,-2.1068127155303955
1001,0.0,1.0158929824829102,0.0,0.0,0.0,-2.55298113822937
1002,0.6237655878067017,0.20006996393203735,0.0,0.877250075340271,0.0,-0.7199806571006775
1003,0.0,0.9424154162406921,0.0,0.0,0.0,-2.9766621589660645
1004,0.0,0.8609920740127563,0.0,0.0,0.0,-3.0961148738861084
1005,0.0,0.3170798122882843,0.0,0.0,0.0,0.5914106965065002
1006,0.0,1.839841604232788,0.0,0.0,0.0,-0.9845213294029236
1007,0.0,0.9760239124298096,0.0,0.0,0.0,-3.35292649269104
1008,0.0,0.9551042318344116,0.0,0.0,0.0,-3.0672926902770996
1009,0.0,0.0,1.6590430736541748,0.0,0.0,-2.4131126403808594
1010,0.0,0.9274678826332092,0.0,0.0,0.0,-3.09523868560791
1011,0.0,0.2679705023765564,0.0,0.0,0.0,3.019205331802368
1012,0.0,1.5442328453063965,0.0,0.0,0.0,-1.5277507305145264
1013,0.0,1.2476247549057007,0.0,0.0,0.0,-1.3221049308776855
1014,0.0,0.9448095560073853,0.0,0.0,0.0,-2.616530656814575
1015,0.0,0.992946207523346,0.0,0.0,0.0,-3.188946008682251
1016,0.0,0.42739883065223694,0.0,0.0,0.0,-1.8480263948440552
1017,0.0,0.5721808671951294,0.0,0.0,0.0,0.887083888053894
1018,0.0,0.965679407119751,0.0,0.0,0.0,-3.017822504043579
1019,0.9791447520256042,0.5106337070465088,0.0,0.0,0.0,-0.3065209984779358
1020,0.0,0.1439187079668045,0.0,0.0,0.0,0.1553536206483841
1021,0.0,0.2331637740135193,0.0,0.0,0.0,2.0153582096099854
1022,0.0,0.7196863889694214,0.0,0.0,0.0,-1.0852348804473877
1023,0.0,0.6661000847816467,0.0,0.0,0.0,-1.1710340976715088
1024,0.0,1.013730525970459,0.0,0.0,0.0,-3.2760438919067383
1025,0.0,1.155707597732544,0.0,0.0,0.0,-2.2860019207000732
1026,0.0,0.32275813817977905,0.0,0.0,0.0,2.5995113849639893
1027,0.0,1.43783438205719,0.0,0.0,0.0,1.6254754066467285
1028,0.0,0.23588885366916656,0.0,0.0,0.0,0.2538740634918213
1029,0.0,1.126570463180542,0.0,0.0,0.0,1.1560845375061035
1030,0.0,2.226684093475342,0.0,0.0,0.0,0.2756171226501465
1031,1.6357674598693848,0.0,0.0,0.0,0.0,-2.2377419471740723
1032,0.5460931062698364,0.0,0.0,0.0,0.0,2.3493967056274414
1033,0.0,0.0,0.0,1.1723034381866455,0.0,-0.5966276526451111
1034,0.0,1.715221643447876,0.0,0.0,0.0,-0.42183947563171387
1035,0.0,0.0,1.718489646911621,0.0,0.0,-2.6211459636688232
1036,0.0,0.0,0.0,1.3636096715927124,0.0,-1.353963851928711
1037,0.0,0.7113773822784424,0.0,0.0,0.0,-1.0144238471984863
1038,1.7867547273635864,0.0,0.0,0.0,0.0,-3.265306234359741
1039,0.0,0.9151488542556763,0.0,0.0,0.0,-2.894732713699341
1040,0.0,0.15569469332695007,0.0,0.0,0.0,0.01902186870574951
1041,0.0,0.26553595066070557,0.0,0.0,0.0,2.256945848464966
1042,1.8284218311309814,0.0,0.0,0.0,0.0,-1.8731259107589722
1043,0.0,0.0,1.6279163360595703,0.0,0.0,-2.247576951980591
1044,0.34814050793647766,0.13165760040283203,0.0,0.0,0.0,2.007673978805542
1045,0.5570812821388245,0.3699813485145569,0.0,0.0,0.0,2.471221685409546
1046,0.0,0.9608809351921082,0.0,0.0,0.0,-1.388702392578125
1047,0.3523903489112854,0.14286628365516663,0.0,0.0,0.0,2.378645420074463
1048,0.0,0.7638806104660034,0.0,0.0,0.0,2.440646171569824
1049,0.0,0.9269301295280457,0.0,0.0,0.0,-3.1898257732391357
1050,0.0,0.2634403705596924,0.0,0.0,0.0,-0.9594111442565918
1051,0.0,1.526510238647461,0.0,0.0,0.0,0.7258438467979431
1052,0.0,1.0090738534927368,0.0,0.0,0.0,-2.8376076221466064
1053,1.773711919784546,0.0,0.0,0.0,0.0,-2.821645498275757
1054,0.0,0.9236091375350952,0.0,0.0,0.0,-0.006381288170814514
1055,0.0,0.3921738564968109,0.0,0.0,0.0,0.8071280121803284
1056,1.7507003545761108,0.0,0.0,0.0,0.0,-2.8132684230804443
1057,0.0,0.0,0.0,0.5910866856575012,0.0,3.210387945175171
1058,0.0,1.1460826396942139,0.0,0.0,0.0,0.723137617111206
1059,1.894161343574524,0.0,0.0,0.0,0.0,-0.4813573360443115
1060,0.0,1.590598702430725,0.0,0.0,0.0,-1.4760773181915283
1061,0.0,0.0,1.7767188549041748,0.0,0.0,-2.779090642929077
1062,2.037247896194458,2.050137758255005,0.0,0.0,0.0,-0.48842334747314453
1063,0.0,0.141065776348114,0.0,0.0,0.0,1.3866162300109863
1064,0.0,0.0,1.2980724573135376,0.0,0.0,-0.8431472182273865
1065,0.0,0.0,1.678107500076294,0.0,0.0,-2.4625351428985596
1066,0.0,0.1775079220533371,0.0,0.0,0.0,-0.19030579924583435
1067,0.0,0.0,1.7391973733901978,0.0,0.0,-2.6493234634399414
1068,0.0,0.5218190550804138,0.0,0.0,0.0,-1.1213910579681396
1069,0.0,0.1917545348405838,0.0,0.0,0.0,0.11933119595050812
1070,1.8851205110549927,0.0,0.0,0.0,0.0,-2.024409532546997
1071,0.0,0.43528831005096436,0.0,0.0,0.0,-0.1382719725370407
1072,0.0,1.8027373552322388,0.0,0.0,0.0,-0.7477301359176636
1073,0.7750547528266907,0.0,0.0,0.0,0.0,-1.0648099184036255
1074,0.0,1.4350610971450806,0.0,0.0,0.0,-1.5193734169006348
1075,1.8118418455123901,0.0,0.0,0.0,0.0,-3.413599729537964
1076,1.8160169124603271,0.0,0.0,0.0,0.0,-1.6680586338043213
1077,0.0,1.2443060874938965,0.0,0.0,0.0,-1.3825709819793701
1078,0.0,0.5245891809463501,0.0,0.0,0.0,0.27580320835113525
1079,1.5017764568328857,0.8530288934707642,0.0,0.0,0.0,-1.8586452007293701
1080,0.0,1.0279695987701416,0.0,0.0,0.0,-0.8417969346046448
1081,0.0,0.19348257780075073,0.0,0.0,0.0,1.9578557014465332
1082,0.0,0.473659873008728,0.0,0.0,0.0,-1.7441093921661377
1083,0.0,1.804660439491272,0.0,0.0,0.0,0.6671129465103149
1084,0.0,0.9702860713005066,0.0,0.0,0.0,-3.1536753177642822
1085,0.0,0.8964778184890747,1.6415880918502808,0.0,0.0,-2.492957830429077
1086,0.0,0.7484606504440308,1.7433263063430786,1.5364514589309692,0.0,-3.0862560272216797
1087,0.0,0.0,1.0279985666275024,0.0,0.0,-0.42161375284194946
1088,0.5233586430549622,0.22391246259212494,0.0,0.0,0.0,1.2347604036331177
1089,0.0,0.7696222066879272,0.0,0.0,0.0,-0.08798810839653015
1090,0.0,0.6586524844169617,0.0,0.0,0.0,1.450320839881897
1091,0.0,0.7151972055435181,0.0,0.0,0.0,1.2893776893615723
1092,0.0,0.22506840527057648,0.0,0.0,0.0,-0.3829428553581238
1093,0.5741870999336243,0.20511585474014282,0.0,0.807830810546875,0.0,-0.06365574896335602
1094,0.0,1.070826530456543,0.0,0.0,0.0,-2.9879074096679688
1095,0.0,0.5146326422691345,0.0,0.0,0.0,0.8858087062835693
1096,1.7221746444702148,0.0,0.0,0.0,0.0,-2.8630754947662354
1097,0.6697835326194763,0.36706048250198364,0.0,0.782053530216217,0.0,1.1648993492126465
1098,0.0,1.4264681339263916,0.0,0.0,0.0,-1.283541202545166
1099,1.8103950023651123,0.0,0.0,0.0,0.0,-3.115952730178833
1100,0.0,0.0,0.0,1.387506365776062,0.0,-1.4817404747009277
1101,0.9201074242591858,0.0,0.0,0.0,0.0,1.7535040378570557
1102,1.9224714040756226,0.0,0.0,0.0,0.0,-2.1979072093963623
1103,0.5701130032539368,0.0,0.0,0.0,0.0,1.7375460863113403
1104,1.7681907415390015,0.0,0.0,0.0,0.0,-3.0792062282562256
1105,0.0,0.547081470489502,0.0,0.0,0.0,-0.850512683391571
1106,1.2746793031692505,0.0,0.0,0.0,0.0,-1.3965532779693604
1107,0.0,1.0845962762832642,0.0,0.0,0.0,-3.0264594554901123
1108,0.0,1.2429784536361694,0.0,0.0,0.0,0.6505206823348999
1109,0.0,0.6537644267082214,0.0,0.0,0.0,-0.3211563229560852
1110,0.0,0.0,0.0,1.4168241024017334,0.0,-2.0776255130767822
1111,0.0,1.2892210483551025,0.0,0.0,0.0,0.728659451007843
1112,0.0,0.0,0.745607316493988,0.0,0.0,0.9310311675071716
1113,1.3551477193832397,0.0,0.0,0.0,0.0,-0.19452619552612305
1114,0.0,1.4116910696029663,0.0,0.0,0.0,-1.8760147094726562
1115,1.783771276473999,0.0,0.0,0.0,0.0,-2.9020726680755615
1116,0.0,1.619320273399353,0.0,0.0,0.0,-0.5813860297203064
1117,0.0,0.6388683915138245,0.0,0.0,0.0,-0.24182726442813873
1118,0.0,0.8942444324493408,0.0,1.5113117694854736,0.0,-2.655109405517578
1119,0.0,1.4773590564727783,0.0,0.0,0.0,-1.910254716873169
1120,0.0,1.9212753772735596,0.0,0.0,0.0,0.8259981870651245
1121,0.0,0.2515156865119934,0.6093557476997375,0.0,0.0,0.822754979133606
1122,0.0,0.0,1.3895949125289917,0.0,0.0,-1.175965428352356
1123,0.0,2.2514007091522217,0.0,0.0,0.0,-0.8148743510246277
1124,1.0277907848358154,0.0,0.0,0.0,0.0,0.6238223910331726
1125,0.0,0.503783106803894,0.0,0.0,0.0,0.477037250995636
1126,0.0,1.153627634048462,0.0,1.4211187362670898,0.0,-1.6639556884765625
1127,0.0,0.9665654301643372,0.0,0.0,0.0,-3.005502939224243
1128,0.0,0.43102410435676575,0.0,0.0,0.0,-1.0406203269958496
1129,0.0,0.0,0.0,1.5257279872894287,0.0,-2.4738047122955322
1130,1.7529772520065308,0.0,0.0,0.0,0.0,-0.31980013847351074
1131,0.0,0.9506499171257019,0.0,0.0,0.0,-3.198009729385376
1132,0.9515675902366638,0.0,0.0,0.0,0.0,1.5932810306549072
1133,0.8412591814994812,0.0,0.0,0.0,0.0,-0.49741464853286743
1134,0.0,0.8970556259155273,0.0,0.0,0.0,-2.818819284439087
1135,0.0,0.23084144294261932,0.0,0.0,0.0,-0.6525084376335144
1136,0.0,0.0,0.0,1.4671927690505981,0.0,-1.9353969097137451
1137,0.0,0.2918287515640259,0.0,0.0,0.0,2.577768564224243
1138,0.0,1.3543816804885864,0.0,0.0,0.0,0.9689895510673523
1139,0.0,0.4563659429550171,0.0,0.0,0.0,-2.0405542850494385
1140,1.2794805765151978,0.0,0.0,0.0,0.0,-1.424199104309082
1141,0.0,0.9795045852661133,0.0,0.0,0.0,-2.841092824935913
1142,0.0,1.813645839691162,0.0,0.0,0.0,-1.2171106338500977
1143,0.0,0.0,0.0,1.2113037109375,0.0,-0.5491625070571899
1144,0.0,1.6047993898391724,0.0,0.0,0.0,-0.01911289244890213
1145,0.0,0.28189224004745483,0.0,0.0,0.0,-0.45544785261154175
1146,0.0,0.9891332983970642,0.0,0.0,0.0,-2.8730621337890625
1147,0.0,0.95063716173172,0.0,0.0,0.0,-3.227208375930786
1148,1.1616461277008057,0.0,0.0,0.0,0.0,0.46878987550735474
1149,0.0,1.6138665676116943,0.0,0.0,0.0,1.5879311561584473
1150,0.0,1.0483978986740112,0.0,0.0,0.0,-0.6369945406913757
1151,1.2778822183609009,0.0,0.0,0.0,0.0,-1.5259222984313965
1152,0.0,0.8342071771621704,0.0,0.0,0.0,0.7524945139884949
1153,0.0,0.0,0.0,1.432028889656067,0.0,-1.7205921411514282
1154,1.915866494178772,0.0,0.0,0.0,0.0,-3.6817126274108887
1155,0.0,0.5082380175590515,0.0,0.0,0.0,0.5336913466453552
1156,0.0,0.26899755001068115,0.0,0.0,0.0,3.1404032707214355
1157,0.0,1.4106422662734985,0.0,0.0,0.0,-1.3302836418151855
1158,0.0,1.6721986532211304,0.0,0.0,0.0,-1.4387708902359009
1159,0.0,0.16689585149288177,0.0,0.651580274105072,0.0,1.2169415950775146
1160,1.7882494926452637,0.0,0.0,0.0,0.0,-3.1153972148895264
1161,0.0,0.0,1.7561655044555664,0.0,0.0,-2.716428756713867
1162,0.0,2.047197103500366,0.0,0.0,0.0,-0.7525580525398254
1163,0.0,0.9382478594779968,0.0,0.0,0.0,-2.6132664680480957
1164,0.0,0.0,1.759041666984558,0.0,0.0,-2.7214245796203613
1165,0.0,0.956731915473938,0.0,0.0,0.0,-3.4041993618011475
1166,1.5987341403961182,0.0,0.0,0.0,0.0,-0.5399340987205505
1167,0.0,0.0,0.0,1.6305761337280273,0.0,-3.11684513092041
1168,0.0,0.7566892504692078,0.0,0.0,0.0,-1.6030125617980957
1169,0.0,0.0,1.627333641052246,0.0,0.0,-2.259538173675537
1170,1.7355164289474487,0.0,0.0,0.0,0.0,-2.7731428146362305
1171,0.0,0.2520763874053955,0.0,0.0,0.0,1.093337059020996
1172,0.0,1.0276635885238647,0.0,0.0,0.0,-2.863269567489624
1173,0.0,0.0,0.0,1.6620433330535889,0.0,-3.2340314388275146
1174,0.0,1.2738460302352905,0.0,1.3849852085113525,0.0,-1.2129554748535156
1175,0.0,0.6233153939247131,0.8955815434455872,0.0,0.0,0.17640216648578644
1176,0.0,0.0,0.9392586946487427,0.0,0.0,-0.6109147667884827
1177,0.0,1.0348708629608154,0.0,0.0,0.0,-2.6809234619140625
1178,1.7235908508300781,0.0,0.0,0.0,0.0,-2.296433687210083
1179,0.0,1.1218390464782715,0.0,0.0,0.0,-0.3342634439468384
1180,0.0,0.8591522574424744,0.0,0.0,0.0,-3.2294998168945312
1181,0.0,1.1206573247909546,0.0,0.0,0.0,1.9878597259521484
1182,1.7348966598510742,0.0,0.0,0.0,0.0,-0.8969241976737976
1183,0.0,1.743935227394104,0.0,0.0,0.0,-1.1342281103134155
1184,1.7217646837234497,0.0,0.0,0.0,0.0,-2.6934282779693604
1185,0.0,0.5980183482170105,0.0,0.0,0.0,0.18584324419498444
1186,0.0,0.8646076321601868,0.0,0.0,0.0,-0.5052757859230042
1187,0.0,0.0,1.6268821954727173,0.0,0.0,-2.303640127182007
1188,0.5889831185340881,0.32008570432662964,0.0,0.0,0.0,1.846390962600708
1189,0.0,1.3227778673171997,0.0,0.0,0.0,-0.21210093796253204
1190,0.0,0.0,1.2473903894424438,0.0,0.0,-0.5980554223060608
1191,0.0,1.9817843437194824,0.0,0.0,0.0,0.22827745974063873
1192,0.0,0.9358463287353516,0.0,0.0,0.0,-2.8746097087860107
1193,0.0,0.0,1.6303606033325195,0.0,0.0,-2.33890438079834
1194,0.0,0.0,1.0573464632034302,0.0,0.0,-0.7819474339485168
1195,0.0,0.38267782330513,0.0,0.0,0.0,-0.7321160435676575
1196,0.0,0.6730544567108154,0.0,0.0,0.0,-0.9290758967399597
1197,0.0,1.0515265464782715,0.0,0.0,0.0,-2.8322994709014893
1198,0.0,0.37119224667549133,0.0,0.0,0.0,-1.4895901679992676
1199,0.0,0.1649310141801834,0.0,0.0,0.0,1.8356752395629883
1200,0.0,0.22952911257743835,0.0,0.0,0.0,0.7002270817756653
1201,0.0,1.0818992853164673,0.0,0.0,0.0,-2.622039556503296
1202,0.0,0.0,1.7024447917938232,0.0,0.0,-2.5272836685180664
1203,0.0,0.2247592955827713,0.49580273032188416,0.0,0.0,1.3740079402923584
1204,0.0,1.1549251079559326,0.0,0.0,0.0,-2.3093318939208984
1205,0.0,0.2084355354309082,0.0,0.5238198041915894,0.0,3.3953824043273926
1206,0.4877534806728363,0.0,0.0,0.0,0.0,3.014531373977661
1207,0.48976653814315796,0.0,0.0,0.0,0.0,1.9528377056121826
1208,0.0,1.5680979490280151,0.0,0.0,0.0,-1.8831758499145508
1209,0.0,0.9049243330955505,0.0,0.0,0.0,-2.9969801902770996
1210,0.0,0.3070281147956848,0.0,0.0,0.0,2.886639356613159
1211,0.0,1.1448426246643066,0.0,0.0,0.0,-1.8494782447814941
1212,0.0,1.8534877300262451,0.0,0.0,0.0,0.21565942466259003
1213,1.553780436515808,0.0,0.0,0.0,0.0,-0.7415755391120911
1214,0.6718270778656006,0.0,0.0,0.0,0.0,0.46826761960983276
1215,0.0,1.2952237129211426,0.0,0.0,0.0,-1.8553000688552856
1216,0.0,0.989020824432373,0.0,0.0,0.0,-3.0345561504364014
1217,0.0,0.9644050002098083,0.0,0.0,0.0,-2.493013381958008
1218,0.0,0.5611938834190369,0.0,0.0,0.0,1.3329250812530518
1219,0.0,0.8722987771034241,1.5472036600112915,0.0,0.0,-2.1647543907165527
1220,0.36317315697669983,0.20778554677963257,0.0,0.0,0.0,3.381321907043457
1221,0.5483120679855347,0.21059578657150269,0.0,0.0,0.0,0.41301625967025757
1222,0.0,0.0,0.5577096939086914,0.0,0.0,1.693490743637085
1223,1.3781508207321167,1.4460779428482056,0.0,0.0,0.0,1.183988094329834
1224,0.0,0.9010206460952759,0.0,0.0,0.0,-0.7549924254417419
1225,0.4468977153301239,0.16581299901008606,0.0,0.0,0.0,1.2895586490631104
1226,0.0,1.0630464553833008,0.0,0.0,0.0,1.0181567668914795
1227,0.0,1.5918439626693726,0.0,0.0,0.0,-1.405151128768921
1228,0.0,0.8548691272735596,0.0,0.0,0.0,-1.6535863876342773
1229,0.0,0.878358781337738,0.0,0.0,0.0,-2.8718760013580322
1230,0.0,2.130277633666992,0.0,0.0,0.0,-0.6990920901298523
1231,1.7547123432159424,0.0,0.0,0.0,0.0,-3.286628484725952
1232,0.0,0.0,1.3370436429977417,0.0,0.0,-1.1704826354980469
1233,0.6409952044487,0.0,0.0,0.0,0.0,1.963817834854126
1234,0.0,0.6000568270683289,0.0,0.0,0.0,-1.5186716318130493
1235,1.2924370765686035,0.0,0.0,0.0,0.0,-1.0310052633285522
1236,0.0,0.2086925059556961,0.0,0.0,0.0,1.743509292602539
1237,0.0,0.8700200319290161,0.0,0.0,0.0,0.649329423904419
1238,0.7744176387786865,0.0,0.0,0.0,0.0,-0.42097824811935425
1239,0.46984240412712097,0.0,0.0,0.0,0.0,3.039843797683716
1240,0.0,0.9182665348052979,0.0,0.0,0.0,-2.514749526977539
1241,0.0,0.2768736481666565,0.0,0.0,0.0,-0.5010637044906616
1242,1.408616065979004,0.0,0.0,0.0,0.0,-1.6904513835906982
1243,1.522865653038025,0.0,0.0,0.0,0.0,-0.050026148557662964
1244,0.0,0.4727729856967926,0.0,0.0,0.0,-1.5743242502212524
1245,0.0,0.0,0.0,1.6393280029296875,0.0,-3.1397268772125244
1246,0.0,0.9803704023361206,0.0,0.0,0.0,1.4303334951400757
1247,0.0,0.2572242021560669,0.0,0.0,0.0,2.971187114715576
1248,0.0,0.550723135471344,0.0,0.0,0.0,1.866922378540039
1249,0.0,0.6434285044670105,0.0,0.0,0.0,1.2682456970214844
1250,0.0,0.9789767265319824,0.0,0.0,0.0,-2.9641668796539307
1251,0.0,0.0,0.8325552344322205,0.0,0.0,0.5114774107933044
1252,0.4716532230377197,0.0,0.0,0.0,0.0,3.0847346782684326
1253,0.0,0.0,1.6891093254089355,0.0,0.0,-2.5128374099731445
1254,0.0,0.0,1.6679810285568237,0.0,0.0,-2.4421892166137695
1255,1.7897250652313232,0.0,0.0,0.0,0.0,-3.2489874362945557
1256,0.0,1.1705982685089111,0.0,0.0,0.0,-2.7074134349823
1257,1.5757402181625366,0.7276749610900879,0.0,0.0,0.0,-3.066317558288574
1258,1.7239657640457153,0.0,0.0,0.0,0.0,-2.773660182952881
1259,0.9663470387458801,0.7245175838470459,0.0,0.0,0.0,1.1987937688827515
1260,0.0,0.929947555065155,0.0,0.0,0.0,-0.9440777897834778
1261,0.0,0.9188254475593567,0.0,0.0,0.0,-2.948289632797241
1262,0.0,1.3367691040039062,0.0,0.0,0.0,-1.5884416103363037
1263,0.0,0.9891385436058044,0.0,0.0,0.0,-2.5761685371398926
1264,0.0,1.1233528852462769,0.0,0.0,0.0,-1.96647047996521
1265,1.8637834787368774,0.0,0.0,0.0,0.0,-1.3571761846542358
1266,0.0,1.9552826881408691,0.0,0.0,0.0,0.5719985961914062
1267,0.0,0.9545729756355286,0.0,0.0,0.0,-2.8681135177612305
1268,0.0,1.4058048725128174,0.0,0.0,0.0,-1.9787907600402832
1269,0.0,2.159860610961914,0.0,0.0,0.0,-0.5914562940597534
1270,0.0,0.47275280952453613,0.0,0.0,0.0,-0.20979426801204681
1271,0.0,1.715563416481018,0.0,0.0,0.0,0.14847151935100555
1272,1.8943721055984497,0.0,0.0,0.0,0.0,-1.5143345594406128
1273,1.3079231977462769,1.049171805381775,0.0,0.0,0.0,0.28471171855926514
1274,1.7404093742370605,0.0,0.0,0.0,0.0,-0.39520496129989624
1275,0.0,2.215134859085083,0.0,0.0,0.0,0.09073413908481598
1276,0.0,0.8763718605041504,0.0,0.0,0.0,-2.7932419776916504
1277,0.0,0.7840820550918579,0.0,0.0,0.0,-1.0590304136276245
1278,0.0,0.4059065878391266,0.0,0.0,0.0,-1.1007078886032104
1279,0.0,0.3130548894405365,0.0,0.0,0.0,0.5748232007026672
1280,0.0,1.723419427871704,0.0,0.0,0.0,-0.9784966111183167
1281,0.0,1.0118072032928467,0.0,0.0,0.0,-3.1610231399536133
1282,0.0,0.2871125638484955,0.0,0.0,0.0,-0.7337779402732849
1283,0.0,0.9805027842521667,0.0,0.0,0.0,-2.959599256515503
1284,0.4161953032016754,0.2749464511871338,0.3231762945652008,0.0,0.0,3.3322789669036865
1285,0.0,0.47861596941947937,0.0,0.0,0.0,-0.25904524326324463
1286,0.0,2.138089179992676,0.0,0.0,0.0,-0.7738624215126038
1287,0.0,0.7063596844673157,0.0,0.0,0.0,0.9369006752967834
1288,0.0,0.9184495210647583,0.0,0.0,0.0,-3.057372570037842
1289,0.0,0.0,1.3251891136169434,0.0,0.0,-1.1094375848770142
1290,0.0,0.0,1.7671091556549072,0.0,0.0,-2.760490655899048
1291,1.8254292011260986,0.0,0.0,0.0,0.0,-3.1979918479919434
1292,0.0,1.6942832469940186,0.0,0.0,0.0,-1.7316666841506958
1293,1.7761337757110596,0.0,0.0,0.0,0.0,-0.33089420199394226
1294,0.0,0.9026843905448914,0.0,0.0,0.0,-2.686321973800659
1295,0.0,0.9296074509620667,0.0,0.0,0.0,0.006865143775939941
1296,0.0,0.958748996257782,0.0,0.0,0.0,-3.3014230728149414
1297,0.0,0.9828689694404602,0.0,0.0,0.0,-2.830021619796753
1298,0.0,0.0,1.6193113327026367,0.0,0.0,-2.2783336639404297
1299,0.0,0.9624683260917664,0.0,0.0,0.0,-3.660303831100464
1300,1.592111587524414,0.0,0.0,0.0,0.0,-0.6667361855506897
1301,0.0,0.255137175321579,0.0,0.0,0.0,3.291233777999878
1302,0.0,0.0,1.7558127641677856,0.0,0.0,-2.739928960800171
1303,0.0,0.0,0.8392651081085205,0.0,0.0,0.6335923075675964
1304,0.0,0.3635126054286957,0.0,0.0,0.0,-1.4443786144256592
1305,0.0,1.2671993970870972,0.0,0.0,0.0,-1.6695109605789185
1306,0.0,1.0217384099960327,0.0,0.0,0.0,-3.0413811206817627
1307,0.9585232138633728,0.0,0.0,0.0,0.0,1.4881372451782227
1308,0.0,0.8161464929580688,0.0,0.0,0.0,-0.06378272920846939
1309,0.0,0.5296221971511841,0.0,0.7754074335098267,0.0,1.843845009803772
1310,1.5840661525726318,0.8359441757202148,0.0,0.0,0.0,-2.581977128982544
1311,0.0,0.2962147295475006,0.0,0.0,0.0,1.3950300216674805
1312,0.0,1.390588402748108,0.0,0.0,0.0,-0.5356791615486145
1313,0.0,0.9950202107429504,0.0,0.0,0.0,-3.327770471572876
1314,0.0,0.0,0.0,1.1021682024002075,0.0,0.012626267969608307
1315,0.0,0.9712227582931519,0.0,0.0,0.0,-3.1481692790985107
1316,1.9090309143066406,0.0,0.0,0.0,0.0,-1.8840970993041992
1317,0.0,1.1085724830627441,0.0,0.0,0.0,-1.793352484703064
1318,0.0,0.9546815752983093,0.0,0.0,0.0,-2.981638193130493
1319,0.0,0.959373950958252,0.0,0.0,0.0,-2.4042623043060303
1320,0.0,1.0923060178756714,0.0,0.0,0.0,-0.7371867299079895
1321,0.0,1.5745551586151123,0.0,0.0,0.0,-1.300734519958496
1322,0.0,2.2171790599823,0.0,0.0,0.0,-0.3252425789833069
1323,0.0,1.3792251348495483,0.0,0.0,0.0,-2.1188747882843018
1324,0.0,2.123924732208252,0.0,0.0,0.0,0.219069704413414
1325,0.0,0.9312332272529602,0.0,0.0,0.0,-2.996680974960327
1326,0.0,0.21445393562316895,0.0,0.0,0.0,3.1119816303253174
1327,0.0,1.5677032470703125,0.0,0.0,0.0,-0.8350136876106262
1328,0.0,0.30987662076950073,0.0,0.0,0.0,0.8064532279968262
1329,0.0,0.35277146100997925,0.0,0.0,0.0,1.1123108863830566
1330,0.0,0.2413291037082672,0.40140724182128906,0.0,0.0,2.370553493499756
1331,0.0,0.7497335076332092,0.0,0.0,0.0,0.2857552766799927
1332,0.0,0.4187208414077759,0.0,0.0,0.0,1.6756095886230469
1333,0.0,1.044683575630188,0.0,0.0,0.0,-2.282663106918335
1334,0.0,1.3837871551513672,0.0,0.0,0.0,-0.006844624876976013
1335,0.0,0.8243399858474731,0.0,0.0,0.0,1.0737977027893066
1336,1.8010892868041992,0.0,0.0,0.0,0.0,-3.16300106048584
1337,1.7854949235916138,0.0,0.0,0.0,0.0,-3.1727657318115234
1338,0.0,0.16475266218185425,0.0,0.0,0.0,2.1483652591705322
1339,0.0,0.32878369092941284,0.0,0.6023645401000977,0.0,2.921229839324951
1340,0.0,0.9290891885757446,0.0,0.0,0.0,-2.8280227184295654
1341,1.2393505573272705,0.0,0.0,0.0,0.0,-1.1779409646987915
1342,0.0,0.0,1.2375085353851318,0.0,0.0,-0.6987046599388123
1343,1.0159990787506104,0.0,0.0,0.0,0.0,0.8650256991386414
1344,0.0,1.0822844505310059,0.0,0.0,0.0,-2.3208577632904053
1345,0.0,1.0353199243545532,0.0,0.0,0.0,-3.183342933654785
1346,0.0,2.1024720668792725,0.0,0.0,0.0,-0.8314088582992554
1347,0.0,1.0544922351837158,0.0,0.0,0.0,-2.9229753017425537
1348,0.0,1.0026605129241943,0.0,0.0,0.0,-2.8590824604034424
1349,0.0,0.0,1.7360836267471313,0.0,0.0,-2.6603620052337646
1350,0.0,1.2029221057891846,0.0,0.0,0.0,-1.374221682548523
1351,0.6620162129402161,0.2847672402858734,0.0,0.0,0.0,0.4089379906654358
1352,0.0,0.21599581837654114,0.0,0.0,0.0,1.3616880178451538
1353,0.0,0.5001322627067566,0.0,0.0,0.0,-1.5733375549316406
1354,0.0,2.1850838661193848,0.0,0.0,0.0,-0.19905728101730347
1355,0.0,1.3287372589111328,0.0,0.0,0.0,-1.5240559577941895
1356,0.0,0.9508570432662964,0.0,0.0,0.0,-3.32338809967041
1357,0.0,0.3623383343219757,0.0,0.0,0.0,0.0337706059217453
1358,0.0,0.45320025086402893,0.0,0.0,0.0,1.5033373832702637
1359,0.0,0.15152573585510254,0.4692927598953247,0.0,0.0,1.1843799352645874
1360,1.4602282047271729,0.0,0.0,0.0,0.0,-0.10428544133901596
1361,0.0,0.21934570372104645,0.0,0.0,0.0,0.44623076915740967
1362,0.0,1.4069157838821411,0.0,0.0,0.0,-1.1246155500411987
1363,0.0,0.9887435436248779,0.0,0.0,0.0,-2.6849629878997803
1364,0.0,0.9133597612380981,0.0,0.0,0.0,-2.927757740020752
1365,0.0,0.9608079195022583,0.0,0.0,0.0,-2.935689687728882
1366,0.0,0.38415491580963135,0.0,0.0,0.0,-1.2537710666656494
1367,0.0,0.9390797019004822,0.0,0.0,0.0,-2.716040849685669
1368,0.0,0.6826819181442261,0.0,0.0,0.0,-0.12248807400465012
1369,0.0,1.0278263092041016,0.0,0.0,0.0,1.2245020866394043
1370,0.0,0.9763050079345703,0.0,0.0,0.0,-3.1246392726898193
1371,0.0,2.4136831760406494,0.0,0.0,0.0,-0.3976721167564392
1372,1.1711151599884033,0.0,0.0,0.0,0.0,0.6551758646965027
1373,0.0,1.5549912452697754,0.0,0.0,0.0,-1.3267130851745605
1374,0.0,0.958415687084198,0.0,0.0,0.0,-2.8303306102752686
1375,1.766951560974121,0.0,0.0,0.0,0.0,-1.5131690502166748
1376,1.8081380128860474,0.0,0.0,0.0,0.0,-2.8500442504882812
1377,0.7620934247970581,0.0,0.0,0.0,0.0,-0.1519472897052765
1378,0.0,1.3374040126800537,0.0,0.0,0.0,-1.2914204597473145
1379,0.0,0.249135360121727,0.0,0.0,0.0,2.8448646068573
1380,0.0,1.0903680324554443,0.0,0.0,0.0,-2.888798952102661
1381,0.0,0.6709636449813843,0.0,0.0,0.0,0.40743488073349
1382,1.1169015169143677,0.0,0.0,0.0,0.0,0.29379069805145264
1383,0.0,1.5873960256576538,0.0,0.0,0.0,0.7048918008804321
1384,0.0,0.9763427376747131,0.0,0.0,0.0,-3.021540403366089
1385,1.7834113836288452,0.0,0.0,0.0,0.0,-2.934492826461792
1386,0.0,0.5810705423355103,0.0,0.0,0.0,0.5405252575874329
1387,0.0,2.229806423187256,0.0,0.0,0.0,0.1524076908826828
1388,0.0,0.8996167182922363,0.0,0.0,0.0,-2.8106775283813477
1389,0.0,0.6667444109916687,0.0,0.0,0.0,-1.5585124492645264
1390,0.0,0.9529502391815186,0.0,0.0,0.0,-3.2701501846313477
1391,0.0,0.19580158591270447,0.0,0.0,0.0,-0.0765354335308075
1392,0.7784265875816345,0.5746091604232788,0.0,0.0,0.0,1.740870475769043
1393,1.5927287340164185,1.1182050704956055,1.363659381866455,0.0,0.0,-1.1760492324829102
1394,0.0,0.5230721235275269,0.0,0.0,0.0,0.7044168710708618
1395,0.0,0.3919132649898529,0.0,0.0,0.0,-0.4657983183860779
1396,0.0,1.5870394706726074,0.0,0.0,0.0,-1.2263917922973633
1397,0.0,0.0,0.0,0.933154284954071,0.0,0.4575377106666565
1398,0.0,0.8789728879928589,0.0,0.0,0.0,-1.56888747215271
1399,0.0,0.6242220997810364,0.0,0.0,0.0,-0.45689940452575684
1400,0.6148748993873596,0.0,0.0,0.0,0.0,1.8277888298034668
1401,0.0,0.0,1.2784968614578247,0.0,0.0,-0.9724029302597046
1402,0.0,1.4388880729675293,0.0,0.0,0.0,-0.7114723324775696
1403,1.7272862195968628,1.6426459550857544,1.2530943155288696,0.0,0.0,-0.0704798549413681
1404,1.4164073467254639,0.0,0.0,0.0,0.0,0.4195694923400879
1405,0.0,1.0462945699691772,1.2541950941085815,0.0,0.0,-0.7962778210639954
1406,0.0,0.7702242732048035,0.0,0.0,0.0,-0.817298948764801
1407,0.0,1.0242267847061157,0.0,0.0,0.0,-2.738337278366089
1408,0.0,1.274200677871704,0.0,0.0,0.0,-2.092374324798584
1409,0.7110151052474976,0.0,0.0,0.0,0.0,-0.5855376124382019
1410,1.851279377937317,0.0,0.0,0.0,0.0,-1.4670605659484863
1411,0.0,0.9279987215995789,1.5640510320663452,0.0,0.0,-2.1675174236297607
1412,0.0,0.38487908244132996,0.0,0.0,0.0,-1.6761627197265625
1413,0.0,1.6713029146194458,0.0,0.0,0.0,-1.902312159538269
1414,0.0,0.4881134033203125,0.0,0.0,0.0,-2.0762267112731934
1415,0.0,1.2864242792129517,0.0,0.0,0.0,-0.1090783029794693
1416,0.0,1.2423244714736938,0.0,0.0,0.0,-1.4019851684570312
1417,0.0,0.3921085298061371,0.0,0.0,0.0,-0.40997904539108276
1418,0.0,0.9051007628440857,0.0,0.0,0.0,-3.1337716579437256
1419,1.4266350269317627,0.0,0.0,0.0,0.0,0.32147592306137085
1420,1.8110374212265015,0.0,0.0,0.0,0.0,-3.111821413040161
1421,0.0,0.5361840128898621,0.0,0.0,0.0,0.5365210771560669
1422,0.0,0.4444778859615326,0.0,0.0,0.0,-1.5655912160873413
1423,1.2707710266113281,0.9451372623443604,0.0,0.0,0.0,0.032711371779441833
1424,0.0,0.0,1.6071834564208984,0.0,0.0,-2.2295689582824707
1425,0.0,0.0,0.9775330424308777,0.0,0.0,0.6151474714279175
1426,0.0,1.427400827407837,0.0,0.0,0.0,-1.9363943338394165
1427,0.0,1.1159406900405884,0.0,0.0,0.0,2.2349679470062256
1428,0.0,0.21458537876605988,0.2936255633831024,0.0,0.0,3.4087162017822266
1429,0.0,1.0146632194519043,0.0,0.0,0.0,-3.116177797317505
1430,0.0,1.4545180797576904,0.0,0.0,0.0,-1.4120901823043823
1431,0.736604630947113,0.28874754905700684,0.0,0.9152482748031616,0.0,-0.4236499071121216
1432,0.40496090054512024,0.22839532792568207,0.0,0.0,0.0,3.022040843963623
1433,0.0,1.0235973596572876,0.0,0.0,0.0,-3.178035020828247
1434,0.0,1.0862867832183838,0.0,0.0,0.0,-2.687556028366089
1435,0.3858790099620819,0.22338661551475525,0.0,0.0,0.0,3.1407525539398193
1436,0.0,0.8341798186302185,1.6238197088241577,0.0,0.0,-2.5004475116729736
1437,1.7957173585891724,0.0,0.0,0.0,0.0,-1.8371750116348267
1438,0.0,1.90095853805542,0.0,0.0,0.0,-0.11387308686971664
1439,1.7335922718048096,0.0,0.0,0.0,0.0,-2.91209077835083
1440,0.0,1.6517833471298218,0.0,0.0,0.0,-1.5080806016921997
1441,0.0,1.5199623107910156,0.0,0.0,0.0,-1.6463589668273926
1442,1.0331889390945435,0.0,0.0,0.0,0.0,-0.8781537413597107
1443,0.0,0.9682494401931763,0.0,0.0,0.0,-2.4849820137023926
1444,0.0,0.955289900302887,0.0,0.0,0.0,-3.2467455863952637
1445,0.0,1.908154010772705,0.0,0.0,0.0,-0.9500834941864014
1446,0.0,0.8952320218086243,0.0,0.0,0.0,-3.0113065242767334
1447,0.0,1.2792786359786987,0.0,0.0,0.0,-0.7954733967781067
1448,0.0,1.2877850532531738,0.0,0.0,0.0,-1.73262619972229
1449,0.0,1.4899550676345825,0.0,0.0,0.0,-0.5835288763046265
1450,0.4504980742931366,0.0,0.520560622215271,0.6626271605491638,0.0,0.933155357837677
1451,0.0,1.0086761713027954,0.0,0.0,0.0,-2.640378713607788
1452,0.0,1.193390965461731,0.0,0.0,0.0,-0.8808467984199524
1453,0.0,0.4285973906517029,0.0,0.0,0.0,-0.12123017013072968
1454,0.0,0.0,0.9265823364257812,1.0345221757888794,0.0,0.2602888345718384
1455,0.0,0.5845652222633362,0.0,0.0,0.0,-1.181084156036377
1456,0.0,0.6556539535522461,0.0,0.0,0.0,-1.5354408025741577
1457,0.0,0.5468257069587708,0.0,0.0,0.0,-0.3659999370574951
1458,1.7369388341903687,0.0,0.0,0.0,0.0,-2.4180757999420166
1459,0.0,1.1317095756530762,0.0,0.0,0.0,-1.0333348512649536
1460,0.0,0.3955017328262329,0.0,0.0,0.0,0.3073413372039795
1461,1.7551889419555664,0.0,0.0,0.0,0.0,-2.9695613384246826
1462,0.0,0.5734338164329529,0.0,0.0,0.0,-1.9911117553710938
1463,0.0,0.9830742478370667,0.0,0.0,0.0,-3.11275053024292
1464,0.0,1.8444947004318237,0.0,0.0,0.0,-0.9894952178001404
1465,0.5379296541213989,0.37913593649864197,0.0,0.0,0.0,2.7288691997528076
1466,1.056921362876892,0.0,0.0,0.0,0.0,-1.0211701393127441
1467,0.0,0.9680548310279846,0.0,0.0,0.0,-2.995138168334961
1468,0.0,0.9062977433204651,0.0,0.0,0.0,-2.8190996646881104
1469,0.0,1.9405741691589355,0.0,0.0,0.0,-0.2251979559659958
1470,0.0,0.9972020387649536,0.0,0.0,0.0,-2.6318161487579346
1471,0.0,1.0196079015731812,0.0,0.0,0.0,-0.9315021634101868
1472,1.237815022468567,0.0,0.0,0.0,0.0,0.01388809084892273
1473,0.0,0.7472435235977173,0.0,0.0,0.0,-1.1746587753295898
1474,1.8460938930511475,0.0,0.0,0.0,0.0,-1.3713771104812622
1475,1.719460129737854,0.0,0.0,0.0,0.0,-1.9470714330673218
1476,1.699262022972107,0.0,1.8076066970825195,0.0,0.0,-3.1439638137817383
1477,0.0,1.638004183769226,0.0,0.0,0.0,1.2202506065368652
1478,0.5279422998428345,0.0,0.0,0.0,0.0,1.6112029552459717
1479,0.0,1.1431338787078857,0.0,0.0,0.0,-3.4393184185028076
1480,0.0,0.0,1.7628697156906128,0.0,0.0,-2.757828950881958
1481,0.6193062663078308,0.431681364774704,0.0,0.0,0.0,2.2785897254943848
1482,0.0,0.2807740867137909,0.0,0.0,0.0,-1.115248441696167
1483,1.7731800079345703,0.0,0.0,0.0,0.0,-3.1272504329681396
1484,0.0,1.264814019203186,0.0,0.0,0.0,-0.9963244795799255
1485,0.0,1.0020607709884644,0.0,0.0,0.0,-3.1077396869659424
1486,0.0,0.0,0.6751880645751953,0.0,0.0,0.5732614994049072
1487,0.0,0.2533302307128906,0.0,0.0,0.0,-0.8940416574478149
1488,1.7221096754074097,0.0,0.0,0.0,0.0,-2.694004774093628
1489,0.0,0.0,0.0,1.157038927078247,0.0,-0.5676748156547546
1490,0.0,0.9217013716697693,0.0,0.0,0.0,-3.1587471961975098
1491,0.6093254089355469,0.0,0.0,0.0,0.0,0.8839052319526672
1492,0.0,0.0,1.7217355966567993,0.0,0.0,-2.6499555110931396
1493,0.8226743340492249,0.0,0.0,0.0,0.0,1.0156683921813965
1494,0.0,0.9092466235160828,0.0,0.0,0.0,-3.1518914699554443
1495,0.0,0.61116623878479,0.0,0.0,0.0,1.3426798582077026
1496,0.0,0.19847869873046875,0.0,0.0,0.0,1.1529364585876465
1497,0.0,0.5866344571113586,0.0,0.0,0.0,0.24669717252254486
1498,0.0,0.5913873314857483,0.0,0.0,0.0,-0.45663517713546753
1499,0.7724407315254211,0.28322383761405945,0.0,0.0,0.0,-0.7191860675811768
1500,0.0,0.16617926955223083,0.0,0.0,0.0,0.4410591721534729
1501,0.0,0.2318505346775055,0.0,0.0,0.0,-0.36221134662628174
1502,1.838975429534912,0.0,0.0,0.0,0.0,-3.144437551498413
1503,0.0,0.4131203889846802,0.0,0.0,0.0,-1.3944135904312134
1504,0.0,0.1775692254304886,0.0,0.0,0.0,1.7956414222717285
1505,1.7741641998291016,0.0,0.0,0.0,0.0,-2.5556578636169434
1506,0.0,0.20669206976890564,0.0,0.0,0.0,1.9185779094696045
1507,0.3445759117603302,0.17819038033485413,0.273652583360672,0.0,0.0,3.5485541820526123
1508,1.334320068359375,0.0,0.0,0.0,0.0,-1.4418189525604248
1509,0.0,0.13472868502140045,0.0,0.0,0.0,0.375049889087677
1510,0.0,1.7310861349105835,0.0,0.0,0.0,0.24063052237033844
1511,0.0,1.0007210969924927,0.0,0.0,0.0,-3.3539414405822754
1512,0.0,2.2249491214752197,0.0,0.0,0.0,0.4821861982345581
1513,1.6230043172836304,0.0,0.0,0.0,0.0,-1.4532533884048462
1514,0.0,1.0137449502944946,0.0,0.0,0.0,-2.832822322845459
1515,0.0,0.0,0.8932791948318481,0.0,0.0,0.6241219639778137
1516,0.0,0.0,1.7304717302322388,0.0,0.0,-2.6308610439300537
1517,0.0,0.19823619723320007,0.0,0.0,0.0,0.5833441019058228
1518,0.0,1.0728144645690918,0.0,0.0,0.0,-2.3276684284210205
1519,0.9001513719558716,0.0,0.0,0.0,0.0,1.4399700164794922
1520,0.0,0.3093927502632141,0.0,0.0,0.0,1.757697582244873
1521,0.0,0.14092063903808594,0.0,0.0,0.0,0.3201791048049927
1522,0.0,1.5066181421279907,0.0,0.0,0.0,-1.2220443487167358
1523,0.0,0.16842523217201233,0.0,0.0,0.0,1.3381158113479614
1524,0.0,0.8461897373199463,0.0,0.0,0.0,-0.34389737248420715
1525,0.0,1.4768258333206177,0.0,0.0,0.0,-2.3833489418029785
1526,0.0,2.0355443954467773,0.0,0.0,0.0,0.5521717667579651
1527,0.0,1.0425390005111694,0.0,0.0,0.0,-2.866732358932495
1528,0.0,0.9543721675872803,0.0,0.0,0.0,-2.648078203201294
1529,0.0,0.0,1.1089437007904053,0.0,0.0,-0.7800747156143188
1530,0.39642661809921265,0.19506163895130157,0.3512625992298126,0.0,0.0,2.6023218631744385
1531,0.0,1.301544189453125,0.0,0.0,0.0,1.6572256088256836
1532,0.0,0.9338648915290833,0.0,0.0,0.0,-2.8780715465545654
1533,0.9056106209754944,0.0,0.0,0.0,0.0,1.4584946632385254
1534,0.0,0.8396530151367188,0.0,0.0,0.0,-2.9072234630584717
1535,0.0,0.3234725594520569,0.0,0.0,0.0,0.7585353851318359
1536,0.3923262357711792,0.13301528990268707,0.0,0.0,0.0,1.0390572547912598
1537,0.0,0.3188859224319458,0.0,0.0,0.0,1.016588807106018
1538,0.0,1.1081876754760742,0.0,0.0,0.0,0.5258226990699768
1539,0.0,0.26739850640296936,0.0,0.0,0.0,0.5409976243972778
1540,0.0,0.0,0.0,0.9351115822792053,0.0,0.394631028175354
1541,0.0,1.010003924369812,0.0,0.0,0.0,-2.5942020416259766
1542,0.9552760124206543,0.4234873056411743,0.0,1.0647348165512085,0.0,-1.074635624885559
1543,0.5049549341201782,0.26482823491096497,0.0,0.6427273750305176,0.0,2.0722436904907227
1544,0.0,0.5218595266342163,0.0,0.0,0.0,0.7011415362358093
1545,0.47118645906448364,0.0,0.0,0.0,0.0,0.7960062623023987
1546,0.0,0.1595153957605362,0.0,0.0,0.0,0.895566999912262
1547,0.0,2.181328058242798,0.0,0.0,0.0,0.05392388999462128
1548,0.0,2.3957533836364746,0.0,0.0,0.0,-0.09078934043645859
1549,0.6545343995094299,0.20810653269290924,0.0,0.0,0.0,-0.714621365070343
1550,0.0,0.7258450388908386,0.0,0.0,0.0,-1.499523639678955
1551,0.8824638724327087,0.0,0.0,0.0,0.0,2.025435209274292
1552,1.772330641746521,0.0,0.0,0.0,0.0,-3.133504629135132
1553,0.0,1.706311821937561,0.0,0.0,0.0,-1.1620944738388062
1554,0.0,1.1205798387527466,0.0,0.0,0.0,-2.4887094497680664
1555,1.5514805316925049,0.6677892804145813,0.0,0.0,0.0,-3.226156711578369
1556,0.0,0.43722856044769287,0.0,0.0,0.0,-1.5924941301345825
1557,0.0,0.0,0.0,1.403998613357544,0.0,-2.022303819656372
1558,1.3838880062103271,0.0,0.0,0.0,0.0,0.49759602546691895
1559,0.0,0.9952616095542908,0.0,0.0,0.0,-2.9487574100494385
1560,0.0,1.4652780294418335,0.0,0.0,0.0,0.5449784398078918
1561,0.0,1.0703500509262085,0.0,0.0,0.0,-2.8851568698883057
1562,0.0,0.16397561132907867,0.0,0.0,0.0,0.44682812690734863
1563,0.0,0.0,0.0,1.5778236389160156,0.0,-2.757011651992798
1564,0.0,0.0,0.0,1.1441805362701416,0.0,-0.6738592982292175
1565,0.35407257080078125,0.12490314990282059,0.0,0.0,0.0,1.7126988172531128
1566,0.6343894600868225,0.39981910586357117,0.0,0.0,0.0,1.8608413934707642
1567,0.0,0.9491935968399048,0.0,0.0,0.0,-2.042722702026367
1568,0.0,0.2019803673028946,0.0,0.0,0.0,-0.14272551238536835
1569,0.0,1.5947840213775635,0.0,0.0,0.0,-1.8481512069702148
1570,0.0,0.4730100929737091,0.0,0.0,0.0,-0.8687247633934021
1571,1.0965644121170044,0.0,0.0,1.1288175582885742,0.0,-0.8740503787994385
1572,0.3829815983772278,0.18713988363742828,0.0,0.0,0.0,2.248152732849121
1573,0.5289607048034668,0.2991768717765808,0.0,0.0,0.0,1.993983507156372
1574,0.0,0.0,0.7404099106788635,0.0,0.0,0.9960252642631531
1575,0.0,0.21106427907943726,0.0,0.7300329804420471,0.0,0.8884801268577576
1576,0.0,1.6334185600280762,0.0,0.0,0.0,-0.7805575728416443
1577,0.0,0.6012964248657227,0.0,0.0,0.0,1.0663970708847046
1578,0.0,0.8922552466392517,0.0,0.0,0.0,2.2945382595062256
1579,0.0,1.013224720954895,0.0,0.0,0.0,-2.973569393157959
1580,0.0,0.9892324209213257,0.0,0.0,0.0,-2.9330811500549316
1581,0.0,1.3114676475524902,0.0,0.0,0.0,-0.8176568746566772
1582,0.0,0.16364753246307373,0.0,0.0,0.0,1.6451562643051147
1583,0.0,0.5177561640739441,0.0,0.0,0.0,-0.7638310790061951
1584,0.8447475433349609,0.43363964557647705,0.0,0.0,0.0,0.23496033251285553
1585,0.581203281879425,0.41878050565719604,0.0,0.6592389941215515,0.0,2.5648109912872314
1586,0.0,0.0,1.3463407754898071,0.0,0.0,-1.0758488178253174
1587,0.0,0.3595985472202301,0.0,0.0,0.0,0.6788204312324524
1588,0.0,0.42132988572120667,0.0,0.0,0.0,-0.9300511479377747
1589,0.0,0.9691394567489624,0.0,0.0,0.0,0.7976298928260803
1590,0.0,0.40629422664642334,0.0,0.0,0.0,-0.3039287328720093
1591,0.0,0.19442962110042572,0.6653391718864441,0.7896798253059387,0.0,0.1896371692419052
1592,0.0,0.9719255566596985,0.0,0.0,0.0,-2.4961445331573486
1593,0.0,0.0,0.9607083201408386,0.0,0.0,-0.21497386693954468
1594,0.0,0.6552950143814087,0.0,0.0,0.0,1.6164801120758057
1595,0.0,1.3766915798187256,0.0,0.0,0.0,-0.5426861047744751
1596,0.0,0.48098427057266235,0.0,0.0,0.0,-1.0712512731552124
1597,0.0,0.9750761985778809,0.0,0.0,0.0,-2.967651605606079
1598,0.0,0.445809930562973,0.0,0.0,0.0,1.498701810836792
1599,0.0,0.9568618535995483,0.0,0.0,0.0,-3.2865140438079834
1600,0.0,1.5131317377090454,0.0,0.0,0.0,-1.24638831615448
1601,0.0,1.0261449813842773,0.0,0.0,0.0,-3.1131556034088135
1602,0.0,0.6884192228317261,0.0,0.0,0.0,-1.100304365158081
1603,0.0,0.320132315158844,0.0,0.0,0.0,2.4799466133117676
1604,0.0,0.9726822972297668,0.0,1.3627620935440063,0.0,-1.5540730953216553
1605,0.0,1.2466157674789429,0.0,0.0,0.0,-0.8563554286956787
1606,1.6777640581130981,0.0,0.0,0.0,0.0,-1.8794865608215332
1607,0.0,0.9686030149459839,0.0,0.0,0.0,-3.251060724258423
1608,0.0,0.27289634943008423,0.0,0.0,0.0,0.7794466614723206
1609,0.0,0.9722782969474792,0.0,0.0,0.0,-3.228566884994507
1610,0.0,1.2961146831512451,0.0,0.0,0.0,-1.9533705711364746
1611,0.0,0.9913831353187561,0.0,0.0,0.0,-0.4113693833351135
1612,0.0,1.68182373046875,0.0,0.0,0.0,-0.5211983919143677
1613,1.8002171516418457,0.0,0.0,0.0,0.0,-1.8577320575714111
1614,0.0,1.427476167678833,0.0,0.0,0.0,-1.3191804885864258
1615,1.8469123840332031,0.0,0.0,0.0,0.0,-1.0109909772872925
1616,1.0179009437561035,0.0,0.0,0.0,0.0,0.7407288551330566
1617,0.0,0.0,0.0,0.622151255607605,0.0,2.548461675643921
1618,0.0,0.6916727423667908,0.0,0.0,0.0,0.22822000086307526
1619,0.0,1.3891687393188477,0.0,0.0,0.0,-2.179921865463257
1620,0.0,0.8742952346801758,0.0,0.0,0.0,0.5374167561531067
1621,0.0,1.0454127788543701,0.0,0.0,0.0,0.2095811814069748
1622,0.0,0.29245835542678833,0.0,0.0,0.0,2.319471597671509
1623,0.0,0.0,1.7162494659423828,0.0,0.0,-2.598463296890259
1624,1.8426867723464966,1.5279264450073242,0.0,0.0,0.0,-1.120460033416748
1625,0.0,1.096874475479126,0.0,0.0,0.0,-0.7219014763832092
1626,1.7797071933746338,0.0,0.0,0.0,0.0,-3.2699148654937744
1627,0.0,1.2887742519378662,0.0,0.0,0.0,-1.597656488418579
1628,0.0,0.2614096999168396,0.0,0.0,0.0,2.889307737350464
1629,0.7522121667861938,0.2921546399593353,0.0,0.0,0.0,-0.5179488658905029
1630,0.0,0.8831403851509094,0.0,0.0,0.0,-2.677600622177124
1631,0.6788256764411926,0.0,0.5284358859062195,0.719472348690033,0.0,2.144585609436035
1632,0.0,0.37501081824302673,0.0,0.0,0.0,1.934690237045288
1633,0.0,0.18094070255756378,0.0,0.0,0.0,1.6194102764129639
1634,0.0,0.0,0.0,1.3200852870941162,0.0,-0.915435791015625
1635,0.0,0.0,1.6064263582229614,0.0,0.0,-2.2188546657562256
1636,0.0,0.0,0.0,1.4140892028808594,0.0,-1.6820058822631836
1637,0.0,0.0,0.0,0.5850658416748047,0.0,3.293766498565674
1638,1.6936187744140625,0.0,0.0,0.0,0.0,-2.758132219314575
1639,0.0,0.8996779918670654,0.0,0.0,0.0,-2.7793941497802734
1640,0.0,1.1989052295684814,0.0,0.0,0.0,1.5638818740844727
1641,0.0,0.9969984292984009,0.0,0.0,0.0,-3.5359652042388916
1642,0.8207531571388245,0.0,0.0,0.0,0.0,-1.0034666061401367
1643,0.0,0.5957601070404053,0.0,0.0,0.0,0.5033579468727112
1644,0.0,0.0,1.8354612588882446,0.0,0.0,-3.0154640674591064
1645,0.0,0.6801860332489014,0.0,0.0,0.0,0.98497074842453
1646,0.0,0.4362160265445709,0.0,0.0,0.0,-0.5289639234542847
1647,1.6775175333023071,0.0,0.0,0.0,0.0,0.3563397526741028
1648,0.0,1.3578894138336182,0.0,0.0,0.0,-2.0423552989959717
1649,0.0,0.9909470677375793,0.0,0.0,0.0,0.9346378445625305
1650,0.0,0.865431547164917,0.0,1.5718731880187988,0.0,-3.091447114944458
1651,0.456084281206131,0.23395459353923798,0.0,0.0,0.0,1.777413249015808
1652,0.0,1.5794845819473267,0.0,0.0,0.0,-1.1207680702209473
1653,0.0,0.24590107798576355,0.0,0.0,0.0,-0.1703917384147644
1654,0.0,0.863660991191864,0.0,0.0,0.0,1.124748945236206
1655,0.0,0.0,1.7191236019134521,0.0,0.0,-2.6106297969818115
1656,0.0,0.2683303952217102,0.49064502120018005,0.0,0.0,1.7351055145263672
1657,0.0,0.0,0.5761318206787109,0.7718609571456909,0.0,2.0849788188934326
1658,1.8819706439971924,0.0,0.0,0.0,0.0,-0.9706549644470215
1659,0.0,1.6014121770858765,0.0,0.0,0.0,0.3528698682785034
1660,0.0,0.8698727488517761,0.0,0.0,0.0,-0.561928391456604
1661,0.7022836804389954,0.0,0.0,0.0,0.0,0.20999182760715485
1662,1.8232136964797974,0.0,0.0,0.0,0.0,-1.9118021726608276
1663,0.0,0.6723594069480896,0.0,0.0,0.0,1.5806357860565186
1664,0.0,0.0,1.7191017866134644,0.0,0.0,-2.586107015609741
1665,0.0,1.060569167137146,0.0,0.0,0.0,-2.488637685775757
1666,0.0,0.3029331862926483,0.0,0.0,0.0,0.0649133175611496
1667,0.0,0.8136477470397949,0.0,0.0,0.0,-0.8455007672309875
1668,0.0,0.0,0.0,1.139582633972168,0.0,-0.11384017020463943
1669,0.0,1.380295753479004,0.0,0.0,0.0,-0.667089581489563
1670,1.8795078992843628,0.0,0.0,0.0,0.0,-3.602705240249634
1671,1.4909383058547974,0.0,0.0,0.0,0.0,-0.12099635601043701
1672,0.0,0.0,0.0,1.3346306085586548,0.0,-1.0886050462722778
1673,0.47168663144111633,0.18448498845100403,0.0,0.0,0.0,1.1046395301818848
1674,0.0,0.2944888770580292,0.0,0.0,0.0,0.4448974132537842
1675,0.0,0.1749086230993271,0.0,0.0,0.0,-0.20264455676078796
1676,0.6662168502807617,0.3733235001564026,0.0,0.0,0.0,1.123671531677246
1677,0.0,1.0820534229278564,0.0,0.0,0.0,-0.6547337174415588
1678,0.0,1.0315905809402466,0.0,0.0,0.0,-3.2063467502593994
1679,0.0,0.0,1.6864423751831055,0.0,0.0,-2.4673383235931396
1680,0.0,0.0,0.748397707939148,0.0,0.0,0.4291064143180847
1681,1.7152502536773682,0.0,1.8145250082015991,0.0,0.0,-3.13604474067688
1682,0.0,0.0,0.0,1.5648785829544067,0.0,-2.7086219787597656
1683,0.0,0.21502849459648132,0.0,0.0,0.0,-0.2980888783931732
1684,0.0,0.9945629239082336,0.0,0.0,0.0,-0.8107647895812988
1685,0.0,0.6761403679847717,0.0,0.0,0.0,-0.12425078451633453
1686,0.0,0.0,0.0,0.6697264909744263,0.0,2.2375543117523193
1687,1.732413411140442,0.0,0.0,0.0,0.0,-3.0403316020965576
1688,0.0,0.637618362903595,0.6056908965110779,0.7955412864685059,0.0,1.8472707271575928
1689,0.0,0.4764423370361328,0.0,0.0,0.0,-2.115124225616455
1690,0.0,1.6054563522338867,0.0,0.0,0.0,-0.665010929107666
1691,0.48296308517456055,0.0,0.0,0.0,0.0,3.0537989139556885
1692,0.0,1.4230855703353882,0.0,0.0,0.0,-1.7968053817749023
1693,0.4795498847961426,0.2969176173210144,0.0,0.0,0.0,2.659740686416626
1694,0.0,0.9966926574707031,0.0,0.0,0.0,-2.932560682296753
1695,0.0,0.9432299137115479,0.0,0.0,0.0,-2.8761894702911377
1696,0.0,0.2410358488559723,0.0,0.7481985092163086,0.0,0.9225413203239441
1697,0.0,0.971603274345398,0.0,0.0,0.0,-2.802873373031616
1698,0.0,0.9581100344657898,0.0,0.0,0.0,-2.987916946411133
1699,1.3811473846435547,0.0,0.0,0.0,0.0,-0.3192075490951538
1700,1.3260266780853271,0.0,0.0,0.0,0.0,0.5375221371650696
1701,0.0,0.9546675682067871,0.0,0.0,0.0,-0.8056837320327759
1702,0.0,1.82868230342865,0.0,0.0,0.0,-1.1779675483703613
1703,1.0051838159561157,0.0,0.0,0.0,0.0,0.9562317728996277
1704,0.0,1.67923104763031,0.0,0.0,0.0,0.19470418989658356
1705,1.5771204233169556,0.0,0.0,0.0,0.0,-1.6716629266738892
1706,1.4145067930221558,0.0,0.0,0.0,0.0,0.24119068682193756
1707,0.0,1.0497515201568604,0.0,0.0,0.0,-2.2269134521484375
1708,0.0,0.9410107135772705,0.0,0.0,0.0,-2.8032870292663574
1709,0.0,0.6182146072387695,0.0,0.0,0.0,-0.14469483494758606
1710,0.0,1.0722326040267944,0.0,0.0,0.0,-2.7227752208709717
1711,0.0,1.4418209791183472,0.0,0.0,0.0,-1.6341650485992432
1712,0.0,0.9523057341575623,0.0,0.0,0.0,-2.941723108291626
1713,0.0,0.0,0.0,0.9039602875709534,0.0,1.1403377056121826
1714,1.5040956735610962,0.6081762313842773,0.0,1.5158718824386597,0.0,-3.3599421977996826
1715,0.0,0.0,0.0,1.5838556289672852,0.0,-2.823094129562378
1716,0.0,0.8922461867332458,0.0,0.0,0.0,-2.9789140224456787
1717,0.8172370791435242,0.3456418216228485,0.0,0.0,0.0,-0.3107054829597473
1718,0.0,1.065312385559082,0.0,0.0,0.0,-2.253715753555298
1719,0.0,1.561633586883545,0.0,0.0,0.0,-1.4378409385681152
1720,0.5042300224304199,0.0,0.0,0.0,0.0,2.886366605758667
1721,1.8490777015686035,0.0,0.0,0.0,0.0,-1.972367286682129
1722,0.0,0.6368190050125122,0.0,0.0,0.0,-2.213688611984253
1723,0.0,0.4060819149017334,0.0,0.0,0.0,-0.6960555911064148
1724,0.0,0.5564718842506409,0.0,0.0,0.0,-1.7361996173858643
1725,0.0,1.1324876546859741,0.0,0.0,0.0,-0.30424144864082336
1726,0.0,1.8750156164169312,0.0,0.0,0.0,-1.1983661651611328
1727,0.0,0.4968123137950897,0.0,0.0,0.0,-1.803715467453003
1728,0.0,0.8041460514068604,0.0,0.0,0.0,0.7987677454948425
1729,0.0,0.8965229988098145,0.0,0.0,0.0,-3.0243403911590576
1730,0.0,0.0,1.2754515409469604,0.0,0.0,-0.9087757468223572
1731,0.42081350088119507,0.14179010689258575,0.0,0.0,0.0,0.8102434873580933
1732,0.0,0.9331821203231812,0.0,0.0,0.0,-3.1773955821990967
1733,0.0,1.437766432762146,0.0,0.0,0.0,0.833584189414978
1734,0.3544580638408661,0.18322871625423431,0.28607404232025146,0.0,0.0,3.362902879714966
1735,0.0,0.0,0.0,0.5960830450057983,0.0,3.2123496532440186
1736,1.791744351387024,0.0,0.0,0.0,0.0,-1.6550266742706299
1737,0.0,1.4138777256011963,0.0,0.0,0.0,-1.5242335796356201
1738,0.0,0.2858084738254547,0.0,0.0,0.0,2.783195734024048
1739,0.0,0.0,1.7817375659942627,0.0,0.0,-2.8483798503875732
1740,1.5614553689956665,0.700495183467865,0.0,0.0,0.0,-3.1137948036193848
1741,0.0,0.22533810138702393,0.0,0.0,0.0,0.010147914290428162
1742,0.0,0.0,0.0,1.2775087356567383,0.0,-0.7389060258865356
1743,0.0,0.0,1.7231757640838623,0.0,0.0,-2.6170542240142822
1744,1.2917726039886475,0.0,0.0,0.0,0.0,0.39946895837783813
1745,0.0,0.9493207335472107,0.0,0.0,0.0,-2.7516860961914062
1746,0.40224575996398926,0.24571587145328522,0.32079532742500305,0.0,0.0,3.2270147800445557
1747,0.0,2.0846312046051025,0.0,0.0,0.0,0.9010050892829895
1748,0.0,0.0,1.7751370668411255,0.0,0.0,-2.7547061443328857
1749,0.0,1.099854588508606,0.0,0.0,0.0,-2.585401773452759
1750,0.0,0.517828643321991,0.0,0.0,0.0,2.5852909088134766
1751,0.0,0.4690309464931488,0.0,0.0,0.0,-0.8015114665031433
1752,0.0,0.5301976203918457,0.0,0.0,0.0,-1.7182331085205078
1753,0.0,0.6379725337028503,0.7267630696296692,0.8846621513366699,0.0,1.2120451927185059
1754,0.0,0.0,0.0,1.142662763595581,0.0,-0.10475252568721771
1755,0.0,1.4592857360839844,0.0,0.0,0.0,0.06601846218109131
1756,0.0,0.0,0.3619064688682556,0.0,0.0,3.261169672012329
1757,0.0,0.8227077722549438,1.6381540298461914,0.0,0.0,-2.573368787765503
1758,0.0,1.7083901166915894,0.0,0.0,0.0,0.9919999241828918
1759,0.0,0.5590541958808899,0.0,0.0,0.0,-1.9275603294372559
1760,0.0,1.367972493171692,0.0,0.0,0.0,-1.8507483005523682
1761,0.0,1.0334445238113403,0.0,0.0,0.0,-2.8017473220825195
1762,1.6514334678649902,0.0,0.0,0.0,0.0,-1.498982310295105
1763,1.865555763244629,0.0,0.0,0.0,0.0,-2.1907217502593994
1764,0.0,0.682806670665741,0.0,0.0,0.0,0.03519740700721741
1765,0.0,1.7827333211898804,0.0,0.0,0.0,-0.5313835144042969
1766,0.0,2.309128522872925,0.0,0.0,0.0,-0.27396976947784424
1767,0.0,0.48414555191993713,0.0,0.0,0.0,-0.3082916736602783
1768,1.7981743812561035,0.0,0.0,0.0,0.0,-1.200939655303955
1769,0.0,1.4409273862838745,0.0,0.0,0.0,-0.01482246071100235
1770,0.0,0.9488433003425598,0.0,0.0,0.0,-3.0990350246429443
1771,1.7425402402877808,0.0,0.0,0.0,0.0,-1.9742968082427979
1772,0.0,0.9418185353279114,0.0,0.0,0.0,-1.2442851066589355
1773,0.0,0.6692413091659546,0.0,0.0,0.0,0.506791889667511
1774,0.0,0.0,0.5399143099784851,0.0,0.0,1.773554801940918
1775,1.7589468955993652,0.0,0.0,0.0,0.0,-2.9160358905792236
1776,0.0,0.9968392252922058,0.0,0.0,0.0,-0.1266779899597168
1777,1.7019234895706177,0.0,0.0,0.0,0.0,-1.4453538656234741
1778,1.7771481275558472,0.0,0.0,0.0,0.0,-0.3926262855529785
1779,0.0,0.1583491414785385,0.0,0.0,0.0,0.47718697786331177
1780,0.0,0.22431667149066925,0.0,0.0,0.0,-0.5540547966957092
1781,0.0,0.5400347709655762,0.0,0.0,0.0,2.2773797512054443
1782,0.0,0.29432031512260437,0.0,0.0,0.0,1.5408997535705566
1783,0.0,0.9100176095962524,0.0,0.0,0.0,-2.864082098007202
1784,0.0,0.5071911215782166,0.0,0.0,0.0,1.1150932312011719
1785,0.0,1.0297855138778687,0.0,0.0,0.0,-3.0871920585632324
1786,0.0,0.9028676152229309,0.0,0.0,0.0,-2.8939664363861084
1787,0.0,0.8791478276252747,0.0,0.0,0.0,-3.7635934352874756
1788,0.0,1.3967117071151733,0.0,0.0,0.0,0.6229054927825928
1789,0.0,0.5937708020210266,0.0,0.0,0.0,-0.6096674799919128
1790,1.7883479595184326,0.0,0.0,0.0,0.0,-2.8595476150512695
1791,0.0,0.8077707886695862,0.0,0.0,0.0,-0.6679264903068542
1792,0.0,0.9554033279418945,0.0,0.0,0.0,-2.937899351119995
1793,0.0,0.5052782893180847,0.0,0.0,0.0,0.6642275452613831
1794,0.34031638503074646,0.14003044366836548,0.0,0.0,0.0,2.5549933910369873
1795,0.0,1.9132033586502075,0.0,0.0,0.0,0.1555105596780777
1796,0.0,0.0,1.6923986673355103,0.0,0.0,-2.4898507595062256
1797,0.0,1.7657451629638672,0.0,0.0,0.0,-1.230637788772583
1798,0.0,0.9438117742538452,0.0,0.0,0.0,-3.1174302101135254
1799,0.0,0.0,0.0,1.583767056465149,0.0,-2.8431899547576904
1800,1.1156127452850342,0.0,0.0,0.0,0.0,0.08211623132228851
1801,0.0,0.15752102434635162,0.0,0.0,0.0,1.4514741897583008
1802,0.0,0.959515392780304,0.0,0.0,0.0,-2.552976608276367
1803,0.0,0.6224047541618347,0.0,0.0,0.0,-1.2033400535583496
1804,0.46727365255355835,0.0,0.0,0.0,0.0,3.21419620513916
1805,0.0,0.20874936878681183,0.28665125370025635,0.0,0.0,3.431818962097168
1806,1.1000276803970337,0.0,0.0,0.0,0.0,1.5898332595825195
1807,0.36111924052238464,0.1579871028661728,0.0,0.0,0.0,2.4166393280029297
1808,1.4360953569412231,0.0,0.0,0.0,0.0,-0.5826538801193237
1809,0.0,0.0,0.0,1.0815249681472778,0.0,-0.279130220413208
1810,0.0,0.0,1.438109040260315,0.0,0.0,-1.4895012378692627
1811,1.882810115814209,0.0,0.0,0.0,0.0,-3.291834592819214
1812,1.7670655250549316,0.0,0.0,0.0,0.0,-2.6732938289642334
1813,0.0,1.0816563367843628,0.0,0.0,0.0,-2.4502151012420654
1814,0.0,0.1999574899673462,0.0,0.0,0.0,1.8061022758483887
1815,0.0,1.1615618467330933,0.0,0.0,0.0,0.545785129070282
1816,0.0,0.29435062408447266,0.0,0.0,0.0,2.9008307456970215
1817,0.0,1.7766367197036743,0.0,0.0,0.0,0.05826474726200104
1818,0.5840317010879517,0.0,0.0,0.0,0.0,0.011887632310390472
1819,0.0,0.9400808215141296,0.0,0.0,0.0,-3.5187571048736572
1820,0.0,0.0,0.0,1.1155598163604736,0.0,-0.7056524157524109
1821,0.0,0.29496103525161743,0.0,0.6268937587738037,0.0,2.4744584560394287
1822,0.0,0.18799567222595215,0.0,0.0,0.0,0.6889721751213074
1823,0.0,1.64434015750885,0.0,0.0,0.0,-1.7015655040740967
1824,0.0,0.9734158515930176,0.0,0.0,0.0,-2.9463422298431396
1825,0.0,1.6610252857208252,0.0,0.0,0.0,-0.7042168974876404
1826,0.0,0.945133626461029,0.0,0.0,0.0,-2.829317092895508
1827,0.3667661249637604,0.2146022915840149,0.0,0.0,0.0,3.4034817218780518
1828,0.0,0.0,1.0037832260131836,0.0,0.0,0.2192666083574295
1829,0.0,1.3924921751022339,0.0,0.0,0.0,-1.5912307500839233
1830,0.0,0.7640318870544434,0.0,0.0,0.0,1.6824076175689697
1831,0.0,0.7248361706733704,0.0,0.0,0.0,-0.48554080724716187
1832,0.0,1.8223512172698975,0.0,0.0,0.0,-0.8924115300178528
1833,0.0,0.9716839790344238,0.0,0.0,0.0,-2.7748820781707764
1834,0.0,1.4808300733566284,0.0,0.0,0.0,-1.6852649450302124
1835,1.1065847873687744,0.0,0.0,0.0,0.0,0.4203612208366394
1836,0.0,1.6653611660003662,0.0,0.0,0.0,-1.3806813955307007
1837,0.0,1.0561809539794922,0.0,0.0,0.0,0.2257075160741806
1838,0.0,0.9358916282653809,0.0,0.0,0.0,-2.8654255867004395
1839,0.0,0.8622810244560242,0.0,0.0,0.0,0.42542821168899536
1840,0.0,1.185474157333374,0.0,0.0,0.0,-0.515102744102478
1841,1.5586658716201782,0.0,1.3835567235946655,0.0,0.0,-1.3013222217559814
1842,0.7011702656745911,0.0,0.0,0.0,0.0,1.1028035879135132
1843,0.0,0.0,1.697898268699646,0.0,0.0,-2.5390546321868896
1844,0.0,0.23138557374477386,0.30978095531463623,0.0,0.0,3.3151185512542725
1845,1.466274380683899,0.0,0.0,0.0,0.0,-0.4397132992744446
1846,0.0,1.30540931224823,0.0,0.0,0.0,0.6848118901252747
1847,0.0,0.20871491730213165,0.0,0.0,0.0,2.25026798248291
1848,0.0,0.925473690032959,0.0,0.0,0.0,0.3613029718399048
1849,0.0,0.9472752809524536,0.0,0.0,0.0,-2.8839423656463623
1850,1.50919771194458,0.6332018375396729,0.0,1.514312505722046,0.0,-3.286318063735962
1851,0.0,0.0,0.0,1.1012457609176636,0.0,0.25745999813079834
1852,1.3091710805892944,0.0,0.0,0.0,0.0,-0.11375926434993744
1853,0.0,0.915427029132843,0.0,0.0,0.0,-2.9341318607330322
1854,0.0,0.6788196563720703,0.0,0.0,0.0,-1.0777767896652222
1855,0.0,1.491431713104248,0.0,0.0,0.0,-1.9271374940872192
1856,0.0,1.2104891538619995,0.0,0.0,0.0,0.2303531914949417
1857,0.0,0.4913371801376343,0.0,0.0,0.0,-0.5172827243804932
1858,0.0,1.377308964729309,0.0,0.0,0.0,-1.7921082973480225
1859,0.0,1.6412376165390015,0.0,0.0,0.0,-0.7271506190299988
1860,0.0,0.24495898187160492,0.0,0.0,0.0,3.111506938934326
1861,0.0,0.9925720691680908,0.0,0.0,0.0,-3.0270044803619385
1862,0.0,1.424175500869751,0.0,0.0,0.0,-1.5153766870498657
1863,0.0,1.41447913646698,0.0,0.0,0.0,-2.0528366565704346
1864,0.7662821412086487,0.32313665747642517,0.0,0.0,0.0,-0.22650673985481262
1865,0.0,0.2867955267429352,0.0,0.8622052073478699,0.0,0.1426178365945816
1866,0.0,0.8611157536506653,0.0,0.0,0.0,2.5280025005340576
1867,0.0,0.7278707027435303,0.0,0.0,0.0,-0.00910736620426178
1868,1.8243521451950073,0.0,0.0,0.0,0.0,-3.3097574710845947
1869,0.0,2.1173582077026367,0.0,0.0,0.0,-0.7901840806007385
1870,0.0,0.9707646369934082,0.0,0.0,0.0,-2.842317819595337
1871,0.0,0.0,0.0,1.0847370624542236,0.0,0.21576248109340668
1872,1.1728944778442383,0.0,0.0,0.0,0.0,-1.2914800643920898
1873,1.617348313331604,0.718973696231842,0.0,0.0,0.0,-3.368459939956665
1874,1.6100776195526123,1.1316810846328735,0.0,0.0,0.0,-1.216047763824463
1875,0.0,0.9925143718719482,0.0,0.0,0.0,-0.37536680698394775
1876,0.0,0.0,1.561598539352417,0.0,0.0,-2.0758352279663086
1877,0.0,0.0,1.6317100524902344,0.0,0.0,-2.2783448696136475
1878,0.9688101410865784,0.0,0.0,0.0,0.0,0.7333196997642517
1879,0.0,1.1617523431777954,0.0,0.0,0.0,-0.14305058121681213
1880,1.1010794639587402,0.0,0.0,0.0,0.0,-0.9052098393440247
1881,0.0,0.40385717153549194,0.0,0.0,0.0,2.6081535816192627
1882,0.0,1.1381555795669556,0.6891509890556335,0.0,0.0,2.1302504539489746
1883,0.0,0.0,0.0,1.4433995485305786,0.0,-1.8808205127716064
1884,0.0,0.4792368710041046,0.0,0.0,0.0,2.0797948837280273
1885,0.6067227125167847,0.2887195646762848,0.0,0.0,0.0,0.7088703513145447
1886,0.0,0.881795346736908,0.0,0.0,0.0,-2.971947431564331
1887,0.0,0.6091008186340332,0.0,0.0,0.0,-1.4129009246826172
1888,1.513193130493164,0.700859010219574,0.0,0.0,0.0,-2.831791639328003
1889,1.1155824661254883,0.5252370238304138,0.0,1.1480516195297241,0.0,-1.2284572124481201
1890,0.0,0.9552696347236633,0.0,0.0,0.0,-2.958900213241577
1891,0.0,0.26031532883644104,0.0,0.0,0.0,2.85233211517334
1892,0.0,0.47606033086776733,0.5186339616775513,0.7137608528137207,0.0,2.1857590675354004
1893,1.2706972360610962,0.0,0.0,0.0,0.0,-1.042447566986084
1894,0.0,0.0,0.0,1.1928741931915283,0.0,-0.7188379168510437
1895,0.0,2.463909149169922,0.0,0.0,0.0,-0.5800989866256714
1896,0.0,0.7998132109642029,1.6047513484954834,1.459079623222351,0.0,-2.4959423542022705
1897,1.7608246803283691,0.0,0.0,0.0,0.0,-2.813664674758911
1898,1.021570086479187,0.0,0.0,0.0,0.0,0.6417774558067322
1899,0.0,1.155704379081726,0.0,0.0,0.0,0.7477108836174011
1900,0.0,0.5650652647018433,0.0,0.0,0.0,-1.928261399269104
1901,0.0,0.8848812580108643,0.0,0.0,0.0,-0.9669516682624817
1902,0.0,1.4299391508102417,0.0,0.0,0.0,-1.5942103862762451
1903,1.8265511989593506,0.0,0.0,0.0,0.0,-3.1974360942840576
1904,0.0,0.396769255399704,0.0,0.0,0.0,-0.05821801722049713
1905,1.002646565437317,0.0,0.0,0.0,0.0,-0.13393741846084595
1906,0.9302866458892822,0.0,0.0,0.0,0.0,0.3661688566207886
1907,0.0,1.869477391242981,0.0,0.0,0.0,-1.3217039108276367
1908,1.3466956615447998,0.0,0.0,0.0,0.0,-0.9157370924949646
1909,0.0,0.8144474029541016,0.0,0.0,0.0,-0.8592795133590698
1910,1.5482137203216553,1.034874439239502,1.3814187049865723,0.0,0.0,-1.340404987335205
1911,0.0,2.2405800819396973,0.0,0.0,0.0,-0.9305862188339233
1912,0.0,0.0,1.6984691619873047,0.0,0.0,-2.468276262283325
1913,0.0,2.1156961917877197,0.0,0.0,0.0,0.5127553939819336
1914,0.0,0.9331274032592773,0.0,0.0,0.0,-3.0852572917938232
1915,0.0,0.913872480392456,0.0,0.0,0.0,-3.205899477005005
1916,0.0,0.1666552722454071,0.0,0.0,0.0,-0.0682879090309143
1917,0.0,1.2109715938568115,0.0,0.0,0.0,-1.3760161399841309
1918,0.0,0.6099292039871216,0.0,0.0,0.0,0.5252543687820435
1919,0.0,1.4993460178375244,0.0,0.0,0.0,1.077505350112915
1920,0.0,0.9441583156585693,0.0,0.0,0.0,-2.8599393367767334
1921,0.0,0.0,1.5691639184951782,0.0,0.0,-2.075856924057007
1922,0.0,0.0,0.3758428692817688,0.0,0.0,3.0738203525543213
1923,0.0,1.3604662418365479,0.0,0.0,0.0,-1.9867212772369385
1924,0.0,0.31409016251564026,0.0,0.0,0.0,-1.003664255142212
1925,0.0,1.02462637424469,0.0,0.0,0.0,-2.975066900253296
1926,0.0,0.9253383278846741,0.0,0.0,0.0,-3.0660388469696045
1927,0.0,0.9674821496009827,0.0,0.0,0.0,-2.9956724643707275
1928,0.0,0.9105464816093445,0.0,0.0,0.0,-2.718360185623169
1929,0.0,0.5029168128967285,0.0,0.0,0.0,0.2807497978210449
1930,0.0,0.0,0.0,1.6207654476165771,0.0,-3.0273244380950928
1931,0.0,0.9653237462043762,0.0,0.0,0.0,-2.8290956020355225
1932,0.0,1.0137147903442383,0.0,0.0,0.0,-2.7775440216064453
1933,0.0,0.5092519521713257,0.0,0.0,0.0,-1.2539470195770264
1934,0.0,1.2260046005249023,0.0,0.0,0.0,-0.44045019149780273
1935,0.0,0.7736753821372986,0.0,0.0,0.0,-2.0231988430023193
1936,0.0,0.7167782783508301,0.0,0.0,0.0,2.612851858139038
1937,0.0,0.0,0.0,1.6519994735717773,0.0,-3.1780550479888916
1938,1.8124762773513794,0.0,0.0,0.0,0.0,-3.097053289413452
1939,0.0,0.0,1.7131279706954956,0.0,0.0,-2.581653356552124
1940,0.0,0.22785653173923492,0.0,0.0,0.0,2.0824010372161865
1941,1.7386661767959595,0.0,0.0,0.0,0.0,-2.945812702178955
1942,0.0,1.095786690711975,0.0,0.0,0.0,0.6724837422370911
1943,1.35720956325531,0.0,0.0,0.0,0.0,0.12488391995429993
1944,0.0,0.26846233010292053,0.0,0.0,0.0,1.4435794353485107
1945,0.8357546925544739,0.0,0.7430045008659363,0.0,0.0,0.7430940270423889
1946,0.0,0.7126055359840393,0.0,0.0,0.0,-0.046145737171173096
1947,0.0,1.0890015363693237,0.0,0.0,0.0,-3.243210554122925
1948,0.0,0.44041579961776733,0.0,0.0,0.0,-1.579323649406433
1949,0.0,0.1697419434785843,0.0,0.0,0.0,-0.09000598639249802
1950,0.0,0.0,0.0,0.822238564491272,0.0,1.730652093887329
1951,0.0,0.0,1.158711552619934,0.0,0.0,-0.3796994686126709
1952,0.0,1.6672344207763672,0.0,0.0,0.0,-1.6026175022125244
1953,0.0,0.13687542080879211,0.0,0.0,0.0,0.0376671701669693
1954,0.0,0.9147555232048035,0.0,0.0,0.0,-2.8439769744873047
1955,0.0,0.0,0.4938356280326843,0.6766860485076904,0.0,1.5012109279632568
1956,0.0,0.0,1.1034868955612183,0.0,0.0,-0.38937199115753174
1957,0.0,1.54695725440979,0.0,0.0,0.0,-1.485317587852478
1958,0.5493955016136169,0.3802962005138397,0.0,0.0,0.0,2.68422794342041
1959,0.0,0.983683168888092,0.0,0.0,0.0,-0.9957898259162903
1960,1.7748115062713623,0.0,0.0,0.0,0.0,-3.194622755050659
1961,0.0,1.4450888633728027,0.0,0.0,0.0,-0.8100207448005676
1962,0.0,0.3577379584312439,0.0,0.0,0.0,-0.7083156704902649
1963,0.0,0.8681255578994751,0.0,0.0,0.0,-0.5122023224830627
1964,0.0,2.356656551361084,0.0,0.0,0.0,0.2235925942659378
1965,0.7722733020782471,0.3856281042098999,0.7617746591567993,0.0,0.0,0.2568961977958679
1966,0.0,1.299082636833191,0.0,0.0,0.0,-0.5159345269203186
1967,0.0,0.0,1.1432971954345703,0.0,0.0,-0.4710038900375366
1968,1.5498623847961426,0.7509568929672241,0.0,0.0,0.0,-2.759838819503784
1969,1.6608949899673462,1.2423405647277832,0.0,0.0,0.0,-0.9987484812736511
1970,0.0,0.9353855848312378,0.0,0.0,0.0,-2.842221975326538
1971,0.0,1.1720798015594482,0.0,0.0,0.0,0.33510297536849976
1972,0.0,0.0,1.1102524995803833,0.0,0.0,0.18226657807826996
1973,0.0,0.24017536640167236,0.0,0.0,0.0,3.1711034774780273
1974,0.0,0.0,0.0,0.84185391664505,0.0,1.2956280708312988
1975,0.0,0.2640593647956848,0.0,0.0,0.0,-0.3573724627494812
1976,0.0,0.9217796325683594,0.0,0.0,0.0,-2.9486234188079834
1977,0.0,0.7988150715827942,0.0,0.0,0.0,-1.3719139099121094
1978,0.40734732151031494,0.17885930836200714,0.42713218927383423,0.0,0.0,1.6392254829406738
1979,0.0,1.265279769897461,0.0,0.0,0.0,-0.4740039110183716
1980,0.0,1.2719736099243164,0.0,0.0,0.0,-1.358893871307373
1981,0.0,0.16021931171417236,0.0,0.0,0.0,-0.033141136169433594
1982,0.0,2.109795570373535,0.0,1.4085371494293213,0.0,-0.16815215349197388
1983,0.0,0.9321128726005554,0.0,0.0,0.0,-3.117257833480835
1984,0.0,0.9540995955467224,0.0,0.0,0.0,-2.755218744277954
1985,0.0,2.2842800617218018,0.0,0.0,0.0,0.39237987995147705
1986,1.8486363887786865,0.0,0.0,0.0,0.0,-3.6126859188079834
1987,0.0,1.669585943222046,0.0,0.0,0.0,-0.7993518114089966
1988,1.7470424175262451,0.0,0.0,0.0,0.0,-3.093505620956421
1989,0.9378436207771301,0.0,0.0,0.0,0.0,-0.9260406494140625
1990,0.0,0.8899168968200684,0.0,0.0,0.0,-3.087920904159546
1991,0.0,0.2528636157512665,0.0,0.0,0.0,-1.205840826034546
1992,0.0,0.26054590940475464,0.0,0.0,0.0,3.0957272052764893
1993,0.0,1.5305665731430054,0.0,0.0,0.0,-1.3315743207931519
1994,1.9324086904525757,0.0,0.0,0.0,0.0,-0.774679958820343
1995,0.0,1.0118792057037354,0.0,0.0,0.0,-2.8484814167022705
1996,0.0,0.9510282278060913,0.0,0.0,0.0,-2.817260980606079
1997,1.0479568243026733,0.0,0.0,0.0,0.0,-0.05682039260864258
1998,1.5369020700454712,0.0,0.0,0.0,0.0,-0.1766379326581955
1999,0.0,0.7941237688064575,0.0,0.0,0.0,0.828325629234314
2000,0.0,1.3466944694519043,0.0,0.0,0.0,-2.1713569164276123
2001,0.0,0.9488426446914673,0.0,0.0,0.0,-3.063340663909912
2002,0.0,2.0492351055145264,0.0,0.0,0.0,0.12155996263027191
2003,0.0,0.9195654392242432,0.0,0.0,0.0,-3.0136096477508545
2004,0.0,0.0,0.892499566078186,0.0,0.0,0.8860517144203186
2005,0.4689371585845947,0.0,0.0,0.0,0.0,2.9761087894439697
2006,0.0,0.6028125882148743,0.0,0.0,0.0,-0.1471158266067505
2007,0.0,1.264514684677124,0.0,0.0,0.0,0.6766712069511414
2008,1.7616747617721558,0.0,0.0,0.0,0.0,-3.031250238418579
2009,0.0,1.437793493270874,0.0,0.0,0.0,-1.8948869705200195
2010,1.576326608657837,0.0,0.0,0.0,0.0,-0.8193188309669495
2011,0.0,1.0068957805633545,0.0,0.0,0.0,-3.446382522583008
2012,0.0,0.7548664808273315,0.0,0.0,0.0,0.3051009774208069
2013,0.0,0.6558701395988464,1.0468940734863281,0.0,0.0,-0.5074783563613892
2014,0.4744188189506531,0.0,0.0,0.0,0.0,2.9947872161865234
2015,0.0,0.0,1.7129449844360352,0.0,0.0,-2.5861599445343018
2016,1.7701698541641235,0.0,0.0,0.0,0.0,-2.7648651599884033
2017,0.0,1.0247644186019897,0.0,0.0,0.0,-3.0694549083709717
2018,0.0,0.0,1.585215449333191,0.0,0.0,-2.122826099395752
2019,1.8569422960281372,0.0,0.0,0.0,0.0,-2.144184112548828
2020,1.0500788688659668,0.5392165780067444,0.0,0.0,0.0,-0.6144698262214661
2021,0.0,0.8623613715171814,0.0,0.0,0.0,-2.8904037475585938
2022,0.0,1.7880051136016846,0.0,0.0,0.0,0.6591580510139465
2023,0.8424758911132812,0.6008548736572266,0.0,0.0,0.0,1.3639005422592163
2024,0.8335338830947876,0.4485052824020386,0.0,0.0,0.0,0.34252792596817017
2025,0.0,0.9432656168937683,0.0,0.0,0.0,-2.728100061416626
2026,0.0,0.7295751571655273,0.0,0.0,0.0,1.169724941253662
2027,1.7967042922973633,0.0,0.0,0.0,0.0,-3.291109323501587
2028,0.0,0.0,1.2710493803024292,0.0,0.0,-0.8323713541030884
2029,0.0,0.0,1.770365595817566,0.0,0.0,-2.7875401973724365
2030,0.7832709550857544,0.0,0.0,0.0,0.0,0.6110143661499023
2031,1.7810434103012085,0.0,0.0,0.0,0.0,-3.0665981769561768
2032,0.0,1.3149034976959229,0.0,0.0,0.0,-1.9850095510482788
2033,0.0,0.1804792284965515,0.0,0.0,0.0,1.0667688846588135
2034,0.0,0.74876469373703,0.0,1.0699964761734009,0.0,0.008412674069404602
2035,0.6538165807723999,0.0,0.0,0.0,0.0,-0.2024717926979065
2036,1.8475537300109863,0.0,0.0,0.0,0.0,-1.8700852394104004
2037,0.0,0.21465758979320526,0.0,0.0,0.0,0.01848885416984558
2038,0.41183099150657654,0.0,0.31182125210762024,0.0,0.0,3.4945294857025146
2039,0.0,1.8113068342208862,0.0,0.0,0.0,-0.7544960975646973
2040,0.0,0.3594971299171448,0.0,0.0,0.0,1.321713924407959
2041,0.0,0.0,1.6447765827178955,0.0,0.0,-2.3135783672332764
2042,0.9767367839813232,0.0,0.0,0.0,0.0,0.39764970541000366
2043,0.0,0.942507803440094,0.0,0.0,0.0,-2.6188852787017822
2044,0.0,1.4138860702514648,0.0,0.0,0.0,-1.792461633682251
2045,0.0,1.2541687488555908,0.0,0.0,0.0,-1.2845277786254883
2046,0.0,0.6401246786117554,0.0,0.0,0.0,0.6211362481117249
2047,0.4735165238380432,0.0,0.37423136830329895,0.5992264151573181,0.0,2.964911699295044
2048,1.8035411834716797,0.0,0.0,0.0,0.0,-3.268655300140381
2049,1.2254245281219482,0.0,0.0,0.0,0.0,-1.0189164876937866
2050,1.3415780067443848,0.0,0.0,0.0,0.0,0.1618650108575821
2051,0.0,0.669251561164856,0.0,0.0,0.0,-1.6381397247314453
2052,0.0,0.8148989677429199,0.0,0.0,0.0,-0.8750037550926208
2053,0.0,0.5586878061294556,0.0,0.0,0.0,0.25725942850112915
2054,1.5624715089797974,0.6960371732711792,0.0,0.0,0.0,-3.1658365726470947
2055,1.7946546077728271,0.0,0.0,0.0,0.0,-3.210362195968628
2056,1.8067259788513184,0.0,0.0,0.0,0.0,-3.473893642425537
2057,0.0,0.3964745104312897,0.0,0.0,0.0,1.6440619230270386
2058,0.0,0.12764248251914978,0.0,0.0,0.0,0.7244626879692078
2059,0.0,0.9614318013191223,0.0,0.0,0.0,-3.254142999649048
2060,0.0,0.0,0.0,0.6101338863372803,0.0,3.012375593185425
2061,0.0,0.9333407282829285,0.0,0.0,0.0,-2.7742326259613037
2062,0.0,1.4771983623504639,0.0,0.0,0.0,-1.720444917678833
2063,0.0,0.8827202916145325,0.0,0.0,0.0,-2.9345545768737793
2064,0.0,1.0026609897613525,0.0,0.0,0.0,-2.9470438957214355
2065,0.0,0.9583005309104919,0.0,0.0,0.0,-3.4268076419830322
2066,0.0,0.15528090298175812,0.0,0.0,0.0,1.72706937789917
2067,0.0,0.9880385398864746,0.0,0.0,0.0,-2.5738048553466797
2068,0.0,1.3435783386230469,0.0,0.0,0.0,1.2688099145889282
2069,0.0,0.0,1.6320080757141113,0.0,0.0,-2.3240602016448975
2070,0.0,0.9430304169654846,0.0,0.0,0.0,-0.43741506338119507
2071,0.0,1.4571038484573364,0.0,0.0,0.0,-1.801374912261963
2072,0.0,1.652866244316101,0.0,0.0,0.0,-0.8352866768836975
2073,0.0,0.9307426810264587,0.0,0.0,0.0,-2.650059938430786
2074,0.0,1.241708517074585,0.0,0.0,0.0,-0.4430968761444092
2075,1.3608529567718506,0.0,0.0,0.0,0.0,-1.2659276723861694
2076,0.0,0.993364691734314,0.0,0.0,0.0,-2.9244537353515625
2077,0.0,1.0533652305603027,0.0,0.0,0.0,0.4249287247657776
2078,0.0,0.9636602401733398,0.0,0.0,0.0,1.6320507526397705
2079,0.0,1.5194274187088013,0.0,0.0,0.0,1.7058916091918945
2080,0.0,1.5006495714187622,0.0,0.0,0.0,-1.8798432350158691
2081,1.7519466876983643,0.0,0.0,0.0,0.0,-3.0183372497558594
2082,0.0,0.0,0.44927045702934265,0.0,0.0,1.7748968601226807
2083,0.0,0.4175945818424225,0.0,0.0,0.0,1.8408912420272827
2084,0.0,0.9049912691116333,0.0,0.0,0.0,-3.1009533405303955
2085,1.6653815507888794,1.4076569080352783,1.3113582134246826,0.0,0.0,-0.6167568564414978
2086,0.0,0.16345259547233582,0.0,0.0,0.0,0.9821712374687195
2087,0.0,0.19417794048786163,0.0,0.0,0.0,-0.585831880569458
2088,2.0979111194610596,0.0,0.0,0.0,0.0,-1.088848352432251
2089,0.0,0.7403210401535034,0.0,0.0,0.0,-0.5441176295280457
2090,0.0,2.380922794342041,0.0,0.0,0.0,-0.2340514063835144
2091,0.0,1.1981866359710693,0.0,0.0,0.0,-1.2425060272216797
2092,0.0,0.0,0.0,1.5692152976989746,0.0,-2.708709955215454
2093,0.7665823101997375,0.5558311939239502,0.0,0.0,0.0,1.7683719396591187
2094,0.0,0.0,1.111549973487854,0.0,0.0,-0.2863270044326782
2095,0.0,0.906499981880188,0.0,0.0,0.0,-3.1171605587005615
2096,0.0,0.19726289808750153,0.0,0.0,0.0,1.5656073093414307
2097,0.0,0.8980605006217957,0.0,0.0,0.0,-3.038898229598999
2098,1.8242543935775757,0.0,0.0,0.0,0.0,-1.1940125226974487
2099,0.0,0.2783753275871277,0.0,0.0,0.0,1.5623610019683838
2100,0.0,0.2547464072704315,0.0,0.0,0.0,-0.4812934994697571
2101,0.0,0.1447647511959076,0.0,0.0,0.0,0.7842441201210022
2102,0.0,1.0039161443710327,0.0,0.0,0.0,-3.1386497020721436
2103,0.0,0.9724282026290894,0.0,0.0,0.0,-2.8871190547943115
2104,0.9123015999794006,0.0,0.0,0.0,0.0,1.235610842704773
2105,0.0,0.0,0.0,1.3452078104019165,0.0,-1.8102550506591797
2106,1.5983574390411377,0.0,0.0,0.0,0.0,-1.2759844064712524
2107,0.0,0.5910671949386597,0.0,0.0,0.0,-0.12885716557502747
2108,0.0,0.0,0.0,1.2957695722579956,0.0,-0.796013355255127
2109,0.0,0.8994244337081909,0.0,0.0,0.0,-0.4507412910461426
2110,1.801444172859192,0.0,0.0,0.0,0.0,-3.2002038955688477
2111,1.352774739265442,0.0,0.0,0.0,0.0,0.07025861740112305
2112,0.0,0.0,0.0,0.7272021174430847,0.0,1.9268834590911865
2113,0.0,1.1167247295379639,0.0,0.0,0.0,-0.8991187214851379
2114,0.0,0.46185874938964844,0.0,0.0,0.0,1.0075709819793701
2115,0.0,0.9344369173049927,0.0,0.0,0.0,-3.190929651260376
2116,1.7343604564666748,0.0,0.0,0.0,0.0,-2.8690545558929443
2117,0.7661095857620239,0.0,0.0,0.0,0.0,1.1430583000183105
2118,0.5689778923988342,0.0,0.0,0.0,0.0,2.2998766899108887
2119,0.0,0.28925201296806335,0.0,0.0,0.0,-1.0265090465545654
2120,1.7426291704177856,0.0,0.0,0.0,0.0,-3.238449811935425
2121,1.9644988775253296,0.0,0.0,0.0,0.0,-0.3053458333015442
2122,0.0,1.3307361602783203,0.0,0.0,0.0,0.2006169706583023
2123,0.0,1.733159065246582,0.0,0.0,0.0,-0.2904245853424072
2124,1.4934704303741455,1.4274446964263916,0.0,0.0,0.0,0.4945787787437439
2125,1.9202401638031006,0.0,0.0,0.0,0.0,-0.06402048468589783
2126,0.32576897740364075,0.16645026206970215,0.2575932443141937,0.0,0.0,3.632822036743164
2127,0.0,0.0,0.0,1.571472406387329,0.0,-2.7642130851745605
2128,0.8201934695243835,0.0,0.0,0.0,0.0,0.3781193494796753
2129,0.0,0.8780906796455383,0.0,0.0,0.0,-0.9351857304573059
2130,0.0,0.33344677090644836,0.0,0.0,0.0,0.8446728587150574
2131,0.0,0.2260969877243042,0.0,0.0,0.0,0.9146665930747986
2132,1.5784980058670044,1.1569677591323853,0.0,0.0,0.0,-1.0635358095169067
2133,1.6599024534225464,0.0,0.0,0.0,0.0,0.04321776330471039
2134,0.0,0.0,0.0,0.5996370911598206,0.0,3.076096296310425
2135,1.7356984615325928,0.0,0.0,0.0,0.0,-1.5400526523590088
2136,0.0,0.9702213406562805,0.0,0.0,0.0,-2.4718666076660156
2137,0.7831411957740784,0.3885038197040558,0.0,0.0,0.0,0.38151901960372925
2138,0.0,1.4248762130737305,0.0,0.0,0.0,-2.157538414001465
2139,0.0,1.0799920558929443,0.0,0.0,0.0,-2.917135238647461
2140,0.0,0.9055438041687012,0.0,0.0,0.0,-2.980886697769165
2141,0.5978099703788757,0.2552148103713989,0.0,0.0,0.0,0.7068958878517151
2142,0.0,1.0500624179840088,0.0,0.0,0.0,1.588443636894226
2143,0.0,0.0,0.6705923080444336,0.0,0.0,1.4835420846939087
2144,0.0,1.010946273803711,0.0,0.0,0.0,-1.9087345600128174
2145,1.260799765586853,0.7332640290260315,0.0,0.0,0.0,-1.029586911201477
2146,0.0,1.3737175464630127,0.0,0.0,0.0,-1.4883568286895752
2147,0.0,0.21727614104747772,0.0,0.0,0.0,2.159067153930664
2148,0.0,0.9689526557922363,0.0,0.0,0.0,-2.8589255809783936
2149,0.0,0.8611301183700562,0.0,0.0,0.0,-0.915507972240448
2150,1.6076524257659912,1.0200624465942383,0.0,0.0,0.0,-1.7522625923156738
2151,0.0,0.0,1.1662373542785645,0.0,0.0,-1.1069310903549194
2152,1.8150972127914429,0.0,0.0,0.0,0.0,-3.2056725025177
2153,0.0,0.9213288426399231,0.0,0.0,0.0,-2.982182741165161
2154,0.0,0.75141441822052,0.0,0.0,0.0,-0.17017650604248047
2155,0.0,0.2757812440395355,0.0,0.0,0.0,0.4211220145225525
2156,1.7173916101455688,0.0,0.0,0.0,0.0,-2.7754623889923096
2157,0.0,1.8581644296646118,0.0,0.0,0.0,0.9244388937950134
2158,1.43551766872406,0.0,0.0,0.0,0.0,-1.5500519275665283
2159,0.0,1.8315807580947876,0.0,0.0,0.0,-1.5365805625915527
2160,0.0,0.9507089853286743,0.0,0.0,0.0,-3.1463911533355713
2161,0.0,0.9970241189002991,0.0,0.0,0.0,-3.319505453109741
2162,1.6471832990646362,0.0,1.6743286848068237,0.0,0.0,-2.5728049278259277
2163,0.63863605260849,0.27951520681381226,0.0,0.0,0.0,0.7934346199035645
2164,1.8030632734298706,0.0,0.0,0.0,0.0,-2.9669651985168457
2165,0.0,0.9831922650337219,0.0,0.0,0.0,-3.201458692550659
2166,1.7513030767440796,0.0,0.0,0.0,0.0,-2.9675395488739014
2167,1.7568581104278564,0.0,0.0,0.0,0.0,-2.7508933544158936
2168,0.0,0.9671874046325684,0.0,0.0,0.0,-2.910921335220337
2169,0.0,0.9695035815238953,0.0,0.0,0.0,-3.443817377090454
2170,1.8250361680984497,0.0,0.0,0.0,0.0,-0.7300388216972351
2171,0.0,0.8538011312484741,0.0,0.0,0.0,2.474858522415161
2172,1.8606724739074707,0.0,0.0,0.0,0.0,-1.9562513828277588
2173,1.7961534261703491,0.0,0.0,0.0,0.0,-3.0607516765594482
2174,0.0,0.0,1.198265790939331,0.0,0.0,-0.32055819034576416
2175,0.0,0.0,0.9395766258239746,0.0,0.0,-0.37340104579925537
2176,0.0,0.0,1.654175877571106,0.0,0.0,-2.367316484451294
2177,0.0,0.0,0.0,1.6424119472503662,0.0,-3.1182947158813477
2178,0.0,0.0,0.0,1.5191688537597656,0.0,-2.40346097946167
2179,0.0,1.3473749160766602,0.0,0.0,0.0,-2.6351823806762695
2180,1.7820794582366943,0.0,0.0,0.0,0.0,-2.8987627029418945
2181,0.0,0.0,0.8612108826637268,0.0,0.0,0.5046956539154053
2182,0.0,1.0109604597091675,0.0,0.0,0.0,-2.927569627761841
2183,0.0,0.2460145652294159,0.0,0.0,0.0,3.327103853225708
2184,0.0,0.0,1.754930853843689,0.0,0.0,-2.719970226287842
2185,0.0,1.8990020751953125,0.0,0.0,0.0,0.2489376813173294
2186,0.0,1.4288846254348755,0.0,0.0,0.0,-1.929715633392334
2187,0.0,0.907649040222168,0.0,0.0,0.0,-2.8214902877807617
2188,0.3791161775588989,0.17127923667430878,0.0,0.0,0.0,2.1699931621551514
2189,1.3603169918060303,0.0,0.0,0.0,0.0,-0.4651886820793152
2190,0.0,1.655747890472412,0.0,0.0,0.0,-1.353085994720459
2191,0.0,0.9077668786048889,0.0,0.0,0.0,-3.400851249694824
2192,1.5828105211257935,0.7000735402107239,0.0,0.0,0.0,-3.2810966968536377
2193,0.0,1.4396235942840576,0.0,0.0,0.0,-1.5528978109359741
2194,0.0,0.18234822154045105,0.5226684808731079,0.0,0.0,1.0780818462371826
2195,0.0,0.9649977684020996,0.0,0.0,0.0,-3.310741662979126
2196,0.0,1.378540277481079,0.0,0.0,0.0,-2.243732213973999
2197,0.0,1.040812611579895,0.0,0.0,0.0,-1.064579725265503
2198,1.7954857349395752,0.0,0.0,0.0,0.0,-3.201244592666626
2199,0.5270134210586548,0.15892040729522705,0.0,0.0,0.0,-0.4909857511520386
2200,0.0,1.8804067373275757,0.0,0.0,0.0,-0.9673775434494019
2201,0.0,0.961052417755127,0.0,0.0,0.0,-2.7315022945404053
2202,0.0,0.0,0.701134979724884,0.0,0.0,1.0935255289077759
2203,0.0,0.7609213590621948,0.0,0.0,0.0,-1.193906307220459
2204,1.268031120300293,0.0,0.0,0.0,0.0,0.43228667974472046
2205,0.9530980587005615,0.0,0.0,0.0,0.0,0.9371426701545715
2206,0.0,0.9474720358848572,0.0,0.0,0.0,-2.8028652667999268
2207,0.0,0.6732754707336426,0.0,0.0,0.0,-0.23922641575336456
2208,1.6479970216751099,0.0,0.0,0.0,0.0,-1.6407171487808228
2209,0.0,0.0,0.7471976280212402,0.0,0.0,0.5209113955497742
2210,0.0,0.0,0.0,0.9464430809020996,0.0,0.9806272387504578
2211,0.9185985326766968,0.0,0.0,0.0,0.0,1.0466805696487427
2212,0.0,1.3125121593475342,0.0,0.0,0.0,-2.634478807449341
2213,0.0,0.926195502281189,0.0,0.0,0.0,-3.364337682723999
2214,0.0,1.6266076564788818,0.0,0.0,0.0,-0.7422700524330139
2215,1.7835816144943237,0.0,0.0,0.0,0.0,-1.5565285682678223
2216,0.0,0.5227564573287964,0.0,0.0,0.0,-0.22435221076011658
2217,0.0,1.2901418209075928,0.0,0.0,0.0,-1.8632872104644775
2218,1.519792914390564,0.8090097904205322,0.0,1.4119079113006592,0.0,-2.2157609462738037
2219,0.0,0.0,0.0,0.8467177748680115,0.0,1.1132081747055054
2220,0.0,0.30154672265052795,0.0,0.0,0.0,-1.4536397457122803
2221,0.0,0.0,1.0151147842407227,0.0,0.0,-0.3516201972961426
2222,0.0,0.24860860407352448,0.0,0.0,0.0,1.6405330896377563
2223,0.0,1.0150471925735474,0.0,0.0,0.0,-0.8836520910263062
2224,0.0,0.34395337104797363,0.6646769046783447,0.8133812546730042,0.0,0.7307604551315308
2225,0.0,0.0,1.116804838180542,0.0,0.0,-0.33045700192451477
2226,0.0,1.664507508277893,0.0,0.0,0.0,-0.7011604905128479
2227,0.719529926776886,0.0,0.0,0.0,0.0,2.0097124576568604
2228,1.5294705629348755,0.6379478573799133,0.0,1.5213056802749634,0.0,-3.3292863368988037
2229,1.8557595014572144,0.0,0.0,0.0,0.0,-3.440199375152588
2230,1.7325156927108765,0.0,0.0,0.0,0.0,-1.700371503829956
2231,0.0,0.0,1.6807115077972412,0.0,0.0,-2.485729217529297
2232,0.0,0.7662201523780823,1.5972607135772705,1.4497883319854736,0.0,-2.5209057331085205
2233,1.4514213800430298,0.0,0.0,0.0,0.0,-0.4111076593399048
2234,1.6640422344207764,0.0,0.0,0.0,0.0,-2.0995047092437744
2235,1.449675440788269,0.0,0.0,0.0,0.0,-1.6106255054473877
2236,0.0,0.1809721291065216,0.0,0.0,0.0,1.2971453666687012
2237,0.0,0.9418267011642456,0.0,0.0,0.0,-2.654918670654297
2238,1.777464509010315,0.0,0.0,0.0,0.0,-2.8755109310150146
2239,0.0,0.0,0.0,1.6301816701889038,0.0,-3.1023125648498535
2240,0.0,1.0332766771316528,0.0,0.0,0.0,-0.2029728889465332
2241,0.0,1.3125009536743164,0.0,1.0281949043273926,0.0,1.3091366291046143
2242,0.0,0.9883909821510315,0.0,0.0,0.0,-1.6944465637207031
2243,0.0,0.40310320258140564,0.0,0.0,0.0,-0.8485178351402283
2244,1.8652466535568237,0.0,0.0,0.0,0.0,-3.510786533355713
2245,0.0,0.0,1.6010912656784058,0.0,0.0,-2.2119038105010986
2246,0.0,1.5505475997924805,0.0,0.0,0.0,-1.6481093168258667
2247,1.8340113162994385,0.0,0.0,0.0,0.0,-1.2180025577545166
2248,0.0,0.9376848936080933,0.0,0.0,0.0,-1.1545915603637695
2249,1.7370229959487915,0.0,0.0,0.0,0.0,-3.0329020023345947
2250,0.0,1.6548254489898682,0.0,0.0,0.0,-0.5028898119926453
2251,0.0,0.9273971915245056,0.0,0.0,0.0,-1.9248762130737305
2252,0.0,0.0,0.0,1.3622385263442993,0.0,-1.5420812368392944
2253,0.0,0.9477058053016663,0.0,0.0,0.0,-3.3297390937805176
2254,0.0,0.1513340026140213,0.0,0.0,0.0,0.33302420377731323
2255,1.7894529104232788,0.0,0.0,0.0,0.0,-1.001010775566101
2256,0.0,0.2379060685634613,0.0,0.0,0.0,0.8166753649711609
2257,0.0,0.8157273530960083,0.0,0.0,0.0,2.3727757930755615
2258,0.37666141986846924,0.16157479584217072,0.0,0.0,0.0,2.239835023880005
2259,0.0,0.9734992980957031,0.0,0.0,0.0,-2.8283016681671143
2260,1.7982442378997803,0.0,0.0,0.0,0.0,-3.418938398361206
2261,0.0,0.9354327321052551,0.0,0.0,0.0,-3.1842586994171143
2262,0.0,1.0254387855529785,0.0,0.0,0.0,-3.0312445163726807
2263,0.0,0.0,0.8821181058883667,0.0,0.0,-0.1647351235151291
2264,0.0,0.27766168117523193,0.0,0.0,0.0,0.6514793038368225
2265,0.0,0.5401398539543152,0.0,0.0,0.0,0.016680151224136353
2266,0.0,0.5411952137947083,0.0,0.0,0.0,-0.3281198740005493
2267,0.0,0.483843594789505,0.0,0.0,0.0,-1.5846238136291504
2268,0.0,1.5912179946899414,0.0,0.0,0.0,-1.9732078313827515
2269,0.0,0.9557970762252808,0.0,0.0,0.0,-3.3288562297821045
2270,0.0,0.2784152328968048,0.0,0.0,0.0,2.9213509559631348
2271,1.2175039052963257,1.2299124002456665,0.0,0.0,0.0,1.4884320497512817
2272,0.0,0.16999799013137817,0.0,0.0,0.0,1.5101994276046753
2273,1.7844364643096924,0.0,0.0,0.0,0.0,-0.3100545108318329
2274,0.0,0.0,1.1171287298202515,0.0,0.0,-0.685433566570282
2275,1.8439202308654785,0.0,0.0,0.0,0.0,-2.981032133102417
2276,0.0,0.5249391198158264,0.0,0.0,0.0,0.08442553877830505
2277,0.0,1.6152124404907227,0.0,0.0,0.0,-1.6546845436096191
2278,0.0,2.3852806091308594,0.0,0.0,0.0,-0.16193534433841705
2279,0.0,0.6304923892021179,0.0,0.0,0.0,0.4488235116004944
2280,0.0,1.4100689888000488,0.0,0.0,0.0,-0.7084519267082214
2281,1.5180275440216064,0.0,0.0,1.2415443658828735,0.0,-0.33705371618270874
2282,1.7693161964416504,0.0,0.0,0.0,0.0,-2.7590291500091553
2283,1.7960190773010254,0.0,0.0,0.0,0.0,-3.2670013904571533
2284,0.0,0.9784682393074036,0.0,0.0,0.0,-3.049154043197632
2285,0.0,1.0162733793258667,0.0,0.0,0.0,-3.1080870628356934
2286,0.0,0.7390586733818054,0.0,0.0,0.0,-0.2838577330112457
2287,0.0,0.8795115947723389,0.0,0.0,0.0,-0.7891411185264587
2288,0.0,1.329820990562439,0.0,0.0,0.0,-2.0491738319396973
2289,0.0,0.8920347690582275,0.0,0.0,0.0,1.1431766748428345
2290,1.7730512619018555,0.0,0.0,0.0,0.0,-2.9903457164764404
2291,0.8974844217300415,0.0,0.0,0.0,0.0,0.5210392475128174
2292,0.7874897718429565,0.0,0.0,0.0,0.0,0.21215657889842987
2293,0.0,0.4421301484107971,0.0,0.0,0.0,0.9378017783164978
2294,1.3260419368743896,0.0,0.0,0.0,0.0,-2.113738775253296
2295,0.0,0.8137542605400085,1.7339726686477661,0.0,0.0,-2.953960657119751
2296,0.0,1.5131521224975586,0.0,0.0,0.0,-1.9426363706588745
2297,0.0,1.0397905111312866,0.0,0.0,0.0,0.47218114137649536
2298,0.0,1.4854382276535034,0.0,0.0,0.0,1.252734661102295
2299,0.0,0.0,1.6369982957839966,0.0,0.0,-2.2943308353424072
2300,1.4941986799240112,0.0,0.0,0.0,0.0,-0.07865788042545319
2301,0.0,1.886966347694397,0.0,0.0,0.0,-1.5310766696929932
2302,0.0,0.9075595736503601,0.0,0.0,0.0,-3.2998924255371094
2303,0.0,1.4399830102920532,0.0,0.0,0.0,-1.841436743736267
2304,0.0,0.5253492593765259,0.0,0.0,0.0,-1.9323804378509521
2305,0.0,1.545706033706665,0.0,0.0,0.0,-1.629854440689087
2306,0.0,0.961574375629425,0.0,0.0,0.0,-2.965238571166992
2307,0.0,0.9420991539955139,0.0,0.0,0.0,-0.7779091000556946
2308,0.6783448457717896,0.2878402769565582,0.0,0.0,0.0,0.1623557060956955
2309,2.0569570064544678,2.048516035079956,0.0,0.0,0.0,-0.6035780906677246
2310,0.0,0.934975802898407,0.0,0.0,0.0,-1.1129413843154907
2311,1.3080554008483887,0.0,0.0,0.0,0.0,0.18603231012821198
2312,0.0,1.1679186820983887,0.0,0.0,0.0,0.1843104511499405
2313,1.759940266609192,0.0,0.0,0.0,0.0,-3.0912692546844482
2314,0.0,0.0,1.2487033605575562,0.0,0.0,-0.6794030666351318
2315,1.29286789894104,0.0,0.0,0.0,0.0,0.540070652961731
2316,0.0,0.9415261745452881,0.0,0.0,0.0,-3.100332498550415
2317,1.3768619298934937,0.0,0.0,0.0,0.0,-1.6207771301269531
2318,1.7794122695922852,0.0,0.0,0.0,0.0,-1.7960261106491089
2319,0.0,0.0,0.0,1.1310298442840576,0.0,-0.4127840995788574
2320,0.0,0.22743993997573853,0.0,0.0,0.0,1.1868152618408203
2321,0.0,1.3471661806106567,0.0,0.0,0.0,-1.839311122894287
2322,0.0,0.0,0.0,1.3757294416427612,0.0,-1.4143202304840088
2323,1.7431769371032715,0.0,0.0,0.0,0.0,-2.9444057941436768
2324,1.7182211875915527,0.0,0.0,0.0,0.0,-2.6842448711395264
2325,0.0,1.437190294265747,0.0,0.0,0.0,-2.1005470752716064
2326,0.0,1.8763221502304077,0.0,0.0,0.0,-1.4262826442718506
2327,0.0,0.2704799175262451,0.0,0.0,0.0,-0.2627832889556885
2328,1.7460578680038452,0.0,0.0,0.0,0.0,-2.906303644180298
2329,0.0,0.9990233182907104,0.0,0.0,0.0,-2.6428165435791016
2330,1.943748116493225,0.0,0.0,0.0,0.0,-2.3122198581695557
2331,0.0,0.24110941588878632,0.0,0.0,0.0,3.1642098426818848
2332,0.0,1.4269882440567017,0.0,0.0,0.0,-1.6424369812011719
2333,0.0,0.4313424229621887,0.0,0.0,0.0,-1.7075188159942627
2334,0.0,2.1857118606567383,0.0,0.0,0.0,-0.015879347920417786
2335,0.0,0.0,0.8137671947479248,0.0,0.0,0.5628525614738464
2336,0.0,1.3135526180267334,0.0,0.0,0.0,0.14714859426021576
2337,1.6844158172607422,0.0,0.0,0.0,0.0,-0.19426271319389343
2338,0.0,1.047013282775879,1.2030260562896729,1.2352100610733032,0.0,-0.591766357421875
2339,0.0,0.9862422943115234,0.0,0.0,0.0,-2.900268793106079
2340,0.0,2.147815465927124,0.0,0.0,0.0,0.2713268995285034
2341,0.0,1.0185600519180298,0.0,0.0,0.0,-3.2965567111968994
2342,1.8268808126449585,0.0,0.0,0.0,0.0,-0.46008074283599854
2343,0.0,1.05159592628479,0.0,0.0,0.0,-2.3177883625030518
2344,1.055070161819458,0.0,0.0,0.0,0.0,1.1075656414031982
2345,0.0,0.8863124251365662,0.0,0.0,0.0,-2.9439783096313477
2346,1.3901616334915161,1.1985784769058228,1.0459566116333008,0.0,0.0,0.3838268518447876
2347,0.0,1.0360959768295288,0.0,0.0,0.0,1.047620177268982
2348,0.0,1.088394045829773,0.0,0.0,0.0,1.6939671039581299
2349,0.4265384376049042,0.0,0.0,0.0,0.0,1.3526993989944458
2350,0.40688851475715637,0.23037908971309662,0.0,0.0,0.0,3.0024664402008057
2351,1.734603762626648,0.0,0.0,0.0,0.0,-2.6129298210144043
2352,0.0,0.9454389810562134,0.0,0.0,0.0,-2.987192392349243
2353,0.0,0.0,0.0,1.4914498329162598,0.0,-2.1771185398101807
2354,0.0,0.9962806701660156,0.0,0.0,0.0,-2.7685790061950684
2355,0.0,1.8387821912765503,0.0,0.0,0.0,1.0953162908554077
2356,0.0,1.1981719732284546,0.0,0.0,0.0,-1.6556363105773926
2357,0.0,0.0,1.6035168170928955,0.0,0.0,-2.1752378940582275
2358,1.6781706809997559,1.2057437896728516,0.0,1.414246678352356,0.0,-1.4788837432861328
2359,0.48605966567993164,0.0,0.0,0.0,0.0,1.7068274021148682
2360,0.5551357269287109,0.35162460803985596,0.0,0.6825725436210632,0.0,1.9472525119781494
2361,0.0,0.0,0.0,1.2437961101531982,0.0,-1.2394646406173706
2362,1.2441340684890747,0.0,0.0,0.0,0.0,-1.708445429801941
2363,0.0,0.9424638748168945,0.0,0.0,0.0,-2.820443868637085
2364,0.0,0.46358340978622437,0.0,0.0,0.0,2.090070962905884
2365,0.0,1.1013818979263306,0.0,0.0,0.0,1.4188289642333984
2366,0.0,1.1444965600967407,0.0,0.0,0.0,2.19732666015625
2367,0.0,0.0,0.9810571670532227,0.0,0.0,-0.07605104148387909
2368,0.3856784701347351,0.21520724892616272,0.0,0.0,0.0,3.1254513263702393
2369,0.0,0.0,1.286757469177246,0.0,0.0,-1.2568745613098145
2370,0.0,0.9779946804046631,0.0,0.0,0.0,-3.0334103107452393
2371,0.0,0.3428329527378082,0.0,0.0,0.0,-1.7054297924041748
2372,0.37041690945625305,0.2145945131778717,0.0,0.0,0.0,3.2876195907592773
2373,1.664509892463684,0.0,0.0,0.0,0.0,-2.595360040664673
2374,0.0,0.7578762173652649,0.0,0.0,0.0,-0.6366487145423889
2375,0.0,1.0208889245986938,0.0,0.0,0.0,-2.9452431201934814
2376,1.783160924911499,0.0,0.0,0.0,0.0,-3.1250131130218506
2377,0.0,1.0460838079452515,0.0,0.0,0.0,-3.0092082023620605
2378,0.0,0.9731956720352173,0.0,1.5497570037841797,0.0,-2.7740166187286377
2379,0.0,1.6206858158111572,0.0,0.0,0.0,-0.6841885447502136
2380,0.0,0.5037235021591187,0.0,0.0,0.0,0.09311072528362274
2381,0.0,0.9830708503723145,0.0,0.0,0.0,-2.691657304763794
2382,0.0,1.3401274681091309,0.0,0.0,0.0,-2.2773139476776123
2383,0.0,0.9150540828704834,0.0,0.0,0.0,-2.8786630630493164
2384,0.0,0.619043231010437,0.0,0.0,0.0,-1.5536116361618042
2385,0.0,1.81942617893219,0.0,0.0,0.0,-0.9357854723930359
2386,0.0,1.894329309463501,0.0,0.0,0.0,-1.046944499015808
2387,0.0,0.0,0.0,1.604077696800232,0.0,-2.9399924278259277
2388,0.0,0.7810611724853516,0.0,0.0,0.0,0.15143771469593048
2389,0.0,0.9606888294219971,0.0,0.0,0.0,-2.962062358856201
2390,0.0,0.9896807670593262,0.0,0.0,0.0,-3.0163638591766357
2391,0.0,0.6192386150360107,0.0,0.0,0.0,1.039363145828247
2392,0.0,0.9355091452598572,0.0,0.0,0.0,2.2098522186279297
2393,0.0,0.7217202186584473,0.0,0.0,0.0,-0.12622325122356415
2394,0.0,0.20761321485042572,0.0,0.0,0.0,-0.23501817882061005
2395,0.0,0.0,0.0,1.5502065420150757,0.0,-2.6730668544769287
2396,0.0,1.073332667350769,0.0,0.0,0.0,0.8006021976470947
2397,1.9643837213516235,0.0,0.0,0.0,0.0,-0.5684359073638916
2398,0.0,0.9956469535827637,0.0,0.0,0.0,-3.532031297683716
2399,1.2795268297195435,0.0,0.0,0.0,0.0,-0.445406436920166
2400,1.807257890701294,0.0,0.0,0.0,0.0,-1.9359395503997803
2401,0.0,0.7904428243637085,0.0,0.0,0.0,-0.298179030418396
2402,0.0,0.27118080854415894,0.0,0.0,0.0,2.8931467533111572
2403,0.0,0.9741248488426208,0.0,0.0,0.0,-2.7629406452178955
2404,0.0,0.43749964237213135,0.0,0.0,0.0,-0.8795300722122192
2405,0.0,1.5717476606369019,0.0,0.0,0.0,0.7476786971092224
2406,0.0,1.0355677604675293,0.0,0.0,0.0,-2.686612367630005
2407,0.0,0.29780253767967224,0.0,0.0,0.0,-0.4628075361251831
2408,0.0,0.9853278398513794,0.0,0.0,0.0,-2.7078211307525635
2409,0.0,0.9290489554405212,0.0,0.0,0.0,-3.087480306625366
2410,0.0,1.0583218336105347,0.0,0.0,0.0,-2.523259401321411
2411,1.494978666305542,0.0,0.0,0.0,0.0,-0.07923348248004913
2412,0.0,0.9519906044006348,0.0,0.0,0.0,-3.058473825454712
2413,1.6972436904907227,0.0,0.0,0.0,0.0,-0.19213414192199707
2414,0.0,0.656595766544342,0.0,0.0,0.0,-2.0662713050842285
2415,0.0,0.0,1.6795419454574585,0.0,0.0,-2.4760632514953613
2416,0.0,0.0,0.0,0.6880168914794922,0.0,2.1361348628997803
2417,0.918136477470398,0.0,0.0,0.0,0.0,0.6814358830451965
2418,0.0,0.2356744110584259,0.0,0.5312085747718811,0.0,3.4084765911102295
2419,1.447830319404602,0.0,0.0,0.0,0.0,-0.8535685539245605
2420,1.709462285041809,0.0,0.0,1.5993714332580566,0.0,-3.262542963027954
2421,0.0,0.0,1.6661016941070557,0.0,0.0,-2.396409034729004
2422,0.516115665435791,0.2520751953125,0.0,0.0,0.0,1.57365083694458
2423,0.0,0.0,1.2723251581192017,0.0,0.0,-1.4543750286102295
2424,0.0,0.9698143601417542,0.0,0.0,0.0,-2.880704641342163
2425,0.0,1.76821768283844,0.0,0.0,0.0,-0.8457022905349731
2426,0.7358205914497375,0.5801295042037964,0.0,0.0,0.0,2.117816925048828
2427,0.0,1.097307801246643,0.0,0.0,0.0,-2.88765549659729
2428,0.0,1.6196913719177246,0.0,0.0,0.0,-1.5063141584396362
2429,0.4523608088493347,0.0,0.0,0.0,0.0,1.3708040714263916
2430,0.0,1.387465238571167,0.0,0.0,0.0,-2.020488977432251
2431,0.0,0.424609512090683,0.0,0.0,0.0,1.7471034526824951
2432,0.0,0.0,0.7975232005119324,0.0,0.0,0.8748008608818054
2433,0.0,0.1378576010465622,0.0,0.0,0.0,-0.06574206799268723
2434,0.0,0.34794819355010986,0.0,0.0,0.0,-1.4546846151351929
2435,0.0,0.7728103995323181,0.0,0.0,0.0,1.193652868270874
2436,0.0,2.060731887817383,0.0,0.0,0.0,-1.3324763774871826
2437,1.3103320598602295,0.0,0.0,0.0,0.0,-1.6349968910217285
2438,0.0,1.170532464981079,0.0,0.0,0.0,-1.8690745830535889
2439,0.0,0.18166323006153107,0.0,0.0,0.0,2.3335587978363037
2440,0.0,0.9806923270225525,0.0,0.0,0.0,-3.1260826587677
2441,0.0,1.4123752117156982,0.0,0.0,0.0,-0.6987282633781433
2442,0.0,1.164699912071228,0.0,0.0,0.0,-3.3362953662872314
2443,0.0,0.9237564206123352,0.0,0.0,0.0,-3.0102057456970215
2444,1.0475342273712158,0.0,0.0,0.0,0.0,0.1735672503709793
2445,0.0,0.40426430106163025,0.0,0.0,0.0,1.1087722778320312
2446,0.0,1.3570003509521484,0.0,0.0,0.0,-1.8633215427398682
2447,0.0,0.23514556884765625,0.0,0.0,0.0,0.07064980268478394
2448,0.0,0.3385286033153534,0.4777434468269348,0.0,0.0,2.1006784439086914
2449,0.0,0.1654445379972458,0.0,0.0,0.0,-0.12038981914520264
2450,0.0,1.404449701309204,0.0,0.0,0.0,-0.6828579306602478
2451,0.0,0.0,1.2256391048431396,0.0,0.0,-0.6398430466651917
2452,0.3671393394470215,0.15487930178642273,0.0,0.0,0.0,2.2067532539367676
2453,0.0,0.5675618052482605,0.0,0.0,0.0,-0.07456491887569427
2454,0.0,1.3751896619796753,0.0,0.0,0.0,-1.867471694946289
2455,1.297284722328186,0.0,0.0,0.0,0.0,-1.5482218265533447
2456,0.0,0.43130365014076233,0.0,0.7570856213569641,0.0,1.6056721210479736
2457,0.0,2.0377368927001953,0.0,0.0,0.0,-1.3015570640563965
2458,0.0,1.2329679727554321,0.0,0.0,0.0,-2.9699623584747314
2459,0.0,0.9134474396705627,0.0,0.0,0.0,-3.3495147228240967
2460,0.6060147881507874,0.34890469908714294,0.0,0.0,0.0,1.7250511646270752
2461,0.0,0.0,0.34754282236099243,0.5628858208656311,0.0,3.0206286907196045
2462,0.0,1.2728066444396973,0.0,0.0,0.0,0.7758616805076599
2463,0.0,1.116239070892334,0.0,0.0,0.0,0.6181250810623169
2464,1.3759597539901733,0.0,0.0,0.0,0.0,-0.4392443895339966
2465,0.0,0.7089412808418274,0.0,0.0,0.0,0.46230143308639526
2466,1.7089557647705078,0.0,0.0,0.0,0.0,-2.8327269554138184
2467,0.0,0.0,0.0,1.5971330404281616,0.0,-2.915663480758667
2468,0.0,1.3730947971343994,0.0,0.0,0.0,-1.9848815202713013
2469,0.0,1.3470414876937866,0.0,0.0,0.0,-1.731415033340454
2470,0.0,0.9138424396514893,0.0,0.0,0.0,-3.298288106918335
2471,0.0,1.1669925451278687,0.0,1.3891476392745972,0.0,-1.3856091499328613
2472,0.7079846858978271,0.41114088892936707,0.0,0.0,0.0,1.406546950340271
2473,0.0,0.9043288826942444,0.0,0.0,0.0,-2.7696075439453125
2474,0.0,0.6489160656929016,0.835548460483551,0.0,0.0,0.5322000980377197
2475,1.4959720373153687,0.0,0.0,0.0,0.0,0.3525856137275696
2476,0.0,0.27153658866882324,0.0,0.0,0.0,2.0762219429016113
2477,1.7668092250823975,0.0,0.0,0.0,0.0,-3.035661458969116
2478,0.7410634756088257,0.0,0.5363041758537292,0.0,0.0,2.3483431339263916
2479,0.0,0.9907822012901306,0.0,0.0,0.0,-3.0594069957733154
2480,0.0,1.5253103971481323,0.0,0.0,0.0,-1.1598975658416748
2481,0.0,0.9743883609771729,0.0,0.0,0.0,-2.797682523727417
2482,0.0,0.27812522649765015,0.0,0.0,0.0,-0.6022622585296631
2483,0.0,0.0,0.8487719297409058,0.0,0.0,0.6853799223899841
2484,0.0,1.1588525772094727,0.0,0.0,0.0,-2.70139479637146
2485,0.0,1.7510709762573242,0.0,0.0,0.0,-0.8358575701713562
2486,0.0,0.0,0.0,1.2435044050216675,0.0,-0.7083296179771423
2487,0.0,1.0818595886230469,0.0,0.0,0.0,-2.7213022708892822
2488,0.0,1.0116314888000488,0.0,0.0,0.0,-3.071603536605835
2489,0.0,0.4477352201938629,0.0,0.0,0.0,1.2475247383117676
2490,0.0,0.9134747385978699,0.0,0.0,0.0,-2.8313939571380615
2491,0.0,0.0,0.0,1.6093419790267944,0.0,-2.958966016769409
2492,0.0,0.38418489694595337,0.0,0.0,0.0,1.1506794691085815
2493,0.0,1.4967848062515259,0.0,0.0,0.0,-1.787680745124817
2494,0.0,0.23989318311214447,0.42141106724739075,0.0,0.0,2.1856648921966553
2495,0.6652690172195435,0.24531689286231995,0.0,0.0,0.0,-0.007649853825569153
2496,1.7781873941421509,0.0,0.0,0.0,0.0,-3.0458686351776123
2497,0.0,0.8785938024520874,0.0,0.0,0.0,-1.4566998481750488
2498,1.6978578567504883,0.0,0.0,0.0,0.0,-2.4305150508880615
2499,0.0,1.793992042541504,0.0,0.0,0.0,-1.5194649696350098
2500,0.0,0.0,0.0,1.4586793184280396,0.0,-2.1655917167663574
2501,0.8996424674987793,0.0,0.0,0.0,0.0,1.4755704402923584
2502,0.0,1.6007370948791504,0.0,0.0,0.0,-1.08211350440979
2503,0.0,1.1103684902191162,0.0,0.0,0.0,-3.2288644313812256
2504,0.6994938254356384,0.37478238344192505,0.6532086730003357,0.0,0.0,0.9283589720726013
2505,0.0,1.9934422969818115,0.0,0.0,0.0,-0.7143109440803528
2506,0.0,0.4357913136482239,0.0,0.0,0.0,-1.1063257455825806
2507,0.0,0.17889907956123352,0.26230859756469727,0.5044331550598145,0.0,3.7184009552001953
2508,0.0,0.5530403852462769,0.0,0.0,0.0,1.661248803138733
2509,0.5260432958602905,0.0,0.0,0.0,0.0,1.3487528562545776
2510,0.0,0.2890309989452362,0.0,0.0,0.0,2.8961551189422607
2511,0.0,0.8070999383926392,1.8324440717697144,0.0,0.0,-3.3247478008270264
2512,0.34517037868499756,0.1826634258031845,0.0,0.0,0.0,3.3075332641601562
2513,0.0,0.9617979526519775,0.0,0.0,0.0,0.7921090722084045
2514,0.0,0.8338656425476074,0.0,0.0,0.0,0.010231778025627136
2515,0.7217937111854553,0.0,0.0,0.0,0.0,-0.22791731357574463
2516,0.37099000811576843,0.20285815000534058,0.0,0.0,0.0,3.226024866104126
2517,0.0,0.7588017582893372,0.0,0.0,0.0,-1.6926305294036865
2518,0.0,0.648878812789917,0.0,0.0,0.0,-0.6076202392578125
2519,0.0,0.9437232613563538,0.0,0.0,0.0,-3.2393667697906494
2520,0.0,1.5007967948913574,0.0,0.0,0.0,-1.68324613571167
2521,0.460491806268692,0.24340564012527466,0.0,0.0,0.0,2.281256914138794
2522,0.7322959303855896,0.2701098322868347,0.0,0.0,0.0,-0.7472439408302307
2523,0.6711829900741577,0.3545457422733307,0.6365490555763245,0.0,0.0,0.906093418598175
2524,0.0,0.9148409366607666,0.0,0.0,0.0,-2.88686203956604
2525,0.0,2.264282464981079,0.0,0.0,0.0,0.062247052788734436
2526,1.0148013830184937,0.0,0.0,0.0,0.0,-0.18204030394554138
2527,0.0,0.1922060251235962,0.0,0.0,0.0,0.6751757264137268
2528,0.9626533389091492,0.0,0.0,0.0,0.0,-0.25520819425582886
2529,0.0,0.6286594271659851,0.0,0.0,0.0,2.156548500061035
2530,0.0,0.0,0.0,1.584594964981079,0.0,-2.8202953338623047
2531,0.0,0.0,1.6431666612625122,0.0,0.0,-2.3562967777252197
2532,1.7861331701278687,0.0,0.0,0.0,0.0,-2.3735134601593018
2533,1.9725162982940674,0.0,0.0,0.0,0.0,-1.9946837425231934
2534,0.8848089575767517,0.0,0.0,0.0,0.0,1.7984517812728882
2535,0.824908435344696,0.486523300409317,0.0,0.8749279975891113,0.0,0.8412233591079712
2536,0.0,0.9562327265739441,0.0,0.0,0.0,-2.6749320030212402
2537,0.0,0.33520346879959106,0.0,0.0,0.0,0.8357028365135193
2538,0.0,0.7536637187004089,0.0,0.0,0.0,-1.189134120941162
2539,0.0,0.9456899762153625,0.0,0.0,0.0,-2.695892095565796
2540,0.0,0.9805005788803101,0.0,0.0,0.0,-3.013808012008667
2541,0.0,0.0,1.7564953565597534,0.0,0.0,-2.7064852714538574
2542,0.0,1.0847102403640747,0.0,0.0,0.0,-2.683594226837158
2543,0.0,0.6212319135665894,0.0,0.0,0.0,-1.9421125650405884
2544,0.0,0.3717270791530609,0.0,0.0,0.0,0.5644793510437012
2545,0.0,0.23119570314884186,0.0,0.0,0.0,3.275636672973633
2546,1.7915678024291992,0.0,0.0,0.0,0.0,-1.5209736824035645
2547,0.0,0.0,0.0,1.096771478652954,0.0,-0.238543301820755
2548,0.0,0.9339792728424072,0.0,0.0,0.0,-0.6438559889793396
2549,0.0,0.21617446839809418,0.0,0.0,0.0,1.365301489830017
2550,0.0,0.0,1.7322068214416504,0.0,0.0,-2.6427793502807617
2551,0.0,0.7606747150421143,0.0,0.0,0.0,2.0237603187561035
2552,0.0,0.0,1.6232990026474,0.0,0.0,-2.2968578338623047
2553,0.0,0.0,1.7728674411773682,0.0,0.0,-2.7883713245391846
2554,0.0,1.0293536186218262,0.0,0.0,0.0,-3.13620924949646
2555,0.0,0.511914074420929,0.0,0.0,0.0,0.5659152269363403
2556,0.0,0.0,1.6594123840332031,0.0,0.0,-2.4051759243011475
2557,0.0,0.5361537337303162,0.0,0.0,0.0,-1.0184690952301025
2558,0.0,0.7430230975151062,0.0,0.0,0.0,0.8439818024635315
2559,0.0,0.0,1.8997299671173096,0.0,0.0,-3.2284605503082275
2560,1.5640546083450317,0.0,0.0,0.0,0.0,-0.3061217665672302
2561,0.684241771697998,0.0,0.0,0.0,0.0,0.41446834802627563
2562,0.45199140906333923,0.0,0.0,0.0,0.0,3.237072706222534
2563,1.3334754705429077,0.0,0.0,0.0,0.0,0.23309947550296783
2564,1.8443682193756104,0.0,0.0,0.0,0.0,-0.43518054485321045
2565,0.0,1.4374666213989258,0.0,0.0,0.0,-2.106788158416748
2566,0.0,0.0,1.0834522247314453,0.0,0.0,-0.6447071433067322
2567,0.0,0.4209975302219391,0.0,0.0,0.0,1.2898945808410645
2568,0.3395150303840637,0.14758402109146118,0.0,0.0,0.0,2.619433641433716
2569,0.0,1.6205687522888184,0.0,0.0,0.0,-1.6402024030685425
2570,0.0,0.16806934773921967,0.0,0.0,0.0,0.4578925371170044
2571,0.9330215454101562,0.0,0.0,0.0,0.0,0.8608449101448059
2572,0.0,0.9640297293663025,0.0,0.0,0.0,-0.6519194841384888
2573,0.0,0.9674926400184631,0.0,0.0,0.0,-2.770554304122925
2574,0.0,0.0,0.0,1.6260923147201538,0.0,-3.0467660427093506
2575,1.5197252035140991,0.6620638370513916,0.0,0.0,0.0,-3.090099334716797
2576,0.0,0.13976924121379852,0.0,0.0,0.0,-0.39353692531585693
2577,0.0,0.0,1.789781928062439,0.0,0.0,-2.850656747817993
2578,0.0,0.9870277643203735,0.0,0.0,0.0,-2.886340379714966
2579,1.783779263496399,0.0,0.0,0.0,0.0,-1.6416387557983398
2580,0.9640775322914124,0.5774431228637695,0.8557778596878052,0.0,0.0,0.2854241728782654
2581,0.0,0.0,1.1897592544555664,0.0,0.0,-0.41181010007858276
2582,0.0,0.3456076979637146,0.0,0.0,0.0,1.5500619411468506
2583,0.0,0.7195106148719788,0.0,0.0,0.0,1.0079076290130615
2584,0.0,1.389339566230774,0.0,0.0,0.0,-1.8925912380218506
2585,0.0,0.6885342597961426,0.0,0.0,0.0,-0.9204577803611755
2586,1.655450463294983,1.0029581785202026,0.0,0.0,0.0,-2.131296396255493
2587,0.0,0.6618037223815918,0.0,0.0,0.0,-0.8873123526573181
2588,0.0,0.0,0.0,1.4294624328613281,0.0,-1.7309181690216064
2589,0.5012215375900269,0.1445348709821701,0.0,0.0,0.0,-0.30794739723205566
2590,0.0,0.0,1.7512483596801758,0.0,0.0,-2.7093346118927
2591,0.0,0.0,0.0,0.6139237880706787,0.0,2.9666521549224854
2592,1.2929109334945679,0.0,0.0,0.0,0.0,-1.7153148651123047
2593,0.0,1.4238762855529785,0.0,0.0,0.0,-1.750932216644287
2594,1.529613733291626,0.7113314867019653,0.0,0.0,0.0,-2.894974946975708
2595,0.0,0.8651224970817566,0.0,0.0,0.0,-1.653557538986206
2596,0.0,1.109169840812683,0.0,0.0,0.0,-2.3351550102233887
2597,0.0,1.4124934673309326,0.0,0.0,0.0,-1.9923635721206665
2598,0.6592198014259338,0.0,0.0,0.0,0.0,2.059354066848755
2599,0.0,0.9617461562156677,0.0,0.0,0.0,-2.9815263748168945
2600,0.0,0.9085803031921387,0.0,0.0,0.0,-1.4325822591781616
2601,0.0,0.3839557468891144,0.0,0.0,0.0,-0.470589816570282
2602,0.0,1.0965263843536377,0.0,0.0,0.0,-0.7255644798278809
2603,0.0,0.8480426073074341,0.0,0.0,0.0,1.7031917572021484
2604,0.6134474277496338,0.0,0.0,0.0,0.0,1.4000799655914307
2605,0.0,0.1910962462425232,0.0,0.0,0.0,1.263539433479309
2606,0.0,0.8916182518005371,0.0,0.0,0.0,-2.879321575164795
2607,0.0,1.23395836353302,0.0,0.0,0.0,-1.794407606124878
2608,1.829803228378296,0.0,0.0,0.0,0.0,-2.8666419982910156
2609,0.0,0.35698577761650085,0.0,0.0,0.0,-0.25401103496551514
2610,0.0,1.385475516319275,0.0,0.0,0.0,-1.0575472116470337
2611,0.0,0.0,1.6345998048782349,0.0,0.0,-2.3096864223480225
2612,0.0,0.927269697189331,0.0,0.0,0.0,-3.066016674041748
2613,0.8732776045799255,0.0,0.0,0.0,0.0,-0.07974474132061005
2614,0.0,0.0,1.0924158096313477,0.0,0.0,-0.07357264310121536
2615,1.886143445968628,0.0,0.0,0.0,0.0,-1.7101655006408691
2616,1.0762619972229004,0.8930992484092712,0.0,0.9792981743812561,0.0,0.9667156338691711
2617,0.0,0.19676350057125092,0.0,0.0,0.0,2.0435216426849365
2618,0.0,1.4887415170669556,0.0,0.0,0.0,-1.7418208122253418
2619,0.0,0.7652155756950378,1.641147255897522,0.0,0.0,-2.6769258975982666
2620,0.0,1.3980350494384766,0.0,0.0,0.0,-1.5118128061294556
2621,0.0,1.3691295385360718,0.0,0.0,0.0,-1.6288917064666748
2622,0.0,0.24455983936786652,0.0,0.0,0.0,2.896737813949585
2623,0.0,0.0,0.0,1.566918969154358,0.0,-2.701643943786621
2624,0.0,1.0565433502197266,0.0,0.0,0.0,-2.7448132038116455
2625,1.1802518367767334,0.0,0.0,0.0,0.0,0.7884120345115662
2626,0.0,0.0,1.2356897592544556,0.0,0.0,-0.6390627026557922
2627,1.512442708015442,0.0,0.0,0.0,0.0,-0.8695034980773926
2628,0.0,0.0,1.5273444652557373,0.0,0.0,-1.9494473934173584
2629,1.721193552017212,0.0,0.0,0.0,0.0,-2.9617807865142822
2630,0.0,1.2365771532058716,0.0,0.0,0.0,0.03308302164077759
2631,0.0,0.0,1.662054181098938,0.0,0.0,-2.408033609390259
2632,0.0,1.1001428365707397,1.408652901649475,0.0,0.0,-1.3765954971313477
2633,0.0,0.8503909111022949,0.0,0.0,0.0,-2.8715012073516846
2634,0.8150677680969238,0.0,0.0,0.0,0.0,1.5685205459594727
2635,0.0,0.6280582547187805,0.0,0.0,0.0,-2.04746413230896
2636,0.0,0.0,0.0,0.6091890931129456,0.0,3.0647568702697754
2637,0.0,0.8695358633995056,0.0,0.0,0.0,-2.9685609340667725
2638,0.4169803261756897,0.2608278691768646,0.3248879611492157,0.0,0.0,3.1624200344085693
2639,0.0,0.24363350868225098,0.0,0.0,0.0,3.0676918029785156
2640,0.0,1.2938182353973389,1.2916635274887085,1.3081510066986084,0.0,-0.6659263968467712
2641,0.0,0.5499226450920105,0.0,0.0,0.0,-1.359833836555481
2642,0.0,0.9175899624824524,0.0,0.0,0.0,0.8183951377868652
2643,0.0,0.0,0.9512215852737427,0.0,0.0,0.4565010666847229
2644,1.8008893728256226,0.0,0.0,0.0,0.0,-3.2627687454223633
2645,1.5854039192199707,1.0780197381973267,0.0,1.354135513305664,0.0,-1.2872204780578613
2646,0.0,0.40510013699531555,0.0,0.0,0.0,-1.4851775169372559
2647,0.0,1.2595068216323853,0.0,0.0,0.0,-2.077033519744873
2648,1.739791750907898,0.0,0.0,0.0,0.0,-2.7902543544769287
2649,0.0,0.8868097066879272,0.0,0.0,0.0,-2.9618871212005615
2650,1.597074031829834,0.6998213529586792,0.0,0.0,0.0,-3.3987133502960205
2651,0.0,1.0145704746246338,0.0,0.0,0.0,-3.186732769012451
2652,0.0,1.4324299097061157,0.0,0.0,0.0,-1.7566680908203125
2653,0.0,1.2846592664718628,0.0,0.0,0.0,-1.9230111837387085
2654,0.0,1.0582839250564575,0.0,0.0,0.0,-2.603398084640503
2655,0.0,0.31380751729011536,0.0,0.0,0.0,1.3503856658935547
2656,0.0,0.8328459858894348,0.0,0.0,0.0,-1.1976358890533447
2657,0.0,0.5343566536903381,0.0,0.0,0.0,1.500448226928711
2658,0.0,0.20156970620155334,0.36753278970718384,0.5676218867301941,0.0,2.44929838180542
2659,0.0,0.0,1.7411829233169556,0.0,0.0,-2.6806209087371826
2660,0.0,1.9850690364837646,0.0,0.0,0.0,-0.7120994925498962
2661,0.0,0.0,0.0,1.4321905374526978,0.0,-2.115569829940796
2662,0.0,1.0538839101791382,0.0,0.0,0.0,-3.108985185623169
2663,0.8112236857414246,0.0,0.0,0.0,0.0,0.17924489080905914
2664,0.0,2.145193099975586,0.0,0.0,0.0,0.025985166430473328
2665,0.0,1.6539779901504517,0.0,0.0,0.0,-1.5301965475082397
2666,0.0,1.4951186180114746,0.0,0.0,0.0,0.8474976420402527
2667,0.0,1.783712387084961,0.0,0.0,0.0,-0.2922571301460266
2668,0.0,0.24533380568027496,0.0,0.0,0.0,0.538661777973175
2669,1.609623908996582,0.7850936055183411,0.0,0.0,0.0,-2.9394266605377197
2670,1.2977689504623413,0.0,0.0,0.0,0.0,-0.9919946789741516
2671,0.0,0.961702287197113,0.0,0.0,0.0,-2.6762866973876953
2672,0.0,0.0,0.6951189041137695,0.0,0.0,1.3391958475112915
2673,0.0,0.26030445098876953,0.0,0.0,0.0,1.4828325510025024
2674,0.0,0.8950702548027039,0.0,0.0,0.0,-2.702057123184204
2675,1.6715621948242188,0.0,0.0,0.0,0.0,-2.634105920791626
2676,0.0,0.0,1.6118351221084595,0.0,0.0,-2.226196050643921
2677,0.0,1.1865031719207764,0.0,0.0,0.0,-0.3960750102996826
2678,0.690680980682373,0.0,0.0,0.0,0.0,1.8650834560394287
2679,1.2633408308029175,0.0,0.0,0.0,0.0,0.7346314787864685
2680,0.0,0.6286722421646118,0.0,0.0,0.0,-0.7063299417495728
2681,1.936336874961853,0.0,0.0,0.0,0.0,-1.027305006980896
2682,0.0,1.2709683179855347,0.0,0.0,0.0,-0.6876569390296936
2683,0.6082481741905212,0.40618860721588135,0.4972260892391205,0.0,0.0,2.1268231868743896
2684,0.6674270033836365,0.2211904525756836,0.8685011863708496,0.0,0.0,-0.8205713033676147
2685,1.5174599885940552,0.6733118295669556,1.6884077787399292,0.0,0.0,-3.0040860176086426
2686,1.817505121231079,0.0,0.0,0.0,0.0,-1.7489070892333984
2687,0.0,0.0,0.0,1.4135202169418335,0.0,-1.4495912790298462
2688,0.0,0.9581954479217529,0.0,0.0,0.0,-3.4826042652130127
2689,1.7424806356430054,0.0,0.0,0.0,0.0,-2.7690067291259766
2690,0.0,1.6386528015136719,0.0,0.0,0.0,-0.7148521542549133
2691,0.0,0.8196007013320923,0.0,0.0,0.0,-1.5709882974624634
2692,0.0,0.9381163120269775,0.0,0.0,0.0,-3.2752151489257812
2693,1.0016530752182007,0.0,0.0,0.0,0.0,0.1380527913570404
2694,0.0,0.0,1.6065267324447632,0.0,0.0,-2.215512275695801
2695,0.0,1.5485682487487793,0.0,0.0,0.0,-1.6632368564605713
2696,0.0,0.3936832547187805,0.0,0.0,0.0,0.7493146061897278
2697,0.0,0.9312388300895691,0.0,0.0,0.0,-2.777935028076172
2698,0.0,0.5725634098052979,0.0,0.0,0.0,-1.3846170902252197
2699,0.0,1.565476417541504,0.0,0.0,0.0,-1.3377535343170166
2700,0.0,0.7554410696029663,0.0,0.0,0.0,-0.6068714261054993
2701,0.0,0.940397322177887,0.0,0.0,0.0,-3.2018463611602783
2702,0.0,0.44567790627479553,0.4162541925907135,0.6268258094787598,0.0,2.9510934352874756
2703,0.0,0.6361183524131775,0.0,0.9043530821800232,0.0,1.0166881084442139
2704,0.0,0.0,1.382594108581543,0.0,0.0,-1.2703161239624023
2705,1.7483904361724854,0.0,0.0,0.0,0.0,-1.0002621412277222
2706,0.7902088165283203,0.0,0.0,0.0,0.0,-0.6368110775947571
2707,1.1219377517700195,0.0,0.0,0.0,0.0,-0.016376957297325134
2708,0.0,1.5846866369247437,0.0,0.0,0.0,-0.7997198700904846
2709,0.0,0.4780251681804657,0.0,0.0,0.0,0.11195893585681915
2710,0.0,0.0,1.2490776777267456,0.0,0.0,-0.8830955624580383
2711,0.0,0.2237827330827713,0.0,0.0,0.0,0.613542914390564
2712,0.4986826479434967,0.0,0.0,0.0,0.0,2.944819688796997
2713,0.0,0.9526989459991455,0.0,0.0,0.0,-2.955347776412964
2714,0.0,0.0,0.9952164888381958,0.0,0.0,-0.004702270030975342
2715,1.9867616891860962,1.948331594467163,0.0,0.0,0.0,-0.49252235889434814
2716,0.0,0.9280866384506226,0.0,0.0,0.0,-2.87560772895813
2717,0.0,0.7223737239837646,0.0,0.0,0.0,0.5333672165870667
2718,0.0,1.0444669723510742,0.0,0.0,0.0,1.2877039909362793
2719,1.2705806493759155,0.0,0.0,0.0,0.0,-0.8585085868835449
2720,0.0,1.1253126859664917,0.0,0.0,0.0,-2.8307011127471924
2721,0.9190159440040588,0.3741587996482849,0.0,0.0,0.0,-1.220381736755371
2722,0.0,2.1445658206939697,0.0,0.0,0.0,-0.6757548451423645
2723,0.0,0.5577467679977417,0.0,0.0,0.0,1.0115444660186768
2724,0.0,0.18705010414123535,0.26312318444252014,0.5023449063301086,0.0,3.6690244674682617
2725,0.0,1.3975671529769897,0.0,0.0,0.0,-1.852834701538086
2726,1.7319523096084595,0.0,0.0,0.0,0.0,-1.8095357418060303
2727,0.0,0.21352626383304596,0.0,0.0,0.0,1.9180073738098145
2728,0.0,1.0251719951629639,0.0,0.0,0.0,-3.203730821609497
2729,0.0,0.8136920928955078,0.0,1.0311061143875122,0.0,0.45370835065841675
2730,0.0,0.9358119964599609,0.0,0.0,0.0,-2.877424478530884
2731,0.0,1.6062020063400269,0.0,0.0,0.0,-1.8855363130569458
2732,0.0,0.8876418471336365,0.0,0.0,0.0,-3.198542833328247
2733,1.7257649898529053,0.0,0.0,1.6137763261795044,0.0,-3.340148448944092
2734,0.0,0.0,1.7436919212341309,0.0,0.0,-2.6697025299072266
2735,1.623279333114624,0.0,0.0,0.0,0.0,-0.7196648716926575
2736,0.0,0.9017775058746338,0.0,0.0,0.0,1.605835199356079
2737,1.2368093729019165,0.0,0.0,0.0,0.0,1.1091909408569336
2738,1.7806947231292725,0.0,0.0,0.0,0.0,-3.007568120956421
2739,0.0,0.8366768956184387,0.0,0.0,0.0,-3.0127012729644775
2740,1.9346296787261963,2.026519775390625,0.0,0.0,0.0,-0.00460592657327652
2741,0.0,0.5044740438461304,0.0,0.0,0.0,1.4396270513534546
2742,0.0,0.1801144927740097,0.0,0.0,0.0,-0.6930676102638245
2743,0.0,0.25787273049354553,0.0,0.0,0.0,-0.4610965847969055
2744,0.0,0.6382610201835632,0.0,0.0,0.0,-1.2726225852966309
2745,1.8566224575042725,0.0,0.0,0.0,0.0,-1.9052252769470215
2746,1.0004377365112305,0.0,0.0,0.0,0.0,1.1065549850463867
2747,0.0,1.8384144306182861,0.0,0.0,0.0,0.9716669917106628
2748,0.921354353427887,0.7429487705230713,0.0,0.8835105299949646,0.0,1.4279006719589233
2749,0.0,0.0,1.6237611770629883,0.0,0.0,-2.224414587020874
2750,0.0,0.9628833532333374,0.0,0.0,0.0,-3.1194169521331787
2751,0.45807820558547974,0.16503310203552246,0.0,0.0,0.0,0.9521192908287048
2752,0.0,0.6769816875457764,0.0,0.0,0.0,0.7694652676582336
2753,0.0,0.8978531360626221,0.0,0.0,0.0,-2.477926254272461
2754,0.0,0.9679301977157593,0.0,0.0,0.0,-2.95237398147583
2755,0.35827553272247314,0.1977596879005432,0.0,0.0,0.0,3.2840163707733154
2756,0.0,0.6750195622444153,0.0,0.0,0.0,1.3101348876953125
2757,0.0,1.7609931230545044,0.0,0.0,0.0,-1.2403380870819092
2758,0.0,1.0168355703353882,0.0,0.0,0.0,-3.449042797088623
2759,1.838196039199829,0.0,0.0,0.0,0.0,-3.1727757453918457
2760,0.0,0.445698618888855,0.0,0.0,0.0,-1.1063768863677979
2761,0.0,1.07000732421875,0.0,0.0,0.0,-3.0770680904388428
2762,0.0,1.2625211477279663,0.0,0.0,0.0,0.706353485584259
2763,0.0,1.2398794889450073,0.0,0.0,0.0,-2.022542715072632
2764,0.0,1.4495354890823364,0.0,0.0,0.0,-2.1603736877441406
2765,0.0,0.9835463762283325,0.0,0.0,0.0,-3.112283229827881
2766,0.0,1.0328949689865112,0.0,0.0,0.0,-2.730172634124756
2767,0.0,0.24336138367652893,0.0,0.0,0.0,2.986537218093872
2768,0.5265405178070068,0.213857501745224,0.0,0.0,0.0,0.9547820687294006
2769,1.066569447517395,0.8502947092056274,0.0,0.0,0.0,0.9017127156257629
2770,0.0,1.2222650051116943,0.0,0.0,0.0,-1.5377604961395264
2771,1.7752845287322998,0.0,0.0,0.0,0.0,-2.966916799545288
2772,0.0,0.3381345868110657,0.0,0.0,0.0,2.5227103233337402
2773,0.0,0.1829381138086319,0.0,0.0,0.0,1.294752836227417
2774,0.0,0.0,0.0,0.9470154643058777,0.0,0.19274301826953888
2775,0.0,0.0,0.663063645362854,0.0,0.0,0.48322898149490356
2776,0.0,0.9282220602035522,0.0,0.0,0.0,-2.9535939693450928
2777,0.0,0.9334152340888977,0.0,0.0,0.0,-2.8807144165039062
2778,1.7857319116592407,0.0,0.0,0.0,0.0,-3.2038142681121826
2779,0.9024866223335266,0.0,0.0,0.0,0.0,-1.1367815732955933
2780,0.0,0.0,0.0,1.607271432876587,0.0,-2.9544432163238525
2781,0.0,0.6684525012969971,0.0,0.0,0.0,-1.4798612594604492
2782,1.3660895824432373,0.0,0.0,0.0,0.0,-1.828721046447754
2783,0.0,0.9391192197799683,0.0,0.0,0.0,-2.825204849243164
2784,0.0,0.7223891019821167,0.0,0.0,0.0,1.6247212886810303
2785,0.0,0.9678904414176941,0.0,0.0,0.0,-2.8874380588531494
2786,0.0,0.8825405240058899,0.0,0.0,0.0,-2.6393439769744873
2787,0.0,1.0672563314437866,0.0,0.0,0.0,-2.6685633659362793
2788,0.0,0.17934510111808777,0.0,0.0,0.0,-1.2801424264907837
2789,0.0,0.5975596308708191,0.0,0.0,0.0,-0.8208736181259155
2790,0.0,0.421162486076355,0.0,0.0,0.0,-1.6713323593139648
2791,1.6188808679580688,0.0,0.0,0.0,0.0,-0.24437551200389862
2792,0.0,0.9005597233772278,0.0,0.0,0.0,-2.914212942123413
2793,1.7202812433242798,0.0,0.0,0.0,0.0,-2.6686108112335205
2794,1.4773019552230835,0.6356375217437744,1.6893278360366821,0.0,0.0,-3.060969114303589
2795,0.0,0.0,0.0,1.624207615852356,0.0,-3.0443263053894043
2796,1.7327690124511719,0.0,0.0,0.0,0.0,-2.8634016513824463
2797,0.0,1.5943697690963745,0.0,0.0,0.0,0.16912339627742767
2798,0.0,1.176949381828308,0.0,0.0,0.0,0.5526060461997986
2799,1.8156683444976807,0.0,0.0,0.0,0.0,-3.202122688293457
2800,0.0,0.926857054233551,0.0,0.0,0.0,-3.076023578643799
2801,0.0,1.5108314752578735,0.0,0.0,0.0,0.4608122706413269
2802,0.0,0.27863553166389465,0.0,0.0,0.0,-1.3300387859344482
2803,0.0,1.183955430984497,0.0,0.0,0.0,-1.618006706237793
2804,0.0,0.4391840398311615,0.0,0.0,0.0,0.7439728379249573
2805,1.1015726327896118,0.0,0.0,0.0,0.0,1.3175857067108154
2806,1.7820066213607788,0.0,0.0,0.0,0.0,-3.1134607791900635
2807,1.0404609441757202,0.0,0.0,0.0,0.0,-1.2703497409820557
2808,0.0,1.4839621782302856,0.0,0.0,0.0,-1.7037187814712524
2809,0.0,0.9381750226020813,0.0,0.0,0.0,-0.8362695574760437
2810,1.8130418062210083,0.0,0.0,0.0,0.0,-1.866280198097229
2811,1.8279074430465698,0.0,0.0,0.0,0.0,-3.190326452255249
2812,0.0,1.9428426027297974,0.0,0.0,0.0,-0.8839104771614075
2813,0.0,0.9521877765655518,0.0,0.0,0.0,-3.093304395675659
2814,0.7575199604034424,0.5417803525924683,0.0,0.0,0.0,1.7570257186889648
2815,0.0,0.0,0.0,1.3190195560455322,0.0,-1.3172366619110107
2816,0.9121367931365967,0.5832646489143372,0.0,0.9155160784721375,0.0,0.7575393319129944
2817,0.0,0.29832786321640015,0.7823905348777771,0.0,0.0,-0.16209009289741516
2818,0.36244165897369385,0.20522157847881317,0.0,0.0,0.0,3.338250160217285
2819,0.0,0.0,0.3747222125530243,0.0,0.0,3.1019885540008545
2820,0.0,2.2367663383483887,0.0,0.0,0.0,0.11213825643062592
2821,0.0,1.6594164371490479,0.0,0.0,0.0,-0.6258403062820435
2822,1.1121511459350586,0.0,0.0,0.0,0.0,-0.4454275965690613
2823,0.0,0.27290788292884827,0.0,0.0,0.0,-0.9004827737808228
2824,0.0,1.4342236518859863,0.0,0.0,0.0,-1.8965046405792236
2825,0.0,0.4689585566520691,0.0,0.0,0.0,1.123734951019287
2826,0.0,1.3334256410598755,0.0,0.0,0.0,-2.0694820880889893
2827,0.0,0.8125643134117126,0.0,1.5494548082351685,0.0,-3.052168607711792
2828,0.0,0.8688868880271912,0.0,0.0,0.0,0.9910392165184021
2829,0.0,0.2788364291191101,0.0,0.0,0.0,-0.3768623471260071
2830,1.5759268999099731,0.0,0.0,0.0,0.0,-1.87318754196167
2831,0.0,0.7555347681045532,0.0,0.0,0.0,-0.09573102742433548
2832,0.0,1.4222748279571533,0.0,0.0,0.0,1.333378553390503
2833,0.4929696321487427,0.0,0.0,0.0,0.0,3.016990900039673
2834,1.428104281425476,0.660758912563324,1.5537835359573364,0.0,0.0,-2.5299549102783203
2835,0.5896042585372925,0.19946648180484772,0.0,0.0,0.0,-0.21045668423175812
2836,1.731449007987976,0.0,0.0,0.0,0.0,-0.24489222466945648
2837,0.0,0.20431052148342133,0.0,0.5752735733985901,0.0,2.536766767501831
2838,0.0,0.2031845897436142,0.0,0.6186605095863342,0.0,1.976607084274292
2839,0.0,0.6092525124549866,0.0,0.0,0.0,-1.8402776718139648
2840,0.0,0.9180193543434143,0.0,0.0,0.0,2.12918758392334
2841,1.8447306156158447,0.0,0.0,0.0,0.0,-3.488487958908081
2842,0.0,1.3638135194778442,0.0,0.0,0.0,-1.1439863443374634
2843,0.0,1.3772052526474,0.0,0.0,0.0,-2.0212783813476562
2844,0.0,0.0,1.2093660831451416,0.0,0.0,-0.5493040680885315
2845,0.0,1.0121952295303345,0.0,0.0,0.0,-2.951993942260742
2846,0.0,0.2475573569536209,0.0,0.0,0.0,3.106415271759033
2847,0.0,0.0,1.2285964488983154,0.0,0.0,-0.7408120632171631
2848,1.7555220127105713,0.0,0.0,0.0,0.0,-2.950282335281372
2849,0.0,0.9019685983657837,0.0,0.0,0.0,-2.8724844455718994
2850,0.0,0.22720564901828766,0.0,0.0,0.0,0.2753990888595581
2851,0.0,1.3603721857070923,0.0,0.0,0.0,-0.8778955340385437
2852,1.7811135053634644,0.0,0.0,0.0,0.0,-3.290766954421997
2853,0.0,1.0822455883026123,0.0,0.0,0.0,-2.752101182937622
2854,0.0,0.6506682634353638,0.0,0.0,0.0,-0.6180955767631531
2855,0.0,2.5051894187927246,0.0,0.0,0.0,-0.62676602602005
2856,0.0,0.0,1.4368983507156372,0.0,0.0,-1.4226276874542236
2857,0.0,0.0,0.9847286343574524,1.0701717138290405,0.0,-0.017459645867347717
2858,1.5859602689743042,0.0,0.0,0.0,0.0,0.14472700655460358
2859,0.0,0.0,0.0,1.5930598974227905,0.0,-2.8945224285125732
2860,0.8594584465026855,0.0,0.0,0.0,0.0,-0.18762916326522827
2861,0.0,0.0,1.7730704545974731,0.0,0.0,-2.7920002937316895
2862,0.0,0.9645554423332214,0.0,0.0,0.0,0.10670812427997589
2863,1.2438822984695435,0.0,0.0,0.0,0.0,-1.7926437854766846
2864,0.0,0.0,0.0,1.2611194849014282,0.0,-1.2484196424484253
2865,0.7322282195091248,0.0,0.0,0.0,0.0,-0.1479434072971344
2866,0.0,1.0935407876968384,0.0,0.0,0.0,-1.5660768747329712
2867,0.0,0.25095289945602417,0.0,0.0,0.0,-0.7559770941734314
2868,0.0,0.9400625824928284,0.0,0.0,0.0,-2.8895580768585205
2869,0.0,1.7682452201843262,0.0,0.0,0.0,0.6867005228996277
2870,0.0,0.40830087661743164,0.0,0.0,0.0,-1.1815001964569092
2871,0.0,0.8641842007637024,0.0,0.0,0.0,-0.33752983808517456
2872,0.0,1.4704667329788208,0.0,0.0,0.0,-1.6217677593231201
2873,0.0,1.2551062107086182,0.0,0.0,0.0,0.12570396065711975
2874,0.0,0.8911754488945007,0.0,0.0,0.0,-3.0305233001708984
2875,0.0,0.0,0.6038835048675537,0.0,0.0,1.3578157424926758
2876,1.7936607599258423,0.0,0.0,0.0,0.0,-1.619577407836914
2877,1.2240597009658813,0.0,0.0,0.0,0.0,-1.1694974899291992
2878,0.0,0.0,0.0,1.3760666847229004,0.0,-1.606480598449707
2879,0.0,1.089048147201538,0.0,0.0,0.0,-3.374116897583008
2880,0.0,0.33194658160209656,0.0,0.0,0.0,0.17566712200641632
2881,0.0,0.9566956758499146,0.0,0.0,0.0,-3.256788492202759
2882,0.0,1.1108742952346802,0.0,0.0,0.0,-1.8831707239151
2883,0.0,0.0,0.0,0.596838116645813,0.0,3.1305205821990967
2884,0.0,2.181674003601074,0.0,0.0,0.0,-1.1223628520965576
2885,0.4498594403266907,0.0,0.0,0.0,0.0,3.183345079421997
2886,0.0,1.351866602897644,0.0,0.0,0.0,1.2657291889190674
2887,0.0,0.727767288684845,0.0,0.0,0.0,1.363645315170288
2888,0.0,1.4286136627197266,0.0,0.0,0.0,-0.9432459473609924
2889,0.0,0.6142222881317139,0.0,0.0,0.0,-1.822519302368164
2890,0.0,0.9041616916656494,0.0,0.0,0.0,-3.1822474002838135
2891,0.0,0.2851986289024353,0.0,0.0,0.0,-1.4196224212646484
2892,0.0,0.7470727562904358,0.0,0.0,0.0,-1.6480683088302612
2893,0.0,0.50003981590271,0.0,0.0,0.0,-0.8398730754852295
2894,0.0,0.8966485857963562,0.0,0.0,0.0,-2.9662039279937744
2895,1.7986077070236206,0.0,0.0,0.0,0.0,-1.6343542337417603
2896,0.8772773742675781,0.8370851874351501,0.0,0.0,0.0,2.187998056411743
2897,1.576357126235962,0.6729422807693481,0.0,0.0,0.0,-3.41180682182312
2898,0.0,0.43132370710372925,0.0,0.0,0.0,-0.9222583770751953
2899,0.0,0.0,0.0,1.5469883680343628,0.0,-2.5955440998077393
2900,0.0,0.6388490796089172,0.0,0.0,0.0,2.2954065799713135
2901,0.0,1.3355828523635864,0.0,0.0,0.0,-1.3112940788269043
2902,0.0,0.0,0.0,1.4904186725616455,0.0,-2.0869483947753906
2903,0.0,0.0,1.003981590270996,0.0,0.0,-0.15982744097709656
2904,0.0,2.097428560256958,0.0,0.0,0.0,-0.7344116568565369
2905,0.0,0.25925418734550476,0.0,0.0,0.0,-1.2799100875854492
2906,1.6674649715423584,0.0,0.0,0.0,0.0,0.30705153942108154
2907,0.0,1.772270679473877,0.0,0.0,0.0,-0.9220629930496216
2908,0.0,1.4812735319137573,0.0,0.0,0.0,-0.0557190403342247
2909,0.0,1.3770517110824585,0.0,0.0,0.0,-1.4911384582519531
2910,0.6402058601379395,0.40995505452156067,0.0,0.0,0.0,1.9641261100769043
2911,0.0,0.8976009488105774,0.0,0.0,0.0,-3.306382656097412
2912,0.0,0.3123316466808319,0.0,0.0,0.0,0.09730897843837738
2913,0.0,0.0,0.0,1.095251441001892,0.0,-0.18076622486114502
2914,0.0,1.1860136985778809,0.0,0.0,0.0,0.2244632989168167
2915,1.805114507675171,0.0,0.0,0.0,0.0,-3.280627489089966
2916,1.6804492473602295,0.0,0.0,0.0,0.0,-0.43815702199935913
2917,1.9051122665405273,0.0,0.0,0.0,0.0,-0.29073482751846313
2918,1.3924461603164673,1.1560885906219482,0.0,0.0,0.0,0.31279629468917847
2919,0.0,1.6094144582748413,0.0,0.0,0.0,-0.9585714936256409
2920,0.0,0.9351277947425842,0.0,0.0,0.0,-2.891432046890259
2921,0.0,1.4574952125549316,0.0,0.0,0.0,-0.04165109246969223
2922,1.6632766723632812,0.0,0.0,0.0,0.0,-0.5243781208992004
2923,0.9974315762519836,0.0,0.0,0.0,0.0,-0.0831308662891388
2924,0.0,1.3955655097961426,0.0,0.0,0.0,-1.1582820415496826
2925,1.6405421495437622,0.0,1.723826289176941,1.5342258214950562,0.0,-2.8594777584075928
2926,1.8052327632904053,0.0,0.0,0.0,0.0,-3.1552937030792236
2927,0.0,0.503879725933075,0.0,0.0,0.0,-1.5810261964797974
2928,0.4856179356575012,0.1501166969537735,0.0,0.0,0.0,-0.007206670939922333
2929,0.0,1.0009268522262573,0.0,0.0,0.0,-2.489417791366577
2930,0.0,0.3890626132488251,0.0,0.0,0.0,-1.349776268005371
2931,0.7234055399894714,0.2419821172952652,0.0,0.0,0.0,-0.7604071497917175
2932,0.0,1.4941684007644653,0.0,0.0,0.0,1.326552152633667
2933,1.0619269609451294,1.0154510736465454,0.0,0.0,0.0,1.7290608882904053
2934,0.0,0.7214941382408142,0.0,0.0,0.0,0.9323236346244812
2935,0.0,0.0,1.6420797109603882,0.0,0.0,-2.3066022396087646
2936,1.3542699813842773,0.0,0.0,0.0,0.0,-0.5321125984191895
2937,0.0,0.9309934973716736,1.5636754035949707,0.0,0.0,-2.1581737995147705
2938,1.4977009296417236,0.0,0.0,0.0,0.0,-0.6055017709732056
2939,0.0,0.29279568791389465,0.0,0.0,0.0,-1.026647686958313
2940,0.0,0.9570100903511047,0.0,0.0,0.0,2.1068475246429443
2941,0.7636730670928955,0.28258946537971497,0.0,0.0,0.0,-0.7394621968269348
2942,0.0,0.5219817161560059,0.0,0.0,0.0,0.07655549049377441
2943,0.0,0.0,1.1992305517196655,0.0,0.0,-0.939799964427948
2944,0.0,0.9004321694374084,0.0,0.0,0.0,-2.94328236579895
2945,0.0,0.6092748045921326,0.0,0.0,0.0,1.3596009016036987
2946,0.48408687114715576,0.0,0.0,0.0,0.0,2.4604246616363525
2947,0.0,0.0,0.0,1.605725646018982,0.0,-2.9321489334106445
2948,0.7674645185470581,0.3961634039878845,0.0,0.0,0.0,0.5248020887374878
2949,0.0,0.23931287229061127,0.0,0.0,0.0,-0.42826223373413086
2950,1.7674753665924072,0.0,0.0,0.0,0.0,-2.612291097640991
2951,0.0,1.5898336172103882,0.0,0.0,0.0,-0.07367965579032898
2952,0.0,0.0,1.6453797817230225,0.0,0.0,-2.3579652309417725
2953,0.0,1.4507349729537964,0.0,0.0,0.0,-1.6109659671783447
2954,0.0,0.9603555798530579,0.0,0.0,0.0,-2.455827474594116
2955,0.0,2.2120440006256104,0.0,0.0,0.0,-0.7147712707519531
2956,0.7375214695930481,0.0,0.0,0.0,0.0,-0.25897693634033203
2957,0.0,0.18147918581962585,0.0,0.0,0.0,0.5772843956947327
2958,0.5532263517379761,0.0,0.0,0.0,0.0,1.48399019241333
2959,0.5337474942207336,0.0,0.0,0.0,0.0,2.171276569366455
2960,0.0,0.294727623462677,0.0,0.0,0.0,2.407841920852661
2961,0.0,0.6798428297042847,0.0,0.0,0.0,-0.9690006375312805
2962,0.0,0.9594326019287109,0.0,0.0,0.0,-2.922365665435791
2963,0.0,1.2318648099899292,0.0,0.0,0.0,1.7228455543518066
2964,0.0,0.0,1.705595850944519,0.0,0.0,-2.507201910018921
2965,0.0,0.307472288608551,0.0,0.0,0.0,0.22499682009220123
2966,0.5492050051689148,0.27751803398132324,0.0,0.7065666913986206,0.0,1.3405561447143555
2967,0.0,1.3721466064453125,0.0,0.0,0.0,-0.5228433609008789
2968,0.0,1.2195701599121094,0.0,0.0,0.0,-2.0914289951324463
2969,0.0,0.9303137063980103,0.0,0.0,0.0,-2.7573654651641846
2970,1.8502458333969116,0.0,0.0,0.0,0.0,-0.3741207718849182
2971,0.0,2.1276586055755615,0.0,0.0,0.0,-0.9275931119918823
2972,0.0,0.808022677898407,0.0,0.0,0.0,-1.4326030015945435
2973,1.0158485174179077,0.0,0.0,0.0,0.0,1.0670591592788696
2974,0.5400522947311401,0.0,0.0,0.0,0.0,1.2487422227859497
2975,0.0,0.25862619280815125,0.0,0.0,0.0,-1.6776450872421265
2976,0.0,0.27013179659843445,0.0,0.0,0.0,2.8191473484039307
2977,0.0,0.6457977294921875,0.0,0.0,0.0,2.119657278060913
2978,0.0,0.0,1.1857024431228638,0.0,0.0,-0.6857958436012268
2979,0.369912713766098,0.16245205700397491,0.0,0.0,0.0,1.6904182434082031
2980,0.0,1.72296142578125,1.0513522624969482,0.0,0.0,0.9282135367393494
2981,0.0,1.2906112670898438,0.0,0.0,0.0,-1.7911272048950195
2982,0.0,0.3030799627304077,0.0,0.0,0.0,1.7267247438430786
2983,0.0,0.7859169840812683,0.0,0.0,0.0,0.3236082196235657
2984,0.0,1.6164324283599854,0.0,0.0,0.0,0.7132015824317932
2985,0.0,1.5175423622131348,0.0,0.0,0.0,-1.5920839309692383
2986,1.84158194065094,0.0,0.0,0.0,0.0,-3.226444721221924
2987,0.0,1.0657678842544556,0.0,0.0,0.0,-2.7710530757904053
2988,0.7867210507392883,0.0,0.0,0.0,0.0,0.4105066657066345
2989,0.38866057991981506,0.2232840210199356,0.0,0.0,0.0,3.2838022708892822
2990,0.0,0.7532361149787903,0.0,0.0,0.0,0.7821084856987
2991,0.0,1.2634797096252441,0.0,0.0,0.0,-1.8124566078186035
2992,1.7970192432403564,0.0,0.0,0.0,0.0,-3.2080657482147217
2993,0.0,1.7186951637268066,0.0,0.0,0.0,-0.9839727878570557
2994,0.0,1.544664740562439,0.0,0.0,0.0,1.2152431011199951
2995,0.0,0.3416382372379303,0.0,0.0,0.0,-1.4579215049743652
2996,0.0,0.0,1.2867960929870605,0.0,0.0,-1.0189675092697144
2997,1.5116478204727173,0.6420829892158508,0.0,0.0,0.0,-3.2062180042266846
2998,0.0,1.3978697061538696,0.0,0.0,0.0,-0.063454270362854
2999,1.159990906715393,0.0,0.0,0.0,0.0,1.0904425382614136
3000,0.0,0.9472084045410156,0.0,0.0,0.0,-3.4310100078582764
3001,0.0,0.7818400859832764,0.0,0.0,0.0,-1.0856739282608032
3002,0.0,0.9999411702156067,0.0,0.0,0.0,-2.399275779724121
3003,0.0,1.0315972566604614,0.0,0.0,0.0,-3.2132349014282227
3004,0.0,0.22843553125858307,0.0,0.0,0.0,0.7033305764198303
3005,0.0,0.9962565302848816,0.0,0.0,0.0,-0.6980060935020447
3006,0.0,1.633028268814087,0.0,0.0,0.0,-1.2191656827926636
3007,0.0,0.9918599128723145,0.829136848449707,0.9861637353897095,0.0,1.168694019317627
3008,1.773226022720337,0.0,0.0,0.0,0.0,-2.6684517860412598
3009,0.0,1.1458040475845337,0.0,0.0,0.0,0.7012152075767517
3010,0.0,0.0,1.3326315879821777,0.0,0.0,-1.1324515342712402
3011,0.0,1.1521596908569336,0.0,0.0,0.0,-1.1351946592330933
3012,0.0,0.5857301354408264,0.0,0.0,0.0,-2.0923430919647217
3013,0.4925263524055481,0.1679716259241104,0.0,0.0,0.0,0.4626922607421875
3014,0.0,1.4685132503509521,0.0,0.0,0.0,-0.5034979581832886
3015,0.0,0.9244503974914551,0.0,0.0,0.0,-3.217878580093384
3016,0.0,0.9616954326629639,0.0,0.0,0.0,-2.9978535175323486
3017,0.0,1.2930759191513062,0.0,0.0,0.0,-2.3762195110321045
3018,0.0,0.9715889096260071,0.0,0.0,0.0,-3.2660863399505615
3019,0.4975757598876953,0.0,0.0,0.0,0.0,1.3840947151184082
3020,0.0,0.9780014157295227,0.0,0.0,0.0,-2.538964033126831
3021,1.8044493198394775,0.0,0.0,0.0,0.0,-3.3100833892822266
3022,1.7324765920639038,0.0,0.0,0.0,0.0,-3.0458176136016846
3023,0.0,0.16722150146961212,0.0,0.0,0.0,1.2434182167053223
3024,0.0,0.5651633143424988,0.0,0.0,0.0,-0.14378798007965088
3025,0.0,0.19046175479888916,0.0,0.0,0.0,1.195209264755249
3026,0.0,1.0726780891418457,0.0,0.0,0.0,0.4148905873298645
3027,0.0,0.9371879696846008,0.0,0.0,0.0,-2.650954246520996
3028,0.0,0.9393334984779358,0.0,0.0,0.0,-2.75072979927063
3029,0.0,0.4834861755371094,0.0,0.0,0.0,1.2768805027008057
3030,1.0481081008911133,0.9298615455627441,0.0,0.0,0.0,1.4826641082763672
3031,0.0,0.7083922028541565,0.0,0.0,0.0,-1.038671851158142
3032,0.0,0.3628712296485901,0.0,0.0,0.0,2.665133237838745
3033,1.6843645572662354,0.0,0.0,0.0,0.0,-1.7372143268585205
3034,0.0,0.23334257304668427,0.0,0.0,0.0,2.066415548324585
3035,0.0,0.4424036741256714,0.0,0.0,0.0,-1.7330071926116943
3036,0.0,1.187559962272644,0.0,0.0,0.0,-1.3554296493530273
3037,0.0,1.0669522285461426,0.0,0.0,0.0,-0.4814239740371704
3038,1.8721843957901,0.0,0.0,0.0,0.0,-3.6160333156585693
3039,0.0,1.018367052078247,0.0,0.0,0.0,-2.7574312686920166
3040,1.7702834606170654,0.0,0.0,0.0,0.0,-2.6289021968841553
3041,0.0,0.0,1.7562086582183838,0.0,0.0,-2.734147310256958
3042,0.0,0.8979883193969727,0.0,0.0,0.0,-2.9863851070404053
3043,0.852350652217865,0.38557276129722595,0.0,0.9642754793167114,0.0,-0.33663517236709595
3044,0.0,0.0,1.7264443635940552,0.0,0.0,-2.644824266433716
3045,0.0,0.8093122839927673,0.0,0.0,0.0,-1.0007885694503784
3046,0.8638457655906677,0.0,0.0,0.0,0.0,-0.6034858822822571
3047,0.0,0.0,1.5947802066802979,0.0,0.0,-2.1475303173065186
3048,0.0,0.8362915515899658,0.0,1.4889394044876099,0.0,-2.6443307399749756
3049,0.0,1.1364667415618896,0.0,0.0,0.0,2.0553371906280518
3050,0.0,0.9377809762954712,0.0,0.0,0.0,-2.3498871326446533
3051,0.0,1.2436329126358032,0.0,0.0,0.0,0.18259067833423615
3052,0.0,0.42600810527801514,0.0,0.0,0.0,2.016855239868164
3053,1.7897894382476807,0.0,0.0,0.0,0.0,-3.2512567043304443
3054,1.8162055015563965,0.0,0.0,0.0,0.0,-1.0606462955474854
3055,0.0,0.0,0.8470035195350647,0.0,0.0,-0.16214269399642944
3056,0.0,1.0214999914169312,0.0,0.0,0.0,-3.1050832271575928
3057,1.487169861793518,0.0,0.0,0.0,0.0,0.23144952952861786
3058,0.0,0.22907660901546478,0.0,0.0,0.0,0.8078214526176453
3059,0.0,0.26792091131210327,0.0,0.0,0.0,3.0648763179779053
3060,0.0,1.0131957530975342,0.0,0.0,0.0,-3.235414743423462
3061,0.0,1.7755310535430908,0.0,0.0,0.0,0.10478703677654266
3062,0.0,2.185781717300415,0.0,0.0,0.0,-0.6844446063041687
3063,0.0,1.4034836292266846,1.2699861526489258,0.0,0.0,-0.46058952808380127
3064,1.2430329322814941,0.0,0.0,0.0,0.0,1.0865870714187622
3065,0.0,0.9292372465133667,0.0,0.0,0.0,-3.0897529125213623
3066,0.0,0.5477200150489807,0.0,0.0,0.0,1.2350335121154785
3067,1.7373920679092407,0.0,0.0,0.0,0.0,-2.9089810848236084
3068,0.40242651104927063,0.1806824803352356,0.0,0.0,0.0,1.84209406375885
3069,1.509053349494934,0.6736369729042053,0.0,1.482229471206665,0.0,-2.9954888820648193
3070,0.6970863342285156,0.2751093804836273,0.0,0.0,0.0,0.0015124231576919556
3071,1.9635915756225586,0.0,0.0,0.0,0.0,-0.7091403603553772
3072,0.0,0.27012452483177185,0.0,0.0,0.0,-0.034147538244724274
3073,1.3073973655700684,0.0,0.0,0.0,0.0,0.3818429708480835
3074,0.0,0.0,1.6344656944274902,0.0,0.0,-2.3385636806488037
3075,1.7689573764801025,0.0,0.0,0.0,0.0,-2.9507763385772705
3076,0.0,1.0325266122817993,0.0,0.0,0.0,-2.9388630390167236
3077,1.002276062965393,0.0,0.0,0.0,0.0,-0.5944921970367432
3078,0.0,0.5509197115898132,0.0,0.0,0.0,-0.9967654347419739
3079,0.0,1.6306936740875244,0.0,0.0,0.0,-1.6691169738769531
3080,0.0,1.15463125705719,0.0,0.0,0.0,0.47641950845718384
3081,0.0,1.004183292388916,0.0,0.0,0.0,-2.9059081077575684
3082,1.5167704820632935,0.7403440475463867,1.6132498979568481,0.0,0.0,-2.623368978500366
3083,0.0,0.9010262489318848,0.0,0.0,0.0,-3.1805336475372314
3084,0.0,0.0,1.540891408920288,0.0,0.0,-1.960597276687622
3085,0.0,2.342641830444336,0.0,0.0,0.0,-0.4599505066871643
3086,0.5786118507385254,0.0,0.0,0.0,0.0,0.7623170018196106
3087,0.4925660490989685,0.21880897879600525,0.0,0.6803143620491028,0.0,1.338468074798584
3088,0.0,0.3771251440048218,0.0,0.0,0.0,-1.3076086044311523
3089,0.47216781973838806,0.0,0.41674450039863586,0.6077284216880798,0.0,2.3457579612731934
3090,0.0,0.928800642490387,0.0,0.0,0.0,-2.8080637454986572
3091,0.0,0.953454315662384,0.0,0.0,0.0,-2.9936108589172363
3092,1.3284308910369873,0.0,0.0,0.0,0.0,-0.5017432570457458
3093,0.0,0.42739906907081604,0.0,0.0,0.0,1.699683427810669
3094,1.809666633605957,0.0,0.0,0.0,0.0,-1.326740026473999
3095,0.0,0.0,0.6249681711196899,0.0,0.0,0.961555540561676
3096,1.710875153541565,0.0,0.0,0.0,0.0,-3.0316405296325684
3097,0.5412237644195557,0.0,0.0,0.0,0.0,1.8459358215332031
3098,0.0,0.9790918231010437,0.0,0.0,0.0,-2.963423252105713
3099,0.4220353960990906,0.1984112411737442,0.0,0.0,0.0,2.3690693378448486
3100,0.0,1.7340863943099976,0.0,0.0,0.0,-0.6700833439826965
3101,1.832595705986023,0.0,0.0,0.0,0.0,-0.8272861242294312
3102,0.0,0.4697583019733429,0.0,0.0,0.0,-2.0428245067596436
3103,0.0,0.0,0.0,1.4036484956741333,0.0,-1.7424540519714355
3104,0.0,0.0,1.4620182514190674,0.0,0.0,-1.5589027404785156
3105,0.0,0.25453537702560425,0.0,0.0,0.0,0.614419162273407
3106,0.0,0.3461989164352417,0.0,0.0,0.0,-0.2734200358390808
3107,0.0,0.9184723496437073,0.0,0.0,0.0,-2.9319655895233154
3108,0.0,1.1003971099853516,0.0,0.0,0.0,-2.3873097896575928
3109,0.0,1.6161727905273438,0.0,0.0,0.0,-1.9418267011642456
3110,0.0,1.023593544960022,0.0,0.0,0.0,-2.9982798099517822
3111,0.0,0.0,0.7738512754440308,0.0,0.0,0.5862943530082703
3112,0.0,1.4624634981155396,0.0,0.0,0.0,1.021966814994812
3113,0.0,0.9094641804695129,0.0,0.0,0.0,-2.9436566829681396
3114,0.0,0.1619109958410263,0.0,0.0,0.0,1.2003024816513062
3115,1.792869210243225,0.0,0.0,0.0,0.0,-3.08742356300354
3116,0.0,0.7740468978881836,0.0,0.0,0.0,0.9072059988975525
3117,0.0,0.2857338488101959,0.0,0.0,0.0,-0.03932669013738632
3118,0.0,1.0072540044784546,0.0,0.0,0.0,0.5960063934326172
3119,0.0,1.107730507850647,0.0,0.0,0.0,0.3183155059814453
3120,0.9516870975494385,0.4485349655151367,0.0,0.0,0.0,-0.3855733275413513
3121,1.4397133588790894,0.0,0.0,0.0,0.0,-1.7094635963439941
3122,0.0,1.309159517288208,0.0,0.0,0.0,-1.655799388885498
3123,1.5675020217895508,0.0,0.0,0.0,0.0,0.14546342194080353
3124,0.0,0.22536008059978485,0.0,0.0,0.0,-1.3629992008209229
3125,0.49116936326026917,0.3201034963130951,0.36511093378067017,0.0,0.0,2.986830949783325
3126,0.0,1.0543497800827026,0.0,0.0,0.0,-3.2863962650299072
3127,0.0,1.4450632333755493,0.0,0.0,0.0,-1.8844633102416992
3128,0.0,0.422163188457489,0.0,0.0,0.0,-1.5358749628067017
3129,0.0,0.7598344087600708,0.0,0.0,0.0,-1.8856792449951172
3130,0.0,0.5479556918144226,0.0,0.0,0.0,-1.350913166999817
3131,1.8287131786346436,0.0,0.0,0.0,0.0,-3.1026124954223633
3132,0.0,0.9295567274093628,0.0,0.0,0.0,1.5167303085327148
3133,0.0,0.35992202162742615,0.0,0.0,0.0,-0.20461979508399963
3134,0.0,0.26217159628868103,0.0,0.0,0.0,1.538386583328247
3135,0.0,0.0,1.779549241065979,0.0,0.0,-2.7519710063934326
3136,0.0,0.2908906042575836,0.0,0.0,0.0,0.26906001567840576
3137,0.0,0.961464524269104,0.0,0.0,0.0,-2.6256723403930664
3138,0.0,0.0,1.6416077613830566,0.0,0.0,-2.3660523891448975
3139,0.0,0.9575957655906677,0.0,0.0,0.0,-3.3121707439422607
3140,0.7756450176239014,0.0,0.0,0.0,0.0,1.038327693939209
3141,0.0,0.5162022113800049,0.0,0.0,0.0,0.10949905216693878
3142,0.0,0.7900927066802979,1.5616098642349243,1.431921362876892,0.0,-2.3654062747955322
3143,0.0,0.1943589150905609,0.39351096749305725,0.0,0.0,2.3258659839630127
3144,0.0,0.1732422113418579,0.0,0.0,0.0,0.1795022040605545
3145,0.4459833800792694,0.2779741883277893,0.0,0.5874501466751099,0.0,2.8550190925598145
3146,0.0,0.0,0.0,1.639591932296753,0.0,-3.137613534927368
3147,0.0,0.5603825449943542,0.0,0.0,0.0,-0.607049286365509
3148,0.0,0.22365310788154602,0.0,0.0,0.0,-0.760915219783783
3149,0.0,0.997036337852478,0.0,0.0,0.0,-3.135009288787842
3150,0.0,1.0802067518234253,0.0,0.0,0.0,-2.576974630355835
3151,0.0,0.5114170908927917,0.0,0.0,0.0,2.2974350452423096
3152,0.0,0.9404757618904114,0.0,0.0,0.0,-3.161508798599243
3153,0.0,0.0,0.4312388002872467,0.0,0.0,2.211773157119751
3154,0.0,0.3168492317199707,0.0,0.0,0.0,-1.6253600120544434
3155,0.0,1.2913328409194946,0.0,0.0,0.0,0.9827370047569275
3156,0.6320929527282715,0.0,0.0,0.0,0.0,-0.458160400390625
3157,0.0,0.7482907772064209,0.0,0.0,0.0,0.6319916248321533
3158,0.0,0.4885680675506592,0.0,0.0,0.0,-1.8838841915130615
3159,0.0,0.20229093730449677,0.0,0.0,0.0,0.681561291217804
3160,0.0,0.15831387042999268,0.0,0.0,0.0,0.47950148582458496
3161,0.0,0.46069619059562683,0.0,0.0,0.0,-1.4514626264572144
3162,0.0,0.7063952088356018,0.0,0.0,0.0,-0.392291784286499
3163,0.0,0.6257149577140808,0.0,0.0,0.0,-1.494563341140747
3164,1.6947526931762695,0.0,0.0,1.5665713548660278,0.0,-3.00531268119812
3165,1.5867782831192017,0.0,0.0,0.0,0.0,0.011058978736400604
3166,0.0,0.41202813386917114,0.0,0.0,0.0,-0.3288162052631378
3167,0.0,0.5033044219017029,0.0,0.0,0.0,0.15675468742847443
3168,0.0,0.0,1.823394775390625,0.0,0.0,-2.9723477363586426
3169,0.0,0.9186215400695801,0.0,0.0,0.0,-2.9685251712799072
3170,0.0,0.9636114835739136,0.0,0.0,0.0,-3.0966427326202393
3171,1.6999473571777344,0.0,0.0,0.0,0.0,0.0862712413072586
3172,0.0,0.9923003315925598,0.0,0.0,0.0,-2.8239896297454834
3173,0.0,0.9603722095489502,0.0,0.0,0.0,0.3321791887283325
3174,0.0,1.202812910079956,0.0,0.0,0.0,-0.7374224066734314
3175,1.3830689191818237,0.0,0.0,0.0,0.0,-0.1863623559474945
3176,0.0,0.9728212952613831,0.0,0.0,0.0,-1.3000082969665527
3177,0.0,1.0305581092834473,0.0,0.0,0.0,-3.0361478328704834
3178,0.0,0.9252910614013672,0.0,0.0,0.0,-3.1244914531707764
3179,0.0,1.5440915822982788,0.0,0.0,0.0,-1.6087210178375244
3180,0.0,1.3994100093841553,0.0,0.0,0.0,-1.8240236043930054
3181,0.0,0.0,0.0,0.9935979843139648,0.0,0.07545101642608643
3182,1.5959887504577637,0.7401242256164551,0.0,0.0,0.0,-3.156992197036743
3183,0.0,0.2793482840061188,0.0,0.0,0.0,1.2890081405639648
3184,0.0,1.0195170640945435,0.0,0.0,0.0,-2.7466201782226562
3185,0.0,1.4109928607940674,0.0,0.0,0.0,-1.7374694347381592
3186,0.5787421464920044,0.0,0.0,0.0,0.0,0.7383782267570496
3187,0.0,0.9283877611160278,0.0,0.0,0.0,-0.7277719378471375
3188,0.0,1.989404320716858,0.0,0.0,0.0,-0.6469133496284485
3189,0.0,1.020995855331421,0.0,0.0,0.0,-2.9637115001678467
3190,0.0,0.29384908080101013,0.0,0.0,0.0,-0.7288458943367004
3191,1.5693210363388062,0.0,0.0,0.0,0.0,-0.6373217701911926
3192,1.7237021923065186,0.0,0.0,0.0,0.0,-2.8445045948028564
3193,0.0,0.0,0.0,1.1171733140945435,0.0,-0.10390838980674744
3194,0.0,0.455511212348938,0.0,0.0,0.0,-2.1167337894439697
3195,0.0,0.0,1.5785123109817505,0.0,0.0,-2.122032642364502
3196,1.6095945835113525,0.0,0.0,0.0,0.0,-1.521033763885498
3197,0.0,0.0,1.7148919105529785,0.0,0.0,-2.6023757457733154
3198,1.0026553869247437,0.9709856510162354,0.0,0.0,0.0,1.9037234783172607
3199,0.0,0.4608340561389923,0.0,0.0,0.0,-1.3441846370697021
3200,1.996196985244751,0.0,0.0,0.0,0.0,-0.9984763860702515
3201,0.0,0.7274007201194763,0.0,0.0,0.0,-1.5262463092803955
3202,0.0,1.6213210821151733,0.0,0.0,0.0,-0.9019126296043396
3203,1.0015326738357544,0.0,0.0,0.0,0.0,0.003976941108703613
3204,0.0,1.2568689584732056,0.0,0.0,0.0,-1.949082612991333
3205,0.0,1.623607873916626,0.0,0.0,0.0,0.6797646880149841
3206,0.5335654020309448,0.24705131351947784,0.0,0.0,0.0,1.0608901977539062
3207,1.5768793821334839,0.6893317699432373,0.0,0.0,0.0,-3.2804067134857178
3208,0.0,0.0,1.7487165927886963,0.0,0.0,-2.7129745483398438
3209,0.0,0.0,1.194758415222168,0.0,0.0,-0.48546087741851807
3210,0.5121279954910278,0.0,0.0,0.0,0.0,1.3132603168487549
3211,0.0,0.24049389362335205,0.39193829894065857,0.5933155417442322,0.0,2.341529130935669
3212,0.8401703834533691,0.7097964286804199,0.5998373031616211,0.0,0.0,2.0758578777313232
3213,0.0,1.4093093872070312,0.0,0.0,0.0,-1.6916788816452026
3214,0.0,0.0,1.6996479034423828,0.0,0.0,-2.537966012954712
3215,0.0,0.298860102891922,0.0,0.0,0.0,0.5016998052597046
3216,0.0,1.1248835325241089,0.0,0.0,0.0,-1.088789463043213
3217,0.0,0.31570565700531006,0.0,0.0,0.0,2.6341991424560547
3218,0.0,0.9953696131706238,0.0,0.0,0.0,-2.9197142124176025
3219,0.0,0.6762570142745972,0.0,0.0,0.0,-1.3950426578521729
3220,0.0,0.9423534870147705,0.0,0.0,0.0,-3.1366426944732666
3221,1.9661520719528198,0.0,0.0,0.0,0.0,-1.3952198028564453
3222,1.7718743085861206,0.0,0.0,0.0,0.0,-2.963752508163452
3223,0.0,0.2759648561477661,0.0,0.0,0.0,0.6781943440437317
3224,0.0,1.3043560981750488,0.0,0.0,0.0,-1.5424866676330566
3225,0.0,0.9057291150093079,0.0,0.0,0.0,0.7844565510749817
3226,0.7071123719215393,0.0,0.540509045124054,0.7424671053886414,0.0,2.1745848655700684
3227,0.0,0.3858633041381836,0.0,0.0,0.0,1.094665288925171
3228,0.0,0.0,0.36489829421043396,0.0,0.0,3.198018789291382
3229,0.0,0.25166958570480347,0.0,0.0,0.0,3.215824842453003
3230,0.0,0.6415418386459351,0.0,0.0,0.0,-1.7249943017959595
3231,0.0,0.9211623072624207,0.0,0.0,0.0,-0.4822866916656494
3232,0.0,0.4814036190509796,0.0,0.0,0.0,-1.2978084087371826
3233,1.6588354110717773,0.0,0.0,0.0,0.0,-1.313197374343872
3234,0.0,2.181307315826416,0.0,0.0,0.0,-0.05045413225889206
3235,0.0,0.9232900142669678,0.0,0.0,0.0,-2.968858480453491
3236,0.0,0.9469882845878601,0.0,0.0,0.0,-3.279353380203247
3237,0.0,0.0,0.0,1.6653087139129639,0.0,-3.2949469089508057
3238,0.0,0.24211128056049347,0.0,0.0,0.0,0.47712308168411255
3239,0.0,0.1877509206533432,0.26813405752182007,0.5093448758125305,0.0,3.6574909687042236
3240,0.0,1.3893402814865112,0.0,0.0,0.0,-1.4058005809783936
3241,0.0,1.7598243951797485,0.0,0.0,0.0,-1.3564258813858032
3242,1.7219246625900269,0.0,0.0,0.0,0.0,-2.666266679763794
3243,0.0,1.0754848718643188,0.0,0.0,0.0,-0.6766193509101868
3244,0.0,0.36027148365974426,0.0,0.0,0.0,-0.058018676936626434
3245,1.7175763845443726,0.0,0.0,0.0,0.0,-1.899285078048706
3246,0.0,0.916783332824707,0.0,0.0,0.0,-0.05631166696548462
3247,0.0,0.24525971710681915,0.0,0.0,0.0,0.37353044748306274
3248,0.0,0.9512743353843689,0.0,0.0,0.0,-2.807744264602661
3249,1.4776711463928223,0.0,1.3370461463928223,0.0,0.0,-1.3169429302215576
3250,0.0,1.0101549625396729,0.0,0.0,0.0,-2.7601723670959473
3251,1.7100341320037842,0.0,0.0,0.0,0.0,-2.7365362644195557
3252,1.6863046884536743,0.0,0.0,0.0,0.0,-1.88397216796875
3253,0.8749626874923706,0.0,0.0,0.0,0.0,0.18367566168308258
3254,0.0,1.2381325960159302,0.0,0.0,0.0,-1.3679709434509277
3255,0.0,0.4701192378997803,0.0,0.0,0.0,-0.3827151656150818
3256,0.0,0.6873987913131714,0.0,0.0,0.0,-1.1235496997833252
3257,0.0,0.0,1.7042723894119263,0.0,0.0,-2.5765469074249268
3258,0.0,0.0,1.2461814880371094,0.0,0.0,-0.7080380916595459
3259,0.0,0.0,0.6991713643074036,0.0,0.0,0.5934266448020935
3260,0.0,1.0834200382232666,0.0,0.0,0.0,-2.367126703262329
3261,0.0,0.9584851861000061,0.0,0.0,0.0,1.5498745441436768
3262,0.0,0.9562463760375977,0.0,0.0,0.0,-3.0441572666168213
3263,0.0,0.5046398043632507,0.0,0.0,0.0,0.10612557828426361
3264,0.0,0.7661558985710144,0.0,0.0,0.0,2.0923659801483154
3265,1.8291922807693481,0.0,0.0,0.0,0.0,-1.436945915222168
3266,0.486629843711853,0.0,0.0,0.0,0.0,2.061387777328491
3267,0.0,0.7288030385971069,0.0,0.0,0.0,0.5498024821281433
3268,0.0,1.366949439048767,0.0,0.0,0.0,0.13585589826107025
3269,0.0,0.46004053950309753,0.0,0.0,0.0,1.2610325813293457
3270,0.0,0.5871864557266235,0.0,0.0,0.0,0.05493248999118805
3271,1.7819286584854126,0.0,0.0,0.0,0.0,-3.1967461109161377
3272,0.0,1.6100873947143555,0.0,0.0,0.0,-1.3439431190490723
3273,0.3779640197753906,0.20527184009552002,0.0,0.0,0.0,3.2091124057769775
3274,1.3725699186325073,0.0,0.0,0.0,0.0,-1.0523227453231812
3275,0.0,0.0,1.0549907684326172,0.0,0.0,0.03527615964412689
3276,0.0,1.1102910041809082,0.0,0.0,0.0,-2.4037749767303467
3277,0.0,0.15962743759155273,0.0,0.0,0.0,0.18102748692035675
3278,0.0,0.9871422648429871,0.0,0.0,0.0,-2.632662057876587
3279,1.7524633407592773,0.0,0.0,0.0,0.0,-2.8184621334075928
3280,0.9204502105712891,0.3938904404640198,0.0,1.0340396165847778,0.0,-0.8860949277877808
3281,1.094893455505371,0.0,0.0,0.0,0.0,-0.1941332370042801
3282,0.0,0.0,1.0782198905944824,0.0,0.0,-0.07010642439126968
3283,0.0,1.5504016876220703,0.0,0.0,0.0,-2.113140821456909
3284,1.7690016031265259,0.0,0.0,0.0,0.0,-2.9211184978485107
3285,0.42676088213920593,0.20630277693271637,0.0,0.0,0.0,1.866805076599121
3286,0.7402054071426392,0.3649604618549347,0.0,0.0,0.0,0.48195773363113403
3287,0.0,0.9168470501899719,0.0,0.0,0.0,-2.800179958343506
3288,0.0,0.0,1.627906322479248,0.0,0.0,-2.30141282081604
3289,0.0,1.009540319442749,0.0,0.0,0.0,-2.432492971420288
3290,0.0,0.33496880531311035,0.0,0.0,0.0,-1.7091913223266602
3291,0.5113374590873718,0.17306065559387207,0.6548689603805542,0.0,0.0,0.04561646282672882
3292,0.0,0.0,1.621798038482666,0.0,0.0,-2.274033784866333
3293,0.0,1.0123485326766968,0.0,0.0,0.0,-2.6669328212738037
3294,0.7146763801574707,0.0,0.0,0.0,0.0,0.38123369216918945
3295,0.48324137926101685,0.0,0.0,0.0,0.0,3.245347738265991
3296,1.7153079509735107,0.0,0.0,0.0,0.0,-2.854663372039795
3297,1.561734676361084,1.436171293258667,0.0,0.0,0.0,0.21947790682315826
3298,1.1451632976531982,0.7483600378036499,0.0,0.0,0.0,0.024527519941329956
3299,1.8585597276687622,0.0,0.0,1.3935163021087646,0.0,-0.8761283755302429
3300,1.1883848905563354,0.0,0.0,0.0,0.0,0.40265464782714844
3301,0.0,0.49886104464530945,0.0,0.0,0.0,0.09792475402355194
3302,0.0,1.3425533771514893,0.0,0.0,0.0,-0.9278339743614197
3303,0.0,0.9413440823554993,0.0,0.0,0.0,-3.035670280456543
3304,0.0,0.0,0.0,1.0102486610412598,0.0,0.1467268019914627
3305,1.7074698209762573,0.0,0.0,0.0,0.0,-2.9756314754486084
3306,1.887807846069336,0.0,0.0,0.0,0.0,-2.151550769805908
3307,0.0,0.6677454113960266,0.0,0.0,0.0,-0.39753270149230957
3308,1.738713264465332,0.0,0.0,0.0,0.0,-3.077626943588257
3309,0.0,1.4807190895080566,0.0,0.0,0.0,-1.7587635517120361
3310,0.0,0.17782360315322876,0.0,0.0,0.0,1.352822184562683
3311,0.6017983555793762,0.5171023011207581,0.0,0.6616756916046143,0.0,2.783318281173706
3312,0.0,1.9823901653289795,0.0,0.0,0.0,0.7148683667182922
3313,1.8527147769927979,0.0,0.0,0.0,0.0,-0.5409165620803833
3314,0.0,0.22118067741394043,0.0,0.0,0.0,0.5774144530296326
3315,1.4762938022613525,0.6875008344650269,0.0,0.0,0.0,-2.6833488941192627
3316,0.0,1.1234701871871948,0.0,0.0,0.0,1.7747527360916138
3317,0.0,0.0,1.3488774299621582,0.0,0.0,-1.0088701248168945
3318,0.0,0.0,1.2204035520553589,0.0,0.0,-0.9663035273551941
3319,0.0,0.5132636427879333,0.0,0.0,0.0,1.6240530014038086
3320,0.0,0.9771327972412109,0.0,0.0,0.0,-2.746424913406372
3321,0.0,1.4203567504882812,0.0,0.0,0.0,-1.7146100997924805
3322,0.0,0.22603090107440948,0.0,0.0,0.0,-0.6987388730049133
3323,0.0,1.0338125228881836,0.0,0.0,0.0,-3.688887596130371
3324,0.0,0.3739171028137207,0.0,0.0,0.0,-0.4856569766998291
3325,0.0,1.0002567768096924,0.0,0.0,0.0,-3.1322994232177734
3326,1.744620680809021,0.0,0.0,0.0,0.0,-0.045013755559921265
3327,0.0,1.0111994743347168,0.0,0.0,0.0,-2.472564458847046
3328,0.0,0.0,1.7252676486968994,0.0,0.0,-2.604771375656128
3329,0.0,0.9797329306602478,0.0,0.0,0.0,-3.1765339374542236
3330,0.0,2.044239044189453,0.0,0.0,0.0,-0.3215267062187195
3331,0.0,0.9524661302566528,0.0,0.0,0.0,-2.84035325050354
3332,0.0,1.2684608697891235,0.0,0.0,0.0,2.130934953689575
3333,0.0,0.9572065472602844,0.0,0.0,0.0,-3.3764469623565674
3334,1.8330525159835815,0.0,0.0,0.0,0.0,-0.8064479827880859
3335,0.0,0.7189214825630188,0.0,0.0,0.0,-0.7150049805641174
3336,1.8116041421890259,0.0,0.0,0.0,0.0,-0.9974539279937744
3337,0.0,0.6664766073226929,0.0,0.0,0.0,-0.4002443552017212
3338,1.102141261100769,0.0,0.0,0.0,0.0,-1.3750066757202148
3339,1.1460683345794678,0.0,0.0,0.0,0.0,-0.7408075928688049
3340,0.37283992767333984,0.21070513129234314,0.0,0.0,0.0,3.2664690017700195
3341,1.2130485773086548,0.0,0.0,0.0,0.0,1.2631947994232178
3342,0.0,0.0,0.0,0.9195635914802551,0.0,0.5789022445678711
3343,0.0,0.0,1.8087525367736816,0.0,0.0,-2.9095706939697266
3344,0.0,1.4695020914077759,0.0,0.0,0.0,-1.7963820695877075
3345,1.6931065320968628,0.0,0.0,0.0,0.0,-2.738434314727783
3346,0.0,1.4328725337982178,0.0,0.0,0.0,-1.818910837173462
3347,0.0,1.2208595275878906,0.0,0.0,0.0,-1.831972599029541
3348,1.745186686515808,0.0,0.0,0.0,0.0,-3.0647170543670654
3349,0.0,0.9129020571708679,0.0,0.0,0.0,-0.8572826981544495
3350,0.0,0.2935623526573181,0.0,0.0,0.0,0.29931145906448364
3351,0.0,1.4719734191894531,0.0,0.0,0.0,-1.4287762641906738
3352,0.0,0.0,0.0,0.8708604574203491,0.0,0.327193021774292
3353,0.0,0.0,0.3750511407852173,0.0,0.0,3.07478404045105
3354,0.0,0.0,1.2730337381362915,0.0,0.0,-0.9129726886749268
3355,0.0,0.5587274432182312,0.0,0.0,0.0,-0.8860528469085693
3356,1.746945858001709,0.0,0.0,0.0,0.0,-2.9028818607330322
3357,0.3898816704750061,0.2195519655942917,0.0,0.0,0.0,3.153606653213501
3358,0.0,1.483185052871704,0.0,0.0,0.0,-1.4558957815170288
3359,0.0,0.9513168334960938,0.0,0.0,0.0,1.1853313446044922
3360,0.0,0.896415650844574,0.0,0.0,0.0,-1.1728119850158691
3361,0.0,1.5856194496154785,0.0,0.0,0.0,-1.6556077003479004
3362,0.0,0.8309223055839539,0.0,0.0,0.0,0.35007673501968384
3363,0.0,1.4347481727600098,0.0,0.0,0.0,-1.5965275764465332
3364,0.0,0.6439060568809509,0.0,0.0,0.0,-7.715821266174316e-05
3365,1.6537439823150635,0.0,0.0,0.0,0.0,-1.3859050273895264
3366,0.0,0.2921750843524933,0.0,0.0,0.0,-0.576196551322937
3367,0.0,0.24967627227306366,0.0,0.0,0.0,-0.5982719659805298
3368,0.7695390582084656,0.0,0.0,0.0,0.0,1.3419381380081177
3369,1.8568284511566162,0.0,0.0,0.0,0.0,-1.0296155214309692
3370,0.0,1.474946141242981,0.0,0.0,0.0,-0.3756577968597412
3371,0.0,1.34952712059021,0.0,0.0,0.0,-1.9902774095535278
3372,1.1526806354522705,0.0,0.0,0.0,0.0,0.9135066866874695
3373,0.0,1.23703134059906,0.0,0.0,0.0,-0.33152133226394653
3374,0.0,1.2882200479507446,0.0,0.0,0.0,1.5544875860214233
3375,0.0,1.4658515453338623,0.0,0.0,0.0,0.9435765147209167
3376,0.0,0.973632276058197,0.0,0.0,0.0,-3.174497127532959
3377,0.0,0.9655956625938416,0.0,0.0,0.0,-2.9902687072753906
3378,0.0,0.9395585656166077,0.0,0.0,0.0,-2.8431808948516846
3379,0.0,2.362436532974243,0.0,0.0,0.0,0.2615053653717041
3380,0.0,2.3855574131011963,0.0,0.0,0.0,-0.6893143057823181
3381,1.599327564239502,0.0,0.0,0.0,0.0,-1.0109210014343262
3382,0.0,0.9037045240402222,0.0,0.0,0.0,1.4461910724639893
3383,0.0,0.6520076990127563,0.0,0.0,0.0,-1.646601676940918
3384,0.0,0.14388248324394226,0.0,0.0,0.0,1.0884015560150146
3385,0.0,0.0,0.0,0.9500571489334106,0.0,0.9040737748146057
3386,0.7413963675498962,0.29645678400993347,0.0,0.0,0.0,-0.48592251539230347
3387,0.0,0.933302104473114,0.0,0.0,0.0,-2.4634945392608643
3388,0.0,1.4406300783157349,0.0,0.0,0.0,-1.6764122247695923
3389,0.0,0.5375827550888062,0.0,0.0,0.0,-0.5906122326850891
3390,0.0,0.9636367559432983,0.0,0.0,0.0,-2.9105331897735596
3391,1.7430474758148193,0.0,0.0,0.0,0.0,-2.9658968448638916
3392,0.0,0.9601423740386963,0.0,0.0,0.0,-2.998278856277466
3393,0.0,0.7354495525360107,0.0,0.0,0.0,-0.5507223606109619
3394,0.0,0.4718441665172577,0.0,0.0,0.0,1.9859747886657715
3395,0.0,0.7721362113952637,0.0,0.0,0.0,0.5009688138961792
3396,0.0,0.9651929140090942,0.0,0.0,0.0,-2.6197710037231445
3397,0.0,2.4962821006774902,0.0,0.0,0.0,-0.12763816118240356
3398,0.0,0.8405942320823669,0.0,0.0,0.0,-0.2558729350566864
3399,1.781302571296692,0.0,0.0,0.0,0.0,-2.9411962032318115
3400,0.0,0.0,1.4463659524917603,0.0,0.0,-1.5551512241363525
3401,1.7659680843353271,0.0,0.0,0.0,0.0,-1.8311891555786133
3402,0.0,0.8994725346565247,0.0,0.0,0.0,-3.092785120010376
3403,1.787536382675171,0.0,0.0,0.0,0.0,-1.9103906154632568
3404,0.0,1.3001328706741333,0.0,0.0,0.0,-1.9752283096313477
3405,0.0,0.0,1.6399046182632446,0.0,0.0,-2.3533756732940674
3406,0.0,1.8319246768951416,0.0,0.0,0.0,-0.4571124315261841
3407,0.8253155946731567,0.7055888772010803,0.0,0.0,0.0,1.7943350076675415
3408,0.0,1.0344667434692383,0.0,0.0,0.0,-3.2253987789154053
3409,1.487007975578308,0.0,0.0,0.0,0.0,-0.08302976191043854
3410,1.3042457103729248,0.8692216873168945,1.1463099718093872,0.0,0.0,-0.5802152156829834
3411,1.0086175203323364,0.0,0.0,0.0,0.0,0.6595078706741333
3412,1.022873878479004,0.0,0.0,0.0,0.0,-0.1916223019361496
3413,0.0,0.9186401963233948,0.0,0.0,0.0,-0.5241729617118835
3414,1.5758455991744995,0.0,0.0,0.0,0.0,0.3845505714416504
3415,0.0,1.004272222518921,0.0,0.0,0.0,0.8680738210678101
3416,0.0,0.667676568031311,0.0,0.0,0.0,1.089272379875183
3417,0.0,0.931392252445221,0.0,0.0,0.0,-2.899617910385132
3418,0.0,0.9995717406272888,0.0,0.0,0.0,-3.140150308609009
3419,0.0,0.2683354914188385,0.3948434591293335,0.0,0.0,2.54870343208313
3420,1.7458412647247314,0.0,0.0,0.0,0.0,-1.6220178604125977
3421,0.0,1.8072861433029175,0.0,0.0,0.0,-1.1839543581008911
3422,0.0,1.5444443225860596,0.0,0.0,0.0,0.47254592180252075
3423,1.7497060298919678,0.0,0.0,0.0,0.0,-2.856961488723755
3424,0.0,1.035839319229126,0.0,0.0,0.0,-2.400346040725708
3425,0.0,1.03011953830719,0.0,0.0,0.0,-3.0204827785491943
3426,1.9246398210525513,0.0,0.0,0.0,0.0,-2.08695125579834
3427,0.0,1.9917902946472168,0.0,0.0,0.0,-0.771869957447052
3428,0.0,1.582079291343689,0.0,0.0,0.0,-1.2700797319412231
3429,1.8073331117630005,0.0,0.0,0.0,0.0,-1.9411344528198242
3430,0.0,0.912818968296051,0.0,0.0,0.0,-2.877988815307617
3431,0.0,0.33113858103752136,0.0,0.0,0.0,2.1170432567596436
3432,1.8292274475097656,0.0,0.0,0.0,0.0,-3.2583088874816895
3433,1.7777913808822632,0.0,0.0,0.0,0.0,-3.1371397972106934
3434,1.5736806392669678,1.0743722915649414,0.0,0.0,0.0,-1.2427990436553955
3435,0.0,0.13667285442352295,0.0,0.0,0.0,0.8024635910987854
3436,1.1122809648513794,0.0,0.0,0.0,0.0,1.1975022554397583
3437,1.0639903545379639,0.0,0.0,0.0,0.0,1.4637362957000732
3438,0.0,0.9566982984542847,0.0,0.0,0.0,-3.0600504875183105
3439,0.0,1.351879596710205,0.0,0.0,0.0,-1.0617421865463257
3440,0.0,0.0,0.7265704870223999,0.0,0.0,0.8987807631492615
3441,0.0,0.8666872978210449,0.0,0.0,0.0,-2.7348759174346924
3442,0.0,1.599743366241455,0.0,0.0,0.0,-0.48782873153686523
3443,0.0,0.0,1.6437304019927979,0.0,0.0,-2.3216240406036377
3444,0.0,0.9297220706939697,0.0,0.0,0.0,-2.6334407329559326
3445,0.7928206324577332,0.0,0.0,0.0,0.0,-0.814513623714447
3446,1.2105441093444824,0.0,0.0,0.0,0.0,-0.5273059606552124
3447,0.0,0.35365191102027893,0.0,0.0,0.0,-1.0501192808151245
3448,0.0,0.9260069131851196,0.0,0.0,0.0,-3.028135299682617
3449,0.0,0.46056365966796875,0.0,0.0,0.0,-1.9796428680419922
3450,0.0,0.35349947214126587,0.0,0.0,0.0,-1.6785047054290771
3451,0.39470651745796204,0.2220383584499359,0.0,0.0,0.0,3.0480170249938965
3452,1.7964603900909424,0.0,0.0,0.0,0.0,-3.3146719932556152
3453,0.0,0.387885183095932,0.0,0.0,0.0,-0.491696834564209
3454,0.0,0.0,0.6096875667572021,0.0,0.0,1.5300874710083008
3455,1.7221895456314087,0.0,0.0,0.0,0.0,-2.816534996032715
3456,0.9230644702911377,0.0,0.0,0.0,0.0,0.25558751821517944
3457,0.0,1.5116798877716064,0.0,1.118525505065918,0.0,1.0506525039672852
3458,0.0,0.29016488790512085,0.0,0.0,0.0,2.822298765182495
3459,0.0,0.9796611070632935,0.0,0.0,0.0,-2.516751527786255
3460,0.0,0.14146515727043152,0.0,0.6683851480484009,0.0,0.7823907136917114
3461,0.0,0.0,1.6111171245574951,0.0,0.0,-2.221144437789917
3462,1.6271861791610718,0.0,0.0,0.0,0.0,0.078560471534729
3463,0.0,0.8956530690193176,0.0,0.0,0.0,1.2861433029174805
3464,0.0,1.142793893814087,0.0,0.0,0.0,-2.612128496170044
3465,0.0,1.2748281955718994,0.0,0.0,0.0,-1.9113011360168457
3466,0.0,0.0,1.6089876890182495,0.0,0.0,-2.2078163623809814
3467,0.7288853526115417,0.42777004837989807,0.0,0.0,0.0,1.05337393283844
3468,1.7778239250183105,0.0,0.0,0.0,0.0,-2.985938787460327
3469,0.0,0.7319839596748352,0.0,0.0,0.0,1.2965295314788818
3470,1.6796501874923706,0.0,0.0,0.0,0.0,-2.6179375648498535
3471,0.6790409684181213,0.3396180272102356,0.0,0.0,0.0,0.8916633725166321
3472,1.0773310661315918,0.0,0.0,0.0,0.0,0.02067127823829651
3473,1.8401474952697754,0.0,0.0,0.0,0.0,-3.2412731647491455
3474,0.0,0.32001569867134094,0.0,0.0,0.0,2.4744231700897217
3475,0.0,0.0,0.6256453990936279,0.0,0.0,1.6232473850250244
3476,0.919044554233551,0.0,0.0,0.0,0.0,1.52505624294281
3477,1.7059950828552246,1.3234541416168213,0.0,0.0,0.0,-1.1243979930877686
3478,1.7533034086227417,0.0,0.0,0.0,0.0,-3.039323329925537
3479,0.0,0.8178775906562805,1.6700325012207031,0.0,0.0,-2.709808826446533
3480,0.0,0.317087322473526,0.0,0.0,0.0,0.5744782090187073
3481,0.0,0.3335847556591034,0.0,0.0,0.0,1.1474164724349976
3482,0.9550222158432007,0.0,0.0,0.0,0.0,-1.5202906131744385
3483,0.0,0.9276368618011475,0.0,0.0,0.0,-2.9856503009796143
3484,0.0,1.277812123298645,0.0,0.0,0.0,-1.05458402633667
3485,0.0,1.0363738536834717,0.0,0.0,0.0,0.4131525754928589
3486,0.0,0.2912493646144867,0.0,0.0,0.0,2.6953322887420654
3487,0.0,1.6864463090896606,0.0,0.0,0.0,-1.4996185302734375
3488,0.0,0.953516960144043,0.0,0.0,0.0,-3.0027568340301514
3489,0.0,0.4684089422225952,0.0,0.0,0.0,-1.2736876010894775
3490,0.0,1.3844220638275146,0.0,0.0,0.0,-0.7419747114181519
3491,0.0,1.0682858228683472,0.0,0.0,0.0,-2.3970425128936768
3492,0.0,0.9637428522109985,0.0,0.0,0.0,-3.204773426055908
3493,0.0,1.119892954826355,0.0,0.0,0.0,-0.3214079737663269
3494,0.0,0.3136075735092163,0.0,0.0,0.0,-1.2777059078216553
3495,0.0,0.45427802205085754,0.0,0.0,0.0,-1.0835633277893066
3496,0.36647969484329224,0.1244698092341423,0.0,0.0,0.0,1.1867525577545166
3497,0.0,0.6346327066421509,0.0,0.0,0.0,-0.829021155834198
3498,0.0,2.1523842811584473,0.0,0.0,0.0,-0.8324645161628723
3499,1.2757824659347534,1.1206474304199219,0.0,0.0,0.0,0.7338783144950867
3500,0.0,1.419942021369934,0.0,0.0,0.0,-2.1316945552825928
3501,0.0,0.5887301564216614,0.0,0.0,0.0,-1.2692104578018188
3502,0.8226093649864197,0.7556079030036926,0.0,0.0,0.0,2.3186194896698
3503,0.0,0.9476124048233032,0.0,0.0,0.0,-3.1069419384002686
3504,0.0,0.20556890964508057,0.0,0.0,0.0,-0.43655961751937866
3505,0.0,0.8596311807632446,0.0,0.0,0.0,-0.753147542476654
3506,0.0,0.0,1.3572219610214233,0.0,0.0,-1.1881530284881592
3507,0.0,1.5783469676971436,0.0,0.0,0.0,-1.7875736951828003
3508,0.0,1.01504385471344,0.0,0.0,0.0,-2.9851889610290527
3509,0.0,0.15197254717350006,0.0,0.0,0.0,-0.43030303716659546
3510,1.780924677848816,0.0,0.0,0.0,0.0,-1.213533639907837
3511,0.0,0.0,0.0,1.2978193759918213,0.0,-1.3379420042037964
3512,0.0,0.9761852622032166,0.0,0.0,0.0,-3.0718183517456055
3513,0.0,1.4550055265426636,0.0,0.0,0.0,-1.3827400207519531
3514,1.1497795581817627,0.0,0.0,0.0,0.0,-1.3025720119476318
3515,0.0,0.41214466094970703,0.0,0.0,0.0,-1.0713454484939575
3516,0.0,0.3744124174118042,0.0,0.0,0.0,-1.3141870498657227
3517,0.0,1.534736156463623,0.0,0.0,0.0,0.6901822686195374
3518,0.3831954002380371,0.0,0.31399181485176086,0.0,0.0,3.1243174076080322
3519,0.0,0.2734447121620178,0.0,0.7282363176345825,0.0,1.2411201000213623
3520,0.0,0.7369696497917175,0.6032687425613403,0.0,0.0,2.123884916305542
3521,0.9536814093589783,0.5042214393615723,0.0,0.0,0.0,0.00771176815032959
3522,0.0,0.0,1.239290714263916,0.0,0.0,-0.6700528264045715
3523,0.0,0.9257224798202515,0.0,0.0,0.0,-2.8967607021331787
3524,1.5404865741729736,0.9117171168327332,0.0,0.0,0.0,-1.8389487266540527
3525,0.0,0.0,1.0920381546020508,0.0,0.0,-0.47753632068634033
3526,1.760495662689209,0.0,0.0,0.0,0.0,-2.498589277267456
3527,0.0,1.3723151683807373,0.0,0.0,0.0,-1.1182527542114258
3528,0.0,0.9798058867454529,0.0,0.0,0.0,0.3169739246368408
3529,0.0,0.3363814353942871,0.0,0.0,0.0,-1.5546566247940063
3530,0.0,1.626557469367981,0.0,0.0,0.0,-1.7123247385025024
3531,0.0,0.9923686981201172,0.0,0.0,0.0,-2.521204710006714
3532,1.8733172416687012,0.0,0.0,0.0,0.0,-3.536604642868042
3533,1.7623989582061768,0.0,0.0,0.0,0.0,-0.6344993114471436
3534,0.0,1.7265262603759766,0.0,0.0,0.0,-1.3231308460235596
3535,0.0,1.0142059326171875,0.0,0.0,0.0,-1.0228575468063354
3536,1.730932354927063,0.0,0.0,0.0,0.0,-2.5480234622955322
3537,0.0,0.40489593148231506,0.0,0.0,0.0,1.6574671268463135
3538,0.0,0.5649856925010681,0.5283781290054321,0.7198643088340759,0.0,2.357029676437378
3539,0.0,0.0,0.0,1.2980762720108032,0.0,-0.970370352268219
3540,0.0,0.44414418935775757,0.0,0.0,0.0,-0.01848764717578888
3541,0.0,0.0,1.2258365154266357,0.0,0.0,-0.7128117680549622
3542,0.7431955933570862,0.62949538230896,0.0,0.0,0.0,2.365593433380127
3543,0.0,0.0,1.1997830867767334,0.0,0.0,-1.3587591648101807
3544,0.0,1.4190986156463623,0.0,0.0,0.0,-1.7009472846984863
3545,0.0,2.0134639739990234,0.0,0.0,0.0,0.11048473417758942
3546,0.0,0.2934207320213318,0.0,0.0,0.0,2.864738702774048
3547,0.0,0.894008457660675,0.0,0.0,0.0,-2.9915049076080322
3548,0.9542770385742188,0.0,0.0,0.0,0.0,1.1091046333312988
3549,0.0,2.1469836235046387,0.0,0.0,0.0,0.2985082268714905
3550,0.7928410172462463,0.4242720901966095,0.0,0.8950532078742981,0.0,0.36600327491760254
3551,0.0,1.0299673080444336,0.0,0.0,0.0,-2.98931884765625
3552,1.837761402130127,0.0,0.0,0.0,0.0,-2.0055391788482666
3553,0.0,0.9725070595741272,0.0,0.0,0.0,-3.521050214767456
3554,0.0,0.0,0.8659338355064392,0.0,0.0,0.6500833630561829
3555,0.0,1.2617336511611938,0.0,0.0,0.0,-1.2461867332458496
3556,1.6039384603500366,0.0,0.0,0.0,0.0,-0.53413987159729
3557,0.0,1.034609079360962,0.0,0.0,0.0,-3.1738858222961426
3558,0.0,1.0963079929351807,0.0,0.0,0.0,-1.051463007926941
3559,0.0,1.62248694896698,0.0,0.0,0.0,0.8113692402839661
3560,0.5550875663757324,0.18238310515880585,0.0,0.0,0.0,-0.16140052676200867
3561,0.0,1.3691996335983276,0.0,0.0,0.0,-2.1348609924316406
3562,0.0,0.2919616401195526,0.0,0.0,0.0,1.3793957233428955
3563,0.0,0.3356657028198242,0.0,0.0,0.0,2.4696834087371826
3564,0.4455290734767914,0.0,0.3429373800754547,0.0,0.0,3.243647336959839
3565,0.0,0.9598649144172668,0.0,0.0,0.0,-2.9016034603118896
3566,0.0,0.8245100975036621,0.0,1.5333207845687866,0.0,-2.9234859943389893
3567,0.0,0.2407396137714386,0.0,0.0,0.0,3.0349977016448975
3568,0.0,0.8482918739318848,0.0,0.0,0.0,0.9199590086936951
3569,0.0,0.8901818990707397,0.0,0.0,0.0,-1.3770172595977783
3570,1.7676312923431396,0.0,0.0,0.0,0.0,-2.9372100830078125
3571,0.0,0.4342610836029053,0.0,0.0,0.0,-0.04073020815849304
3572,1.786383032798767,0.0,0.0,0.0,0.0,-3.22758412361145
3573,0.6554399132728577,0.0,0.0,0.0,0.0,0.09831027686595917
3574,1.7126708030700684,0.0,0.0,0.0,0.0,-1.147412896156311
3575,1.8400795459747314,0.0,0.0,0.0,0.0,-1.966434121131897
3576,0.0,0.9713572263717651,0.0,0.0,0.0,-2.835728406906128
3577,1.2084558010101318,0.0,0.0,0.0,0.0,-0.06582234799861908
3578,0.0,0.24748070538043976,0.0,0.0,0.0,-0.39322882890701294
3579,0.0,1.9150152206420898,0.0,0.0,0.0,-0.5754644870758057
3580,1.5710687637329102,0.7012222409248352,0.0,0.0,0.0,-3.1803128719329834
3581,0.0,0.793999969959259,0.0,0.0,0.0,-1.0843360424041748
3582,0.0,0.951634407043457,0.0,0.0,0.0,-2.8449866771698
3583,0.0,0.0,0.0,1.4247621297836304,0.0,-1.7503013610839844
3584,0.0,0.8197187185287476,0.0,0.0,0.0,-0.5150184035301208
3585,0.0,1.0936133861541748,0.0,0.0,0.0,0.47749704122543335
3586,0.4995628297328949,0.0,0.0,0.0,0.0,1.5270706415176392
3587,1.957770824432373,0.0,0.0,0.0,0.0,-1.1372328996658325
3588,0.0,1.3562167882919312,0.0,0.0,0.0,-1.7498478889465332
3589,0.0,1.1473029851913452,0.0,0.0,0.0,0.33689194917678833
3590,0.0,0.14603331685066223,0.0,0.0,0.0,0.6492637991905212
3591,0.0,0.23964209854602814,0.0,0.0,0.0,3.0979671478271484
3592,0.0,0.9039786458015442,0.0,0.0,0.0,-3.1710641384124756
3593,0.0,0.0,1.3710346221923828,0.0,0.0,-1.2285428047180176
3594,0.0,0.9697597622871399,0.0,0.0,0.0,-2.631457567214966
3595,0.7187691926956177,0.0,0.0,0.0,0.0,1.088827133178711
3596,1.5644371509552002,0.7735641598701477,0.0,0.0,0.0,-2.717717409133911
3597,0.0,0.8084412217140198,1.7169976234436035,0.0,0.0,-2.8906280994415283
3598,0.0,1.0127582550048828,0.0,0.0,0.0,1.1586602926254272
3599,0.0,0.0,1.2309024333953857,0.0,0.0,-0.8541015386581421
3600,0.0,0.4383331537246704,0.0,0.0,0.0,-0.02960307151079178
3601,0.0,1.0616176128387451,0.0,0.0,0.0,-0.06194207817316055
3602,0.0,0.6040485501289368,0.0,0.0,0.0,0.3012450933456421
3603,0.0,0.7877324223518372,0.0,0.0,0.0,-1.6011366844177246
3604,1.7932771444320679,0.0,0.0,0.0,0.0,-3.199578046798706
3605,0.0,0.3798932135105133,0.0,0.0,0.0,-2.0594356060028076
3606,0.0,0.8337438702583313,0.0,0.0,0.0,-1.7024617195129395
3607,0.0,1.6000016927719116,0.0,0.0,0.0,-1.4286646842956543
3608,0.0,1.1254363059997559,0.0,0.0,0.0,1.463551640510559
3609,0.0,0.0,0.862643837928772,0.0,0.0,-0.04382038116455078
3610,0.0,2.1678266525268555,0.0,0.0,0.0,-0.7256937623023987
3611,0.546620786190033,0.0,0.0,0.0,0.0,1.2670021057128906
3612,0.0,1.1384446620941162,0.0,0.0,0.0,-0.05757211148738861
3613,0.0,0.21122121810913086,0.0,0.0,0.0,0.39973437786102295
3614,0.0,0.9569731950759888,0.0,0.0,0.0,-3.105358839035034
3615,0.0,0.5383466482162476,0.0,0.0,0.0,-1.331356406211853
3616,0.0,0.22852225601673126,0.0,0.0,0.0,0.23164038360118866
3617,0.0,1.656856656074524,0.0,0.0,0.0,-1.5687509775161743
3618,0.0,1.0588507652282715,0.0,0.0,0.0,1.9100515842437744
3619,0.0,1.1670032739639282,0.0,0.0,0.0,-1.776512622833252
3620,0.0,0.749130129814148,0.0,0.0,0.0,-0.212873637676239
3621,0.3919624388217926,0.22920164465904236,0.0,0.0,0.0,3.1223490238189697
3622,0.0,1.777485728263855,0.0,0.0,0.0,1.228898048400879
3623,0.0,0.6417379975318909,0.0,0.0,0.0,-1.6993812322616577
3624,0.0,0.0,0.6697772145271301,0.0,0.0,1.5625470876693726
3625,0.0,1.364166021347046,0.0,0.0,0.0,-0.4608442187309265
3626,0.0,0.7862401604652405,0.0,0.0,0.0,-0.09826350212097168
3627,0.0,1.8459714651107788,0.0,0.0,0.0,0.7592752575874329
3628,1.0592306852340698,0.0,0.0,0.0,0.0,0.08111146092414856
3629,0.0,0.667762041091919,0.0,0.0,0.0,-1.756633996963501
3630,0.0,1.8171539306640625,0.0,0.0,0.0,-0.9069312214851379
3631,1.7716972827911377,0.0,0.0,0.0,0.0,-2.9940025806427
3632,0.0,0.5801677107810974,0.0,0.0,0.0,-1.830161690711975
3633,0.5895766019821167,0.283908486366272,0.0,0.0,0.0,0.7097315192222595
3634,0.5906518697738647,0.21562518179416656,0.0,0.7796486616134644,0.0,0.3115459680557251
3635,0.0,1.0699907541275024,0.0,0.0,0.0,-2.2689414024353027
3636,1.784699559211731,0.0,0.0,0.0,0.0,-1.9384435415267944
3637,0.0,0.6141074895858765,0.0,0.0,0.0,0.00737743079662323
3638,0.0,0.0,1.6436302661895752,0.0,0.0,-2.3089959621429443
3639,0.0,0.662015438079834,0.0,0.0,0.0,-0.3545050621032715
3640,0.0,0.0,0.9706375598907471,1.0364539623260498,0.0,-0.710368812084198
3641,1.5484453439712524,0.0,0.0,0.0,0.0,-0.746010959148407
3642,0.0,1.411078691482544,0.0,0.0,0.0,-1.6364558935165405
3643,0.0,0.18274450302124023,0.0,0.0,0.0,1.58484947681427
3644,1.528647541999817,0.6673551201820374,0.0,0.0,0.0,-3.1279380321502686
3645,0.0,0.17901448905467987,0.0,0.0,0.0,1.6519330739974976
3646,1.6991255283355713,0.0,0.0,0.0,0.0,-2.4890968799591064
3647,0.0,0.9618389010429382,0.0,0.0,0.0,-2.988292694091797
3648,0.0,0.3686147630214691,0.0,0.0,0.0,-1.3316090106964111
3649,0.5240486860275269,0.25756192207336426,0.0,0.0,0.0,1.3967995643615723
3650,0.0,0.8124324083328247,0.0,0.0,0.0,2.4149978160858154
3651,0.0,0.0,1.7366799116134644,0.0,0.0,-2.6813769340515137
3652,0.0,1.1288574934005737,0.0,0.0,0.0,-3.3658344745635986
3653,1.683059811592102,0.0,0.0,0.0,0.0,-2.490790367126465
3654,0.8456438183784485,0.6646735668182373,0.6437395811080933,0.0,0.0,1.668867826461792
3655,0.0,1.6652354001998901,0.0,0.0,0.0,1.2024275064468384
3656,0.0,0.0,1.0803991556167603,0.0,0.0,-1.069424033164978
3657,0.0,0.0,0.445349782705307,0.0,0.0,2.727987766265869
3658,0.6723758578300476,0.0,0.0,0.0,0.0,-0.2093992531299591
3659,1.8887207508087158,0.0,0.0,0.0,0.0,-1.5030126571655273
3660,1.1673393249511719,0.0,0.0,0.0,0.0,0.45313382148742676
3661,0.0,1.31553316116333,0.0,0.0,0.0,0.1579984575510025
3662,1.7492330074310303,0.0,0.0,0.0,0.0,-1.0677567720413208
3663,1.320953130722046,0.0,0.0,0.0,0.0,0.16747955977916718
3664,0.0,0.5558077692985535,0.0,0.0,0.0,-0.7741158604621887
3665,0.0,1.4832026958465576,0.0,0.0,0.0,-1.6463428735733032
3666,0.0,1.6658251285552979,0.0,0.0,0.0,0.5049532055854797
3667,0.0,0.8503097295761108,1.6364145278930664,0.0,0.0,-2.541639804840088
3668,0.0,0.7669699788093567,0.0,0.0,0.0,-0.5050309300422668
3669,0.0,0.7122188806533813,0.0,0.0,0.0,0.22552458941936493
3670,0.0,1.4425603151321411,0.0,0.0,0.0,-2.004566192626953
3671,0.0,0.7346433997154236,0.0,0.0,0.0,0.19815044105052948
3672,0.0,1.244614601135254,0.0,0.0,0.0,-1.6687898635864258
3673,0.0,1.1184048652648926,0.0,0.0,0.0,-2.5916411876678467
3674,0.0,0.6122357845306396,0.0,0.0,0.0,-1.8714457750320435
3675,0.0,0.0,0.0,1.6098424196243286,0.0,-2.9840540885925293
3676,0.0,1.0060300827026367,0.0,0.0,0.0,-0.7928342223167419
3677,0.0,0.9710278511047363,0.0,0.0,0.0,-2.9435317516326904
3678,0.0,1.1161811351776123,0.0,0.0,0.0,-0.003499053418636322
3679,0.3983241617679596,0.19318732619285583,0.0,0.5762819051742554,0.0,2.0072286128997803
3680,0.0,0.0,1.3806027173995972,0.0,0.0,-1.3112022876739502
3681,0.0,1.7111170291900635,0.0,0.0,0.0,-1.9548311233520508
3682,0.0,0.9966874122619629,0.0,0.0,0.0,-2.8608174324035645
3683,1.9974883794784546,2.0685319900512695,0.0,0.0,0.0,-0.22233818471431732
3684,0.0,0.267654150724411,0.0,0.0,0.0,-1.1293666362762451
3685,1.8136008977890015,0.0,0.0,0.0,0.0,-0.5256538391113281
3686,0.0,0.44118258357048035,0.0,0.0,0.0,-1.0928983688354492
3687,0.0,0.9692135453224182,0.0,0.0,0.0,-3.2004616260528564
3688,0.0,1.7896240949630737,0.0,0.0,0.0,0.0712483823299408
3689,0.0,0.6213350892066956,0.0,0.0,0.0,1.638301968574524
3690,0.0,2.094928503036499,0.0,0.0,0.0,-0.2553999125957489
3691,0.0,0.8984724283218384,1.5316654443740845,0.0,0.0,-2.0715858936309814
3692,0.0,0.9408559799194336,0.0,0.0,0.0,-3.060459852218628
3693,1.7030481100082397,0.0,0.0,0.0,0.0,-2.726168632507324
3694,0.0,0.8723386526107788,0.0,0.0,0.0,-2.778860092163086
3695,0.0,0.0,0.0,1.6465511322021484,0.0,-3.206693410873413
3696,0.0,2.074235200881958,0.0,0.0,0.0,0.029390767216682434
3697,0.0,0.0,0.583662748336792,0.7444272041320801,0.0,0.8170005679130554
3698,0.0,0.975575864315033,0.0,0.0,0.0,-3.0059237480163574
3699,0.0,0.0,1.0975189208984375,0.0,0.0,-0.30720871686935425
3700,0.45667722821235657,0.0,0.0,0.0,0.0,2.9786806106567383
3701,0.5400359034538269,0.0,0.0,0.0,0.0,0.5981528162956238
3702,1.1421942710876465,0.0,0.0,0.0,0.0,0.6609647870063782
3703,0.0,0.8048035502433777,0.0,1.5699827671051025,0.0,-3.1884100437164307
3704,0.0,0.6843569278717041,0.0,0.0,0.0,-1.144543170928955
3705,0.0,0.9215066432952881,0.0,0.0,0.0,-2.8400707244873047
3706,0.0,1.051916480064392,0.0,0.0,0.0,-0.5709265470504761
3707,0.0,0.6565911769866943,0.0,0.0,0.0,-0.32670432329177856
3708,1.467337727546692,0.0,0.0,0.0,0.0,-0.4420586824417114
3709,0.0,0.2596612274646759,0.0,0.0,0.0,3.077690839767456
3710,0.0,0.2450932264328003,0.0,0.0,0.0,1.9052774906158447
3711,1.703839659690857,0.0,0.0,0.0,0.0,-2.658764600753784
3712,0.0,0.0,1.6856708526611328,0.0,0.0,-2.4700493812561035
3713,0.0,0.4524804949760437,0.0,0.0,0.0,-1.6341124773025513
3714,1.0959495306015015,0.8599540591239929,0.0,0.0,0.0,0.8693057894706726
3715,0.0,0.737428605556488,0.0,0.0,0.0,0.07147319614887238
3716,0.0,0.9543150663375854,0.0,0.0,0.0,-3.2816710472106934
3717,0.0,1.771563172340393,0.0,0.0,0.0,-1.0197161436080933
3718,0.0,1.004562497138977,0.0,0.0,0.0,-2.711460828781128
3719,0.8868195414543152,0.0,0.0,0.0,0.0,0.5645590424537659
3720,0.0,0.0,0.0,1.3594748973846436,0.0,-1.712203025817871
3721,1.5043689012527466,0.0,0.0,0.0,0.0,0.42105406522750854
3722,0.0,0.8635002970695496,0.0,0.0,0.0,-3.068915367126465
3723,0.0,1.0058834552764893,0.0,0.0,0.0,-3.022160291671753
3724,0.0,0.0,1.0200082063674927,0.0,0.0,0.12624816596508026
3725,0.0,0.36796820163726807,0.0,0.0,0.0,0.2675397992134094
3726,0.0,1.4238312244415283,0.0,0.0,0.0,-0.3908165693283081
3727,0.0,1.7112867832183838,0.0,0.0,0.0,0.6559426188468933
3728,0.6760087609291077,0.0,0.0,0.0,0.0,1.0878890752792358
3729,0.0,0.5434736013412476,0.0,0.0,0.0,-1.9089007377624512
3730,0.0,0.0,1.6687246561050415,0.0,0.0,-2.3870961666107178
3731,0.0,0.7245620489120483,0.0,0.9615329504013062,0.0,0.7922903895378113
3732,0.0,1.0845228433609009,0.0,0.0,0.0,-0.3487553298473358
3733,0.0,0.0,0.0,0.7766892313957214,0.0,1.8122985363006592
3734,0.0,0.31994572281837463,0.0,0.0,0.0,2.335724353790283
3735,0.0,0.929560661315918,0.0,0.0,0.0,-3.2814669609069824
3736,0.3295527398586273,0.1734711080789566,0.26100751757621765,0.0,0.0,3.588191270828247
3737,0.0,0.1757359802722931,0.0,0.0,0.0,-1.023196816444397
3738,0.0,0.6643413305282593,0.0,0.0,0.0,-0.476478636264801
3739,1.8480098247528076,0.0,0.0,0.0,0.0,-1.146807074546814
3740,0.0,0.0,0.0,1.5707383155822754,0.0,-2.7257375717163086
3741,0.0,0.19996656477451324,0.0,0.0,0.0,1.4250116348266602
3742,1.7688473463058472,0.0,0.0,0.0,0.0,-3.076857328414917
3743,0.0,1.3654751777648926,0.0,0.0,0.0,-0.7290254831314087
3744,0.0,0.0,0.0,0.9753624796867371,0.0,0.21393267810344696
3745,0.0,1.7589423656463623,0.0,0.0,0.0,-1.136885404586792
3746,0.0,0.0,1.019148349761963,0.0,0.0,-0.7758256793022156
3747,1.7139326333999634,0.0,0.0,0.0,0.0,-2.5048646926879883
3748,0.0,1.0510646104812622,0.0,0.0,0.0,-2.816344976425171
3749,0.0,1.634447693824768,0.0,0.0,0.0,1.2601567506790161
3750,0.0,0.4197457432746887,0.0,0.0,0.0,0.8352326154708862
3751,0.0,0.0,0.8468774557113647,0.0,0.0,0.10921280086040497
3752,0.5156919360160828,0.0,0.0,0.0,0.0,2.7609922885894775
3753,0.0,1.4117217063903809,0.0,0.0,0.0,1.230492353439331
3754,0.0,0.0,0.0,0.6168373227119446,0.0,2.921630859375
3755,0.0,0.0,1.6775553226470947,1.5191030502319336,0.0,-2.5242927074432373
3756,0.0,0.0,0.0,0.850434422492981,0.0,0.9943781495094299
3757,0.0,1.3873639106750488,0.0,0.0,0.0,-1.667594313621521
3758,0.0,0.9864029884338379,0.0,0.0,0.0,-3.3000242710113525
3759,0.0,0.0,0.0,1.6388792991638184,0.0,-3.168733835220337
3760,0.0,0.0,0.0,1.616753339767456,0.0,-2.9893524646759033
3761,0.0,0.0,0.0,0.5872176289558411,0.0,3.2785942554473877
3762,1.7961783409118652,0.0,0.0,0.0,0.0,-3.229482412338257
3763,0.0,0.0,0.0,1.6506690979003906,0.0,-3.163867235183716
3764,0.0,0.5609020590782166,0.0,0.0,0.0,-0.5415711402893066
3765,0.0,0.9065945744514465,0.0,0.0,0.0,-2.9136807918548584
3766,0.0,1.0044857263565063,0.0,0.0,0.0,-2.966933012008667
3767,0.0,0.0,0.0,1.1905516386032104,0.0,-0.38781970739364624
3768,0.0,0.18066896498203278,0.0,0.0,0.0,1.611135721206665
3769,0.0,0.16726520657539368,0.5218623876571655,0.0,0.0,0.9882685542106628
3770,0.0,0.0,1.4708608388900757,0.0,0.0,-1.7787244319915771
3771,0.0,1.4643830060958862,0.0,0.0,0.0,-1.6246583461761475
3772,0.0,0.0,0.0,0.918684184551239,0.0,0.9548963904380798
3773,0.0,0.0,0.0,0.7677143216133118,0.0,2.108623743057251
3774,0.0,0.0,1.543468713760376,0.0,0.0,-1.9694325923919678
3775,0.0,0.9399158954620361,0.0,0.0,0.0,-3.5753064155578613
3776,0.0,0.6555665135383606,0.0,0.0,0.0,-0.01463201642036438
3777,0.0,0.281476765871048,0.0,0.0,0.0,2.838170289993286
3778,0.0,0.0,0.0,0.9021114706993103,0.0,0.32123810052871704
3779,0.0,0.9469373226165771,0.0,0.0,0.0,-2.6793622970581055
3780,1.3066993951797485,0.0,0.0,0.0,0.0,-0.6516320109367371
3781,0.0,1.230233907699585,0.0,0.0,0.0,-2.2580692768096924
3782,0.0,0.0,1.0599665641784668,0.0,0.0,-0.17371463775634766
3783,0.0,1.1660586595535278,0.0,0.0,0.0,-2.7888453006744385
3784,0.0,1.2192591428756714,0.0,0.0,0.0,-0.9110651612281799
3785,0.0,0.8863078355789185,0.6403729319572449,0.0,0.0,2.0418975353240967
3786,0.0,1.4646958112716675,0.0,0.0,0.0,-1.6720994710922241
3787,0.0,0.0,0.0,1.2914918661117554,0.0,-1.091088056564331
3788,0.0,0.0,0.954947829246521,0.0,0.0,0.15204639732837677
3789,0.0,1.601414680480957,0.0,0.0,0.0,0.2993128299713135
3790,0.0,0.9807571768760681,0.0,0.0,0.0,0.7753317356109619
3791,0.0,1.3216214179992676,0.0,0.0,0.0,0.44846445322036743
3792,1.534334421157837,0.6494073867797852,0.0,0.0,0.0,-3.266831874847412
3793,0.0,0.6801066398620605,0.0,0.0,0.0,1.6541277170181274
3794,0.0,0.0,0.0,1.5408315658569336,0.0,-2.5548062324523926
3795,0.0,0.9530845284461975,0.0,0.0,0.0,0.9224106669425964
3796,0.0,0.8053249716758728,0.0,0.0,0.0,-1.0325920581817627
3797,0.0,0.0,1.7004462480545044,0.0,0.0,-2.5441782474517822
3798,0.0,1.5673295259475708,0.0,0.0,0.0,-1.745365858078003
3799,0.0,1.0738120079040527,0.0,0.0,0.0,-2.7463459968566895
3800,1.3136786222457886,0.0,0.0,0.0,0.0,0.4271036982536316
3801,0.0,1.163326621055603,0.0,0.0,0.0,-1.8260204792022705
3802,0.0,0.0,0.0,1.4705770015716553,0.0,-1.877478837966919
3803,0.0,0.0,1.3171539306640625,0.0,0.0,-1.0136806964874268
3804,0.0,1.1570130586624146,0.0,0.0,0.0,-2.6205272674560547
3805,0.0,0.14015595614910126,0.0,0.0,0.0,0.49405598640441895
3806,0.0,0.0,0.8631020188331604,0.0,0.0,0.47908419370651245
3807,1.7300403118133545,0.0,0.0,0.0,0.0,-2.9251108169555664
3808,0.0,1.5427969694137573,0.0,0.0,0.0,-1.5970535278320312
3809,0.6953235268592834,0.0,0.7022684812545776,0.0,0.0,0.4858434200286865
3810,0.0,2.1456234455108643,0.0,0.0,0.0,-0.5776143074035645
3811,0.0,0.0,0.0,0.8186956644058228,0.0,0.9790295958518982
3812,0.0,0.928138792514801,1.6009777784347534,0.0,0.0,-2.3094797134399414
3813,1.6602486371994019,0.0,0.0,0.0,0.0,-1.5607433319091797
3814,0.6141583919525146,0.0,0.0,0.0,0.0,0.5641334056854248
3815,0.0,0.36446303129196167,0.0,0.0,0.0,-2.0441198348999023
3816,0.0,0.20971857011318207,0.0,0.0,0.0,0.228982076048851
3817,0.0,1.8048902750015259,0.0,0.0,0.0,-0.6303086876869202
3818,0.0,0.0,0.0,0.8913702964782715,0.0,0.21567554771900177
3819,0.0,0.0,1.0109719038009644,0.0,0.0,-0.06204685568809509
3820,0.0,0.8829533457756042,0.0,0.0,0.0,2.1581528186798096
3821,0.0,1.3660199642181396,0.0,0.0,0.0,0.5811815857887268
3822,1.8241539001464844,0.0,0.0,0.0,0.0,-3.549562454223633
3823,0.0,0.0,0.0,1.6421111822128296,0.0,-3.1114277839660645
3824,1.683842658996582,0.0,1.7228162288665771,0.0,0.0,-2.7437427043914795
3825,0.0,0.9673163294792175,0.0,0.0,0.0,-2.96067214012146
3826,0.0,1.9139056205749512,0.0,0.0,0.0,-1.3178586959838867
3827,0.6793006658554077,0.0,0.0,0.0,0.0,0.8961653113365173
3828,0.0,0.0,0.0,1.3416708707809448,0.0,-1.124043583869934
3829,0.0,0.0,0.0,1.203332543373108,0.0,-0.799345076084137
3830,0.0,0.0,0.0,1.3133562803268433,0.0,-1.1976237297058105
3831,0.49978312849998474,0.0,0.0,0.0,0.0,2.825525999069214
3832,0.0,0.2554963529109955,0.0,0.0,0.0,3.254718542098999
3833,0.0,0.27656441926956177,0.0,0.0,0.0,0.6672875881195068
3834,0.0,0.9860159158706665,0.0,0.0,0.0,-2.924215078353882
3835,0.0,1.3089243173599243,0.0,0.0,0.0,1.0700948238372803
3836,0.0,1.0260335206985474,0.0,0.0,0.0,-3.6153626441955566
3837,0.0,0.45557209849357605,0.9252861738204956,0.996800422668457,0.0,-0.48822975158691406
3838,0.0,0.37532562017440796,0.0,0.0,0.0,-1.4480960369110107
3839,1.7437230348587036,0.0,0.0,0.0,0.0,-2.9598419666290283
3840,0.0,0.0,1.6082468032836914,0.0,0.0,-2.2392332553863525
3841,1.5353955030441284,0.0,0.0,0.0,0.0,-0.44572538137435913
3842,1.2336957454681396,0.0,0.0,0.0,0.0,-0.6732301115989685
3843,0.0,1.6290680170059204,0.0,0.0,0.0,-0.3279727101325989
3844,0.0,1.6383758783340454,0.0,0.0,0.0,-0.8620694279670715
3845,1.3956387042999268,0.0,0.0,0.0,0.0,-0.050182800740003586
3846,0.0,1.7196769714355469,0.0,0.0,0.0,-1.5710787773132324
3847,0.0,0.0,1.6694568395614624,0.0,0.0,-2.4110305309295654
3848,0.0,0.9367483258247375,0.0,0.0,0.0,-3.2289137840270996
3849,0.0,0.0,0.0,1.604020118713379,0.0,-2.9313817024230957
3850,0.0,0.0,0.0,0.7362808585166931,0.0,1.9288737773895264
3851,0.0,0.0,1.7435343265533447,0.0,0.0,-2.6859567165374756
3852,0.0,0.9243753552436829,0.0,0.0,0.0,2.0301589965820312
3853,0.0,0.8803114295005798,0.7205675840377808,0.0,0.0,1.6189496517181396
3854,0.0,0.9622876644134521,0.0,0.0,0.0,-2.6554527282714844
3855,0.0,1.6437612771987915,0.0,0.0,0.0,-0.9629387855529785
3856,0.0,0.44470927119255066,0.0,0.0,0.0,-1.7449185848236084
3857,0.0,0.9572271704673767,0.0,0.0,0.0,-3.0055315494537354
3858,0.0,0.0,1.7487024068832397,0.0,0.0,-2.6821506023406982
3859,1.2220134735107422,0.0,0.0,0.0,0.0,0.6232290863990784
3860,0.0,0.0,0.0,1.6550884246826172,0.0,-3.2201759815216064
3861,0.0,0.0,0.0,1.6214165687561035,0.0,-3.015995740890503
3862,0.0,0.9885724186897278,0.0,0.0,0.0,2.0101683139801025
3863,0.0,0.4722052812576294,0.0,0.0,0.0,-0.356711208820343
3864,0.0,1.4352190494537354,0.0,0.0,0.0,-1.8090782165527344
3865,0.0,1.3463510274887085,0.0,0.0,0.0,1.151977777481079
3866,1.844315528869629,0.0,0.0,0.0,0.0,-1.9644683599472046
3867,0.0,1.385786533355713,0.0,0.0,0.0,-2.347757577896118
3868,0.962913453578949,0.4402865171432495,0.0,0.0,0.0,-0.7507078647613525
3869,1.6565122604370117,0.0,1.672057867050171,0.0,0.0,-2.574826955795288
3870,1.8317148685455322,0.0,0.0,0.0,0.0,-3.3136022090911865
3871,0.0,1.3771528005599976,0.0,0.0,0.0,-1.574120283126831
3872,0.0,0.0,1.6322499513626099,0.0,0.0,-2.306116819381714
3873,0.0,0.9460304379463196,0.0,0.0,0.0,-2.9722464084625244
3874,1.3803480863571167,0.0,0.0,0.0,0.0,0.3486674427986145
3875,1.2996556758880615,0.0,0.0,0.0,0.0,-1.9551903009414673
3876,1.5676196813583374,0.0,0.0,0.0,0.0,-0.7288489937782288
3877,0.0,0.0,1.6944259405136108,0.0,0.0,-2.587348222732544
3878,0.0,0.9030995965003967,0.0,0.0,0.0,-0.4826010465621948
3879,0.0,0.8975743055343628,0.0,0.0,0.0,-2.6098949909210205
3880,0.0,0.0,0.7540238499641418,0.9106742739677429,0.0,1.2049286365509033
3881,0.0,0.0,1.6084381341934204,0.0,0.0,-2.2319271564483643
3882,0.0,0.0,1.0133764743804932,0.0,0.0,-0.6150602102279663
3883,0.0,0.14712145924568176,0.0,0.0,0.0,0.6541593670845032
3884,0.0,0.8355942964553833,0.0,0.0,0.0,1.691154956817627
3885,0.0,0.8100783228874207,1.601925253868103,0.0,0.0,-2.4544520378112793
3886,0.0,1.4079673290252686,0.0,0.0,0.0,-2.2204108238220215
3887,0.0,1.1633362770080566,0.0,0.0,0.0,-1.0752496719360352
3888,0.0,0.0,0.0,1.6295851469039917,0.0,-3.0668399333953857
3889,1.0498849153518677,0.7670750617980957,0.0,0.0,0.0,0.8441150784492493
3890,1.4147391319274902,0.0,1.2397099733352661,0.0,0.0,-0.9012863039970398
3891,2.011953830718994,0.0,0.0,0.0,0.0,-1.1822056770324707
3892,0.0,0.0,1.7254139184951782,0.0,0.0,-2.617774724960327
3893,0.0,0.32127776741981506,0.0,0.0,0.0,0.41225624084472656
3894,0.0,0.3817916214466095,0.0,0.0,0.0,0.9656068682670593
3895,0.0,0.0,0.0,1.6335445642471313,0.0,-3.064206838607788
3896,1.3666589260101318,0.0,0.0,0.0,0.0,-1.9531149864196777
3897,0.0,0.7854369282722473,1.7432868480682373,0.0,0.0,-3.0306451320648193
3898,1.7850345373153687,0.0,0.0,0.0,0.0,-3.1369194984436035
3899,0.0,0.14291033148765564,0.0,0.6821140050888062,0.0,0.7692180871963501
3900,0.0,0.9950138330459595,0.0,0.0,0.0,-3.2887144088745117
3901,1.7429403066635132,0.0,0.0,0.0,0.0,-2.942830801010132
3902,0.0,1.337185025215149,0.0,0.0,0.0,-1.468421220779419
3903,0.0,1.3389604091644287,0.0,0.0,0.0,-1.5898852348327637
3904,0.0,0.0,0.0,1.6172943115234375,0.0,-2.9967987537384033
3905,0.0,1.5439761877059937,0.0,0.0,0.0,-1.3575220108032227
3906,0.0,0.23945112526416779,0.0,0.0,0.0,3.0745651721954346
3907,0.0,0.0,1.4047428369522095,0.0,0.0,-1.4208741188049316
3908,1.218288540840149,0.0,0.0,0.0,0.0,0.5240687727928162
3909,0.0,0.0,1.2775617837905884,0.0,0.0,-0.8423111438751221
3910,0.0,0.0,0.0,1.1956088542938232,0.0,-0.48191702365875244
3911,0.0,0.4533367156982422,0.0,0.0,0.0,2.342747926712036
3912,0.0,1.0209400653839111,0.0,0.0,0.0,0.7126516699790955
3913,0.0,0.0,1.1921824216842651,0.0,0.0,-0.7839836478233337
3914,0.0,0.0,0.0,0.5893360376358032,0.0,3.2499310970306396
3915,0.0,0.8985069990158081,0.0,0.0,0.0,-3.09151291847229
3916,0.0,1.158654808998108,0.0,0.0,0.0,-1.036368489265442
3917,0.0,0.5654563903808594,0.0,0.0,0.0,-0.0368323028087616
3918,1.7975713014602661,0.0,0.0,0.0,0.0,-2.7284748554229736
3919,0.0,0.2516043782234192,0.0,0.0,0.0,3.0015008449554443
3920,0.0,0.1831696778535843,0.0,0.0,0.0,2.0010595321655273
3921,0.0,0.0,0.0,0.5916834473609924,0.0,3.208514451980591
3922,1.4679315090179443,0.0,0.0,0.0,0.0,-0.3688110113143921
3923,0.0,0.6373419165611267,0.7339503169059753,0.8966554403305054,0.0,1.1270679235458374
3924,0.0,0.0,0.0,1.6568280458450317,0.0,-3.198732376098633
3925,0.0,0.0,1.4525049924850464,0.0,0.0,-1.6778285503387451
3926,0.0,0.0,1.3498815298080444,0.0,0.0,-1.1666920185089111
3927,0.0,1.6416350603103638,0.0,0.0,0.0,-0.14446504414081573
3928,0.0,1.317100167274475,0.0,0.0,0.0,-1.1149730682373047
3929,1.2961021661758423,0.0,0.0,0.0,0.0,-0.03134983777999878
3930,0.0,0.8231803178787231,0.0,0.0,0.0,-0.6755420565605164
3931,1.8174296617507935,0.0,0.0,0.0,0.0,-1.0712354183197021
3932,0.0,0.0,0.6884627342224121,0.0,0.0,1.2630062103271484
3933,0.0,0.9275875091552734,0.0,0.0,0.0,-2.5547144412994385
3934,1.7592933177947998,0.0,0.0,0.0,0.0,-2.8432228565216064
3935,0.5725215673446655,0.0,0.4616818428039551,0.6675445437431335,0.0,2.39905047416687
3936,0.6549004912376404,0.24898280203342438,0.0,0.0,0.0,-0.28826165199279785
3937,0.0,1.638611912727356,1.293748140335083,0.0,0.0,-0.26287829875946045
3938,0.0,0.0,0.0,1.0592952966690063,0.0,-0.7211164832115173
3939,0.0,1.3544940948486328,0.0,0.0,0.0,0.7746036648750305
3940,0.0,1.1402949094772339,1.6008301973342896,0.0,0.0,-2.071990489959717
3941,0.0,0.3314626216888428,0.0,0.0,0.0,-0.6580040454864502
3942,0.0,0.8876975178718567,0.0,0.0,0.0,-3.318387985229492
3943,0.0,0.0,1.4117307662963867,0.0,0.0,-1.4471766948699951
3944,1.8266332149505615,0.0,0.0,0.0,0.0,-3.1513752937316895
3945,0.0,0.0,0.0,1.6099830865859985,0.0,-3.0044219493865967
3946,0.0,0.4253191351890564,0.0,0.0,0.0,0.44178539514541626
3947,0.8256432414054871,0.5531069040298462,0.0,0.0,0.0,1.1630350351333618
3948,0.6334905624389648,0.25461655855178833,0.0,0.0,0.0,0.17523793876171112
3949,0.0,0.5950363874435425,0.0,0.830879807472229,0.0,1.4474972486495972
3950,0.0,0.0,1.2310593128204346,0.0,0.0,-0.5860728621482849
3951,1.5493521690368652,0.6850548386573792,0.0,0.0,0.0,-3.141822338104248
3952,0.0,1.0430690050125122,0.0,0.0,0.0,-0.15956538915634155
3953,0.5841094255447388,0.0,0.0,0.0,0.0,1.680351734161377
3954,0.0,0.19879022240638733,0.0,0.0,0.0,-0.35680365562438965
3955,1.778353214263916,0.0,0.0,0.0,0.0,-2.1529595851898193
3956,0.0,0.4200728237628937,0.0,0.0,0.0,-1.029866099357605
3957,0.0,0.0,1.6835275888442993,0.0,0.0,-2.4764230251312256
3958,0.5866248607635498,0.0,0.0,0.0,0.0,1.5121086835861206
3959,1.5903905630111694,0.7313458323478699,0.0,0.0,0.0,-3.150510311126709
3960,1.2293765544891357,0.0,0.0,0.0,0.0,-1.8180371522903442
3961,0.0,0.9471010565757751,0.0,0.0,0.0,-3.3455498218536377
3962,0.0,0.2258557230234146,0.0,0.0,0.0,2.2045960426330566
3963,0.0,0.8780288696289062,0.0,0.0,0.0,0.6338006854057312
3964,1.783563256263733,1.3244010210037231,0.0,0.0,0.0,-1.667417049407959
3965,0.0,2.3348820209503174,0.0,0.0,0.0,0.13360480964183807
3966,0.0,1.5603855848312378,0.0,0.0,0.0,1.4321030378341675
3967,0.0,1.7868887186050415,0.0,0.0,0.0,1.2986273765563965
3968,0.0,0.0,1.0603022575378418,0.0,0.0,-0.8490378260612488
3969,1.5769397020339966,0.7672085165977478,0.0,0.0,0.0,-2.851003885269165
3970,0.0,1.060246467590332,0.0,0.0,0.0,-2.403160810470581
3971,0.0,1.0868972539901733,0.0,0.0,0.0,-2.5298147201538086
3972,0.0,0.0,1.6658142805099487,0.0,0.0,-2.408334255218506
3973,0.42997437715530396,0.0,0.3277462422847748,0.0,0.0,3.373847723007202
3974,0.9866982102394104,0.0,0.0,0.0,0.0,0.549274742603302
3975,1.464280605316162,0.0,0.0,0.0,0.0,-1.1428064107894897
3976,1.746109962463379,0.0,0.0,0.0,0.0,-1.9099839925765991
3977,0.0,0.0,0.7471208572387695,0.0,0.0,0.7801917195320129
3978,0.0,0.2153158187866211,0.0,0.0,0.0,-0.2867458462715149
3979,0.0,1.590750813484192,0.0,0.0,0.0,-1.5664517879486084
3980,0.0,0.0,1.2309107780456543,0.0,0.0,-1.1239490509033203
3981,0.0,0.0,1.623969554901123,0.0,0.0,-2.234901189804077
3982,0.3978640139102936,0.225998654961586,0.0,0.0,0.0,3.1054272651672363
3983,1.8013057708740234,0.0,0.0,0.0,0.0,-2.9743216037750244
3984,0.0,0.0,1.0110386610031128,0.0,0.0,0.031081601977348328
3985,0.0,1.477990984916687,0.0,0.0,0.0,-1.6726901531219482
3986,1.778770089149475,0.0,0.0,0.0,0.0,-3.0268280506134033
3987,0.0,0.14365994930267334,0.0,0.0,0.0,1.1866493225097656
3988,0.0,0.0,1.7565089464187622,0.0,0.0,-2.739295244216919
3989,0.0,0.5333083868026733,0.0,0.0,0.0,0.44470179080963135
3990,0.0,1.4974157810211182,0.0,1.3523918390274048,0.0,-0.698386013507843
3991,1.7002549171447754,0.0,0.0,0.0,0.0,-2.597808599472046
3992,0.0,0.5400384664535522,0.0,0.0,0.0,-0.8239386677742004
3993,0.0,0.9064946174621582,0.0,0.0,0.0,-3.499735116958618
3994,0.0,0.9139053225517273,0.0,0.0,0.0,-2.998631238937378
3995,0.0,0.0,0.0,1.618532419204712,0.0,-3.007721185684204
3996,0.0,0.5352135896682739,0.0,0.0,0.0,1.9810998439788818
3997,0.0,0.0,0.0,1.629159927368164,0.0,-3.0849287509918213
3998,0.0,0.0,1.6743338108062744,0.0,0.0,-2.4323036670684814
3999,0.0,0.3664190471172333,0.0,0.0,0.0,0.7444356679916382
4000,1.2744380235671997,1.0346083641052246,0.0,0.0,0.0,0.271232545375824
4001,0.9589647054672241,0.0,0.0,0.0,0.0,1.7463122606277466
4002,0.0,0.7882682681083679,0.0,1.5461333990097046,0.0,-3.0881779193878174
4003,0.45748409628868103,0.0,0.0,0.0,0.0,2.059847116470337
4004,0.0,0.9699872732162476,0.0,0.0,0.0,-3.2603366374969482
4005,0.0,0.6991019248962402,0.7080053687095642,0.0,0.0,1.4242775440216064
4006,0.0,0.3024767339229584,0.0,0.0,0.0,-0.17147910594940186
4007,0.0,0.6181416511535645,0.0,0.0,0.0,-0.7297680377960205
4008,0.0,1.4574469327926636,0.0,0.0,0.0,-1.7599999904632568
4009,0.0,0.9918891787528992,0.0,0.0,0.0,-2.5025794506073
4010,0.0,0.979547917842865,0.0,0.0,0.0,-3.089832067489624
4011,0.0,0.0,0.9597271680831909,1.048508882522583,0.0,-0.09007786959409714
4012,1.6566369533538818,0.0,0.0,0.0,0.0,-1.667543649673462
4013,1.8400853872299194,0.0,0.0,0.0,0.0,-1.2985179424285889
4014,1.588402509689331,1.3086967468261719,1.2628061771392822,0.0,0.0,-0.5124170184135437
4015,0.0,0.0,1.2091537714004517,0.0,0.0,-0.9541322588920593
4016,0.0,0.0,1.27980375289917,0.0,0.0,-0.8421271443367004
4017,1.3835386037826538,0.8426936268806458,1.2802436351776123,0.0,0.0,-1.1843782663345337
4018,0.0,0.4876439571380615,0.0,0.0,0.0,0.40506482124328613
4019,0.0,0.8936686515808105,0.0,0.0,0.0,-3.121063470840454
4020,0.0,0.0,1.7895416021347046,1.5898213386535645,0.0,-2.8712053298950195
4021,0.0,0.8891294002532959,0.0,0.0,0.0,-2.801180839538574
4022,1.0645875930786133,0.0,0.0,0.0,0.0,1.3696708679199219
4023,0.0,1.0155524015426636,0.0,0.0,0.0,1.3179930448532104
4024,0.0,1.0914995670318604,1.3988912105560303,0.0,0.0,-1.3387359380722046
4025,0.0,0.0,0.7908284664154053,0.0,0.0,-0.18109916150569916
4026,0.0,0.8594545722007751,0.0,0.0,0.0,-0.24849899113178253
4027,0.0,1.2316349744796753,0.0,0.0,0.0,0.299346387386322
4028,0.0,1.002862811088562,0.0,0.0,0.0,-2.4697179794311523
4029,0.0,0.0,1.697719931602478,0.0,0.0,-2.4894773960113525
4030,1.3458291292190552,0.0,0.0,0.0,0.0,0.3585583567619324
4031,0.0,1.067488670349121,0.0,0.0,0.0,-2.759995937347412
4032,0.0,0.0,1.6416943073272705,0.0,0.0,-2.354243516921997
4033,0.0,0.0,0.0,1.6675567626953125,0.0,-3.2557730674743652
4034,1.678623080253601,0.0,0.0,0.0,0.0,-2.5658304691314697
4035,0.0,0.0,0.7341738343238831,0.0,0.0,1.0292689800262451
4036,0.0,0.0,1.7367496490478516,0.0,0.0,-2.6462490558624268
4037,0.0,0.4341960549354553,0.0,0.0,0.0,2.409930944442749
4038,0.0,0.9120840430259705,0.0,0.0,0.0,-2.826179265975952
4039,0.5066421031951904,0.0,0.0,0.0,0.0,2.945019006729126
4040,0.0,0.644394040107727,0.0,0.0,0.0,-1.0616390705108643
4041,0.0,0.32912734150886536,0.820669949054718,0.0,0.0,-0.18949393928050995
4042,0.0,0.0,0.7916467189788818,0.0,0.0,0.816347062587738
4043,1.190023422241211,0.0,0.0,0.0,0.0,0.6193205714225769
4044,0.0,1.6487023830413818,0.0,0.0,0.0,-0.49557429552078247
4045,0.4511823356151581,0.0,0.0,0.0,0.0,2.2904417514801025
4046,0.0,0.0,0.0,1.6274017095565796,0.0,-3.080838918685913
4047,0.0,0.0,1.0544553995132446,0.0,0.0,-0.2545585036277771
4048,1.8542168140411377,0.0,0.0,0.0,0.0,-0.11344991624355316
4049,0.0,0.9017283916473389,0.0,0.0,0.0,-2.7411534786224365
4050,0.0,1.666466236114502,0.0,0.0,0.0,-0.4166964292526245
4051,0.0,1.8482081890106201,0.0,0.0,0.0,-0.3706821799278259
4052,1.7940021753311157,0.0,0.0,0.0,0.0,-1.787453293800354
4053,0.0,0.9739181995391846,0.0,0.0,0.0,-2.8538687229156494
4054,0.0,1.3165473937988281,0.0,0.0,0.0,0.7696775197982788
4055,0.0,0.9124392867088318,0.0,0.0,0.0,-3.2895658016204834
4056,0.0,0.0,1.186596155166626,0.0,0.0,-1.238440990447998
4057,0.0,0.17697450518608093,0.0,0.0,0.0,2.0993239879608154
4058,0.0,0.8362706303596497,0.0,0.0,0.0,-1.0627540349960327
4059,0.0,0.20026428997516632,0.0,0.0,0.0,-0.6023992300033569
4060,0.5791357159614563,0.41068771481513977,0.470968097448349,0.0,0.0,2.3217177391052246
4061,0.0,0.9480084776878357,0.0,0.0,0.0,-3.256579875946045
4062,0.0,0.7536145448684692,0.0,0.0,0.0,-0.9900071024894714
4063,0.0,1.5158493518829346,0.0,0.0,0.0,1.1017765998840332
4064,0.0,0.8697324991226196,0.8286057710647583,0.9820330739021301,0.0,1.0292412042617798
4065,0.0,0.0,1.67936110496521,0.0,0.0,-2.511093854904175
4066,0.0,0.9684754610061646,0.0,0.0,0.0,-2.8846275806427
4067,0.45221975445747375,0.18076300621032715,0.4980395436286926,0.0,0.0,1.1368834972381592
4068,0.0,1.0588008165359497,0.0,0.0,0.0,-2.5340569019317627
4069,0.0,0.9797841310501099,0.0,0.0,0.0,-2.7143173217773438
4070,0.0,0.9118316769599915,0.0,0.0,0.0,-3.0112500190734863
4071,1.4763044118881226,0.0,0.0,0.0,0.0,-0.4700843095779419
4072,0.0,0.6686392426490784,0.0,0.0,0.0,0.44581538438796997
4073,0.0,0.4462396502494812,0.0,0.0,0.0,0.5751944780349731
4074,1.4616996049880981,0.887000560760498,1.3727787733078003,0.0,0.0,-1.486541986465454
4075,0.0,0.23860743641853333,0.0,0.0,0.0,-0.8963921666145325
4076,0.0,2.039196252822876,0.0,0.0,0.0,-0.4080377221107483
4077,1.8360787630081177,0.0,0.0,0.0,0.0,-3.42533802986145
4078,1.809483528137207,0.0,0.0,0.0,0.0,-2.823477029800415
4079,1.8110390901565552,0.0,0.0,0.0,0.0,-2.9080426692962646
4080,1.7682015895843506,0.0,0.0,0.0,0.0,-2.9737589359283447
4081,0.0,0.31710028648376465,0.0,0.0,0.0,-1.3977659940719604
4082,1.0923186540603638,0.0,0.0,0.0,0.0,-0.6949067115783691
4083,0.0,1.7159616947174072,0.0,0.0,0.0,-0.5714177489280701
4084,0.0,0.9264901876449585,0.0,0.0,0.0,-2.956468105316162
4085,0.7294340133666992,0.4023347795009613,0.0,0.0,0.0,0.9221145510673523
4086,0.0,1.024081826210022,0.0,0.0,0.0,-2.7957212924957275
4087,0.0,0.9524624347686768,0.0,0.0,0.0,-3.140599250793457
4088,0.0,1.368981122970581,0.0,0.0,0.0,-1.4861338138580322
4089,1.1892246007919312,0.6805703043937683,0.0,0.0,0.0,-0.7919643521308899
4090,1.807075023651123,0.0,0.0,0.0,0.0,-3.303014039993286
4091,0.529267430305481,0.0,0.0,0.0,0.0,1.189450740814209
4092,0.0,0.3141714036464691,0.0,0.0,0.0,-0.5771381855010986
4093,0.0,0.9065284729003906,0.0,0.0,0.0,-3.185152530670166
4094,0.0,0.0,0.0,1.6352564096450806,0.0,-3.141754150390625
4095,0.0,0.6010963320732117,0.0,0.0,0.0,0.0887346863746643
4096,0.0,0.0,0.0,1.641087532043457,0.0,-3.1451456546783447
4097,0.47067394852638245,0.0,0.0,0.0,0.0,3.1935207843780518
4098,1.5491588115692139,0.6886966824531555,0.0,0.0,0.0,-3.137138605117798
4099,0.0,1.5693111419677734,0.0,0.0,0.0,-1.5546329021453857
4100,0.0,0.0,1.6744804382324219,0.0,0.0,-2.4692211151123047
4101,0.0,0.0,1.6127158403396606,0.0,0.0,-2.2488150596618652
4102,0.6261508464813232,0.33842816948890686,0.0,0.0,0.0,1.5196386575698853
4103,0.9161918759346008,0.0,0.0,0.0,0.0,-0.7374050617218018
4104,0.0,1.2260594367980957,0.0,0.0,0.0,-2.185807466506958
4105,0.0,0.0,1.0932397842407227,0.0,0.0,0.0501420795917511
4106,0.0,0.9975312948226929,0.0,0.0,0.0,-2.679856061935425
4107,0.0,0.4385112524032593,0.0,0.0,0.0,-1.8844351768493652
4108,0.0,0.0,0.714584231376648,0.0,0.0,1.1587812900543213
4109,0.0,0.0,1.7173726558685303,0.0,0.0,-2.5733165740966797
4110,0.0,1.4147562980651855,0.0,0.0,0.0,-2.158574342727661
4111,0.0,0.0,1.069126844406128,0.0,0.0,-0.6760450005531311
4112,0.0,0.5445123314857483,0.0,0.0,0.0,-1.1231610774993896
4113,1.7819761037826538,0.0,0.0,0.0,0.0,-2.9731595516204834
4114,0.0,0.0,1.6644108295440674,0.0,0.0,-2.4014079570770264
4115,0.0,1.6604269742965698,0.0,0.0,0.0,0.030008390545845032
4116,0.0,0.0,0.0,1.613262414932251,0.0,-3.0072028636932373
4117,0.0,0.8253020644187927,0.0,0.0,0.0,-0.6338816285133362
4118,0.0,0.9305807948112488,0.0,0.0,0.0,-3.0279085636138916
4119,0.0,0.45657968521118164,0.0,0.0,0.0,1.334707260131836
4120,0.0,0.0,0.0,1.5722005367279053,0.0,-2.7786495685577393
4121,0.0,0.0,0.0,1.631579875946045,0.0,-3.0733420848846436
4122,0.0,0.0,0.7192023396492004,0.0,0.0,0.9827587008476257
4123,1.2606589794158936,0.8418481945991516,0.0,0.0,0.0,-0.28660452365875244
4124,0.0,0.4867004454135895,0.0,0.0,0.0,0.7327483892440796
4125,1.482700228691101,0.0,0.0,0.0,0.0,-0.20199686288833618
4126,0.0,0.5766510963439941,0.0,0.0,0.0,-1.6967177391052246
4127,0.0,0.2971302568912506,1.0171369314193726,0.0,0.0,-1.194199800491333
4128,0.0,0.6303185820579529,0.0,0.0,0.0,0.48461949825286865
4129,0.0,0.0,1.2176796197891235,0.0,0.0,-0.7429797053337097
4130,0.0,1.686900019645691,0.0,0.0,0.0,-1.3702189922332764
4131,0.0,0.0,0.35310113430023193,0.0,0.0,3.2601187229156494
4132,0.0,0.0,1.5907458066940308,0.0,0.0,-2.182584524154663
4133,0.0,1.625058650970459,0.0,0.0,0.0,-1.0634568929672241
4134,0.5049567818641663,0.0,0.0,0.0,0.0,2.8651373386383057
4135,1.8964455127716064,0.0,0.0,0.0,0.0,-3.4782888889312744
4136,0.5903732180595398,0.23830224573612213,0.0,0.0,0.0,0.3641453981399536
4137,0.0,0.14619266986846924,0.0,0.0,0.0,0.5992054343223572
4138,1.6700037717819214,0.0,0.0,0.0,0.0,-2.654209613800049
4139,0.0,0.0,1.2291454076766968,0.0,0.0,-1.3395609855651855
4140,0.0,1.3434535264968872,0.0,0.0,0.0,-0.23910211026668549
4141,0.0,0.0,1.743910312652588,0.0,0.0,-2.6966452598571777
4142,0.0,0.0,0.0,1.6544113159179688,0.0,-3.2260377407073975
4143,0.0,0.9892650246620178,0.0,0.0,0.0,-2.7762563228607178
4144,1.8139692544937134,0.0,0.0,0.0,0.0,-1.4808801412582397
4145,0.0,0.9760136008262634,0.0,0.0,0.0,1.629514217376709
4146,1.466506004333496,0.0,0.0,0.0,0.0,-1.1867692470550537
4147,0.0,0.0,0.858767569065094,0.0,0.0,0.5705671906471252
4148,0.0,0.9500414729118347,0.0,0.0,0.0,-3.0315849781036377
4149,0.0,0.0,0.0,1.5608116388320923,0.0,-2.7110681533813477
4150,1.6076648235321045,0.0,0.0,0.0,0.0,-0.8559661507606506
4151,0.0,1.3643279075622559,0.0,0.0,0.0,-1.707810640335083
4152,1.828811526298523,0.0,0.0,0.0,0.0,-2.9507815837860107
4153,0.0,1.024570107460022,0.0,0.0,0.0,-3.3593966960906982
4154,0.0,1.0154178142547607,0.0,0.0,0.0,-3.2867977619171143
4155,0.0,0.22329112887382507,0.0,0.0,0.0,-0.11062876135110855
4156,0.0,0.885682225227356,0.0,0.0,0.0,1.7535686492919922
4157,0.0,0.0,1.3611023426055908,0.0,0.0,-1.2117725610733032
4158,1.568982720375061,0.0,0.0,0.0,0.0,0.3647846579551697
4159,0.0,1.147184133529663,0.0,0.0,0.0,1.0812066793441772
4160,0.0,1.8326990604400635,0.0,0.0,0.0,-0.5464065074920654
4161,0.0,0.0,1.2910174131393433,0.0,0.0,-1.384505033493042
4162,1.722622036933899,0.0,0.0,0.0,0.0,-2.6515538692474365
4163,0.0,1.0295506715774536,0.0,0.0,0.0,-3.2720372676849365
4164,0.0,0.9703397750854492,0.0,0.0,0.0,-3.3346869945526123
4165,0.0,0.6724355816841125,0.0,0.0,0.0,-0.46950381994247437
4166,0.0,0.3526536822319031,0.0,0.0,0.0,-0.028538048267364502
4167,0.0,0.0,1.7294838428497314,0.0,0.0,-2.6128127574920654
4168,0.0,1.8702235221862793,0.0,0.0,0.0,1.073535442352295
4169,0.0,0.0,1.5411083698272705,0.0,0.0,-1.962430477142334
4170,0.0,0.0,1.2354551553726196,0.0,0.0,-1.2790782451629639
4171,0.0,1.9749228954315186,0.0,1.3306504487991333,0.0,0.15423907339572906
4172,0.0,0.0,1.134758710861206,0.0,0.0,-0.35152387619018555
4173,0.0,0.0,1.7305397987365723,1.552461862564087,0.0,-2.694289445877075
4174,1.7539763450622559,0.0,0.0,0.0,0.0,-2.756824016571045
4175,0.5472416877746582,0.331999808549881,0.0,0.0,0.0,2.2967941761016846
4176,1.7581843137741089,0.0,0.0,0.0,0.0,-2.8947761058807373
4177,0.0,0.0,0.0,1.6108752489089966,0.0,-3.0051636695861816
4178,0.0,0.3059564232826233,0.0,0.0,0.0,-1.1930842399597168
4179,1.840647578239441,1.482236385345459,0.0,0.0,0.0,-1.318298578262329
4180,0.0,0.0,1.1207332611083984,0.0,0.0,-0.1776508092880249
4181,1.2968143224716187,0.9776132702827454,0.0,0.0,0.0,0.0553961843252182
4182,0.0,1.8921318054199219,0.0,0.0,0.0,0.43833523988723755
4183,0.40944117307662964,0.0,0.3174695074558258,0.0,0.0,3.4028046131134033
4184,0.0,1.6971874237060547,0.0,0.0,0.0,-0.21770794689655304
4185,1.5353004932403564,0.712073802947998,0.0,0.0,0.0,-2.9381144046783447
4186,0.0,0.0,1.6535029411315918,0.0,0.0,-2.3732876777648926
4187,0.0,1.0297623872756958,0.0,0.0,0.0,2.216548204421997
4188,0.0,0.0,0.0,1.4053130149841309,0.0,-1.637948989868164
4189,1.7658195495605469,0.0,0.0,0.0,0.0,-2.8035852909088135
4190,0.0,0.8023550510406494,0.0,0.0,0.0,1.586993932723999
4191,0.0,1.1265310049057007,0.0,0.0,0.0,-2.411026954650879
4192,0.0,0.0,0.7324264049530029,0.8678881525993347,0.0,0.34043556451797485
4193,0.0,1.009149193763733,0.0,0.0,0.0,-2.782062530517578
4194,0.0,1.1651787757873535,0.0,0.0,0.0,0.6909360289573669
4195,0.0,0.7054831385612488,0.0,0.0,0.0,-1.7621370553970337
4196,0.0,0.2801615297794342,0.0,0.0,0.0,1.9909956455230713
4197,0.0,0.0,1.5976247787475586,0.0,0.0,-2.133803129196167
4198,0.0,0.0,0.0,1.557945728302002,0.0,-2.6944148540496826
4199,0.0,0.9748645424842834,0.0,0.0,0.0,-3.0312044620513916
4200,0.6627368330955505,0.0,0.0,0.0,0.0,0.13381274044513702
4201,0.0,1.0172301530838013,0.0,0.0,0.0,-2.648158073425293
4202,1.8164353370666504,0.0,0.0,0.0,0.0,-3.210186004638672
4203,0.0,0.0,0.369384229183197,0.0,0.0,3.1623804569244385
4204,0.0,0.5528266429901123,0.0,0.0,0.0,-0.33584654331207275
4205,0.8627839684486389,0.0,0.0,0.0,0.0,1.5213569402694702
4206,0.0,0.6648032069206238,0.0,0.0,0.0,-2.1565816402435303
4207,0.0,0.9232886433601379,0.0,0.0,0.0,-3.355898857116699
4208,0.0,0.0,1.3613425493240356,0.0,0.0,-1.434973120689392
4209,1.2096869945526123,0.0,0.0,0.0,0.0,-0.4568120241165161
4210,0.0,1.9958170652389526,0.0,0.0,0.0,-0.6460590362548828
4211,0.0,0.9840808510780334,0.0,0.0,0.0,-2.8076727390289307
4212,0.0,0.9389617443084717,0.0,0.0,0.0,2.2252442836761475
4213,0.0,0.3587145209312439,0.0,0.0,0.0,0.42464983463287354
4214,1.0073521137237549,0.0,0.0,0.0,0.0,1.177924394607544
4215,0.0,0.24552980065345764,0.0,0.6013652682304382,0.0,2.3528130054473877
4216,0.0,1.0368231534957886,0.0,0.0,0.0,-2.433004140853882
4217,0.0,1.0045682191848755,0.0,0.0,0.0,-3.3686530590057373
4218,0.0,1.4041334390640259,0.0,0.0,0.0,-1.1958165168762207
4219,0.0,1.4774155616760254,0.0,0.0,0.0,-0.9189519286155701
4220,0.512252688407898,0.0,0.0,0.0,0.0,1.9568970203399658
4221,0.0,0.36865609884262085,0.0,0.0,0.0,0.29215288162231445
4222,0.0,2.0121257305145264,0.0,0.0,0.0,-0.3471698760986328
4223,0.0,1.556516408920288,0.0,0.0,0.0,-1.8143937587738037
4224,0.0,1.5066004991531372,0.0,0.0,0.0,-1.4784291982650757
4225,0.0,0.14578701555728912,0.0,0.0,0.0,1.2687220573425293
4226,0.0,0.29635369777679443,0.0,0.0,0.0,1.1151890754699707
4227,0.0,0.0,0.7152118682861328,0.0,0.0,0.26106786727905273
4228,1.7926079034805298,0.0,0.0,0.0,0.0,-2.9097936153411865
4229,0.0,0.29024940729141235,0.0,0.0,0.0,-1.095881700515747
4230,1.228580355644226,0.0,0.0,0.0,0.0,-1.0097218751907349
4231,0.0,0.0,0.0,1.187345027923584,0.0,-0.41303956508636475
4232,0.0,0.0,0.0,1.659140944480896,0.0,-3.2702159881591797
4233,0.0,1.5813599824905396,1.1187249422073364,1.2188725471496582,0.0,0.43515944480895996
4234,0.0,0.4423213601112366,0.0,0.0,0.0,-1.6524715423583984
4235,0.6640351414680481,0.268045037984848,0.0,0.0,0.0,0.19686271250247955
4236,0.0,0.9417650699615479,0.0,0.0,0.0,-2.631340980529785
4237,0.0,0.9345353245735168,0.0,0.0,0.0,-2.7623136043548584
4238,1.7513818740844727,0.0,0.0,0.0,0.0,-1.6174163818359375
4239,0.0,0.9450045824050903,0.0,0.0,0.0,-3.06147837638855
4240,1.4535548686981201,0.0,0.0,0.0,0.0,0.6628347039222717
4241,0.0,0.4445315897464752,0.0,0.0,0.0,2.143043279647827
4242,0.0,1.2047460079193115,0.0,0.0,0.0,1.436138391494751
4243,0.0,0.0,0.0,1.1505532264709473,0.0,-0.4226609468460083
4244,0.0,0.728337824344635,0.0,0.0,0.0,-1.8041218519210815
4245,0.0,0.0,1.7229163646697998,0.0,0.0,-2.6087677478790283
4246,1.9672315120697021,0.0,0.0,0.0,0.0,-1.4189380407333374
4247,1.367224931716919,0.0,0.0,0.0,0.0,-0.4288126230239868
4248,0.0,0.9435699582099915,0.0,0.0,0.0,-2.8630056381225586
4249,0.0,1.2461436986923218,0.0,0.0,0.0,0.9649555087089539
4250,0.0,0.9247885346412659,0.0,0.0,0.0,0.14201997220516205
4251,0.0,0.0,0.0,1.6452895402908325,0.0,-3.1659581661224365
4252,0.998539924621582,0.6857610940933228,0.0,0.0,0.0,0.6638153195381165
4253,0.0,0.0,0.0,1.5777790546417236,0.0,-2.710144281387329
4254,1.8140220642089844,0.0,0.0,0.0,0.0,-3.289050817489624
4255,0.0,0.6470379829406738,0.0,0.0,0.0,-1.839694857597351
4256,0.0,1.6692289113998413,0.0,0.0,0.0,-0.8928336501121521
4257,0.0,0.0,1.0058351755142212,0.0,0.0,0.39584338665008545
4258,0.0,0.9274033308029175,0.0,0.0,0.0,-3.1090335845947266
4259,0.0,0.958831250667572,0.0,0.0,0.0,-3.1465141773223877
4260,1.7523936033248901,0.0,0.0,0.0,0.0,-3.0510079860687256
4261,1.7436681985855103,0.0,0.0,0.0,0.0,-1.9325954914093018
4262,0.0,1.6067488193511963,0.0,0.0,0.0,-0.7401145100593567
4263,0.0,0.0,1.8310749530792236,0.0,0.0,-3.042611598968506
4264,0.0,1.8362159729003906,0.0,0.0,0.0,-1.413187861442566
4265,0.0,1.0563169717788696,0.0,0.0,0.0,-0.6461719870567322
4266,0.0,0.9190306067466736,0.0,0.0,0.0,-2.8685076236724854
4267,0.0,0.0,1.7340823411941528,0.0,0.0,-2.59167742729187
4268,0.7770585417747498,0.0,0.0,0.0,0.0,0.9814661145210266
4269,0.0,0.8355568051338196,0.0,0.0,0.0,-3.1229803562164307
4270,0.0,0.9708114862442017,0.0,0.0,0.0,-2.93194317817688
4271,0.5230811834335327,0.0,0.0,0.0,0.0,0.5807169675827026
4272,0.0,0.965819776058197,0.0,0.0,0.0,-2.64046573638916
4273,0.0,1.0401122570037842,0.0,0.0,0.0,-3.1212642192840576
4274,0.0,0.0,1.7392042875289917,0.0,0.0,-2.6872684955596924
4275,1.802349328994751,0.0,0.0,0.0,0.0,-3.273979425430298
4276,0.0,0.0,0.631584644317627,0.0,0.0,0.5088801980018616
4277,1.7236344814300537,0.0,0.0,0.0,0.0,-2.605788469314575
4278,0.0,1.3009209632873535,0.9579437971115112,0.0,0.0,0.8683043122291565
4279,0.0,0.24190622568130493,0.0,0.0,0.0,3.1203198432922363
4280,0.0,0.3849610984325409,0.0,0.0,0.0,-1.6347055435180664
4281,0.0,0.6875696778297424,0.0,0.0,0.0,-0.5036540031433105
4282,0.0,0.0,0.0,0.8259135484695435,0.0,1.0464296340942383
4283,0.0,0.0,1.6965755224227905,0.0,0.0,-2.566200017929077
4284,1.772735357284546,0.0,0.0,0.0,0.0,-1.718446969985962
4285,0.0,0.25334373116493225,0.0,0.0,0.0,0.44573092460632324
4286,0.0,0.0,1.7475290298461914,0.0,0.0,-2.6694703102111816
4287,0.0,0.0,1.1916342973709106,0.0,0.0,-0.6770719289779663
4288,1.1237329244613647,0.0,0.0,0.0,0.0,0.8549129366874695
4289,1.2372556924819946,0.614963173866272,0.0,0.0,0.0,-1.510155439376831
4290,0.0,1.051371455192566,0.0,0.0,0.0,-1.1785240173339844
4291,0.0,0.16896529495716095,0.0,0.0,0.0,0.6965630650520325
4292,0.0,0.0,1.3485333919525146,0.0,0.0,-1.2047184705734253
4293,0.0,0.7508997321128845,0.0,0.0,0.0,-0.8682332634925842
4294,0.0,0.559672474861145,0.0,0.0,0.0,2.1043307781219482
4295,0.0,1.0356959104537964,0.0,0.0,0.0,1.1494629383087158
4296,0.0,0.0,1.7608801126480103,0.0,0.0,-2.7750368118286133
4297,0.0,0.8309518694877625,1.6421486139297485,1.4827723503112793,0.0,-2.5936148166656494
4298,0.0,1.5206891298294067,1.0862634181976318,0.0,0.0,0.5513358116149902
4299,0.0,0.0,0.0,1.6206642389297485,0.0,-3.0135529041290283
4300,0.9198949337005615,0.0,0.0,0.0,0.0,0.18843798339366913
4301,0.0,0.0,0.8842176198959351,0.0,0.0,0.5744072794914246
4302,0.0,0.0,0.0,1.1881967782974243,0.0,-0.27044981718063354
4303,0.0,1.581347107887268,0.0,0.0,0.0,-0.9890156388282776
4304,0.0,0.2541136145591736,0.0,0.0,0.0,2.999072790145874
4305,0.0,0.0,1.720477819442749,0.0,0.0,-2.64440655708313
4306,0.0,0.0,1.2944669723510742,0.0,0.0,-1.3606784343719482
4307,0.0,1.571773886680603,0.0,0.0,0.0,1.0923882722854614
4308,0.0,0.9481691122055054,0.0,0.0,0.0,-3.0237929821014404
4309,0.0,0.9419304728507996,0.0,0.0,0.0,-3.349454641342163
4310,0.0,0.0,0.8388704061508179,0.0,0.0,-0.028842568397521973
4311,0.5983293652534485,0.3128175139427185,0.0,0.0,0.0,1.2915974855422974
4312,0.0,0.6851240992546082,0.0,0.0,0.0,-0.8470187783241272
4313,1.7834705114364624,0.0,0.0,0.0,0.0,-1.1988728046417236
4314,0.0,1.4022278785705566,0.0,0.0,0.0,-2.07220196723938
4315,0.0,0.2612391412258148,0.0,0.0,0.0,2.7598373889923096
4316,0.9526814222335815,0.6970771551132202,0.0,0.0,0.0,1.1709744930267334
4317,0.0,0.0,1.2294820547103882,0.0,0.0,-1.3295267820358276
4318,0.0,0.29555967450141907,0.0,0.0,0.0,2.872871160507202
4319,1.7074449062347412,0.0,0.0,0.0,0.0,-2.549145460128784
4320,0.0,0.929656982421875,0.0,0.0,0.0,-3.1579251289367676
4321,0.0,0.0,1.4013713598251343,0.0,0.0,-1.3210630416870117
4322,0.3462969660758972,0.18478015065193176,0.2736867070198059,0.0,0.0,3.5259335041046143
4323,0.0,1.1202192306518555,0.0,0.0,0.0,1.055051326751709
4324,0.0,0.6200228929519653,0.0,0.0,0.0,-0.8511174321174622
4325,0.0,0.8986062407493591,0.0,0.0,0.0,-3.0921573638916016
4326,0.0,0.9546114802360535,0.0,0.0,0.0,-2.808121919631958
4327,0.0,0.8888818025588989,0.0,0.0,0.0,-3.1686038970947266
4328,1.5331214666366577,0.831549882888794,0.0,1.4117003679275513,0.0,-2.1523544788360596
4329,0.0,0.0,0.0,1.157071590423584,0.0,-0.1950514018535614
4330,0.0,0.7280890345573425,0.0,0.0,0.0,-2.261557102203369
4331,0.0,1.6988646984100342,0.0,0.0,0.0,-1.3116360902786255
4332,0.0,1.7768909931182861,0.0,0.0,0.0,0.014436043798923492
4333,0.0,0.3295753598213196,0.0,0.0,0.0,0.6327226758003235
4334,0.0,0.7828049659729004,0.0,0.0,0.0,-0.714286744594574
4335,0.0,0.1849973350763321,0.0,0.0,0.0,0.4326329827308655
4336,1.7758698463439941,0.0,0.0,0.0,0.0,-2.8397603034973145
4337,1.922082543373108,0.0,0.0,0.0,0.0,-3.648925542831421
4338,0.0,0.3008250296115875,0.0,0.0,0.0,0.005017459392547607
4339,0.0,0.0,0.0,1.413632869720459,0.0,-1.6815736293792725
4340,0.0,0.0,0.0,1.2691444158554077,0.0,-1.0104461908340454
4341,0.0,0.0,1.012547254562378,0.0,0.0,0.03992566466331482
4342,0.0,1.7055002450942993,0.0,0.0,0.0,1.0923433303833008
4343,0.0,0.2685883343219757,0.0,0.0,0.0,2.0438902378082275
4344,0.0,1.2695437669754028,0.0,0.0,0.0,-1.8737990856170654
4345,0.0,0.0,0.6009451150894165,0.0,0.0,1.4671714305877686
4346,1.796995759010315,0.0,0.0,0.0,0.0,-3.139735460281372
4347,0.41005927324295044,0.15999650955200195,0.0,0.0,0.0,1.420628547668457
4348,0.0,0.0,0.7560508251190186,0.0,0.0,0.5085569620132446
4349,0.0,0.0,0.7617756724357605,0.9224679470062256,0.0,1.3827223777770996
4350,0.0,0.0,1.7329751253128052,0.0,0.0,-2.6696932315826416
4351,0.0,0.21582944691181183,0.0,0.0,0.0,1.2191166877746582
4352,0.0,0.0,0.0,1.1465243101119995,0.0,-0.3803848624229431
4353,0.0,1.6579114198684692,0.0,0.0,0.0,-1.2387347221374512
4354,0.0,0.9609276056289673,0.0,0.0,0.0,-2.8611934185028076
4355,0.0,0.0,1.258658528327942,0.0,0.0,-0.7367692589759827
4356,0.0,0.9529644846916199,0.0,0.0,0.0,-2.816423177719116
4357,0.0,0.0,0.0,1.1407032012939453,0.0,-0.5336361527442932
4358,0.0,0.8941510915756226,0.0,0.0,0.0,-2.656111001968384
4359,0.0,0.6958568692207336,0.0,0.0,0.0,-0.10988036543130875
4360,1.6677383184432983,0.0,0.0,0.0,0.0,0.20463789999485016
4361,1.3187075853347778,0.0,0.0,0.0,0.0,-0.4511370062828064
4362,0.0,0.30430132150650024,0.0,0.0,0.0,2.7850918769836426
4363,1.7760010957717896,0.0,0.0,0.0,0.0,-3.087329626083374
4364,0.0,1.255119800567627,0.0,0.0,0.0,-1.947412133216858
4365,0.0,0.0,0.0,1.6196999549865723,0.0,-3.010296583175659
4366,0.0,0.8711585998535156,1.6725813150405884,0.0,0.0,-2.643468141555786
4367,0.780837893486023,0.4605940580368042,0.0,0.0,0.0,1.081488847732544
4368,0.0,1.0543965101242065,0.0,0.0,0.0,-2.71410870552063
4369,0.0,0.2537837326526642,0.0,0.0,0.0,3.0937485694885254
4370,2.0312576293945312,0.0,0.0,0.0,0.0,-1.1681512594223022
4371,0.0,1.2348068952560425,0.0,0.0,0.0,1.672583818435669
4372,0.0,0.3104047179222107,0.0,0.0,0.0,0.7243384718894958
4373,0.0,0.3201042115688324,0.0,0.6619133353233337,0.0,2.1684277057647705
4374,0.0,0.7400572299957275,0.0,0.0,0.0,0.29764223098754883
4375,0.0,0.0,0.8014197945594788,0.0,0.0,0.7271819710731506
4376,0.0,0.0,0.0,1.4076133966445923,0.0,-1.4217783212661743
4377,0.0,0.0,1.76690673828125,0.0,0.0,-2.7969553470611572
4378,0.0,0.0,0.0,1.6337729692459106,0.0,-3.0382304191589355
4379,0.0,0.8527849316596985,0.0,0.0,0.0,1.9977567195892334
4380,0.0,0.0,1.6803462505340576,0.0,0.0,-2.4899094104766846
4381,0.0,1.3651044368743896,0.0,0.0,0.0,0.7701063752174377
4382,0.0,0.9339109659194946,0.0,0.0,0.0,-3.3038668632507324
4383,0.0,0.0,0.0,1.567649245262146,0.0,-2.7733967304229736
4384,0.0,0.16747774183750153,0.0,0.0,0.0,-0.0818653404712677
4385,0.0,0.2766404449939728,0.0,0.0,0.0,-1.2209439277648926
4386,0.0,0.0,0.0,1.6739516258239746,0.0,-3.3251335620880127
4387,0.0,1.0976868867874146,0.0,0.0,0.0,-2.7900607585906982
4388,0.0,0.9172112345695496,0.0,0.0,0.0,-2.6863975524902344
4389,0.0,1.006569266319275,0.0,0.0,0.0,-2.724663734436035
4390,1.3943610191345215,0.0,0.0,0.0,0.0,-1.6956706047058105
4391,0.0,0.875442624092102,0.0,0.0,0.0,-2.7076470851898193
4392,0.0,1.2315231561660767,0.0,0.0,0.0,-0.8999215960502625
4393,1.7194737195968628,0.0,0.0,0.0,0.0,-2.7425239086151123
4394,0.0,0.19867779314517975,0.0,0.0,0.0,1.214354157447815
4395,1.0339490175247192,0.0,0.0,0.0,0.0,0.10683099925518036
4396,0.8453162312507629,0.0,0.0,0.0,0.0,-0.5803948640823364
4397,1.5271899700164795,0.6193026900291443,0.0,1.5330818891525269,0.0,-3.445955514907837
4398,0.0,0.9524927139282227,0.0,0.0,0.0,-2.951460599899292
4399,0.0,0.5602231025695801,0.0,0.0,0.0,-1.860776424407959
4400,0.0,1.3054455518722534,0.0,0.0,0.0,-1.1925292015075684
4401,0.4896218180656433,0.0,0.0,0.0,0.0,2.9442524909973145
4402,0.0,0.26284366846084595,0.0,0.0,0.0,3.1519203186035156
4403,0.0,0.24753597378730774,0.0,0.0,0.0,3.161825180053711
4404,1.72391939163208,0.0,0.0,0.0,0.0,-2.437190532684326
4405,0.9002395868301392,0.0,0.0,0.0,0.0,-0.1289186179637909
4406,0.0,0.9501654505729675,0.0,0.0,0.0,-3.1601932048797607
4407,0.0,0.17099285125732422,0.4055725634098053,0.5903088450431824,0.0,1.839124321937561
4408,0.0,0.0,1.31781005859375,0.0,0.0,-0.9169765114784241
4409,0.0,0.9096254706382751,0.0,0.0,0.0,-0.880271852016449
4410,1.7470628023147583,0.0,0.0,0.0,0.0,-2.258756399154663
4411,0.0,0.7195405960083008,0.0,0.0,0.0,-0.0255434513092041
4412,0.0,0.0,0.0,0.6020333766937256,0.0,3.0950379371643066
4413,0.0,0.9098379611968994,0.0,0.0,0.0,-2.9691836833953857
4414,1.7246569395065308,0.0,0.0,0.0,0.0,-1.6380637884140015
4415,0.7846677303314209,0.0,0.0,0.0,0.0,-0.004875019192695618
4416,1.6818437576293945,0.0,0.0,0.0,0.0,-2.271775484085083
4417,1.7427982091903687,0.0,0.0,0.0,0.0,-3.0366926193237305
