id,model_1,model_2,model_3,model_4,model_5,model_6,model_7,model_8,model_9,model_10,model_11,model_12
1,1,1,1,1,1,1,1,1,1,1,1,1
2,1,1,1,1,1,1,1,1,1,1,1,1
3,1,1,1,0,0,1,1,1,1,0,1,0
4,1,1,1,1,1,1,1,1,1,1,0,1
5,1,1,1,1,0,1,1,1,1,1,1,1
6,1,1,1,1,0,1,1,1,1,1,0,0
7,0,1,1,1,0,1,1,0,0,0,1,0
8,1,1,1,1,0,1,1,0,1,1,0,0
9,1,1,1,0,0,1,0,1,1,1,1,0
10,0,0,0,0,0,0,0,0,0,0,0,1
11,1,1,1,0,0,1,0,0,0,1,0,0
12,0,1,1,1,0,1,1,0,1,0,0,1
13,1,1,1,1,1,1,1,1,1,1,1,1
14,1,0,0,0,0,0,1,0,1,1,0,1
15,0,0,0,1,0,0,0,0,0,0,0,0
16,0,1,0,1,1,1,1,1,1,1,0,0
17,0,1,0,0,0,1,1,0,0,1,0,1
18,0,1,1,1,0,1,1,1,1,1,0,0
19,1,1,1,0,0,1,1,0,1,1,0,0
20,0,0,1,1,0,1,0,1,1,1,0,0
21,1,1,1,1,1,0,1,1,1,0,0,0
22,0,0,0,0,0,0,1,0,0,0,0,0
23,1,1,1,1,1,1,1,0,0,0,1,0
24,0,1,1,0,0,1,1,0,0,0,0,0
25,1,1,1,1,0,1,1,1,1,1,1,1
26,1,1,1,1,1,1,1,0,1,1,1,1
27,1,1,1,0,0,0,1,0,1,0,0,0
28,0,1,1,1,1,0,1,0,1,1,1,0
29,0,0,0,0,0,0,0,0,0,0,0,0
30,1,0,0,0,0,1,0,1,0,0,0,0
31,1,1,0,1,1,1,1,0,0,1,1,1
32,1,1,1,1,1,1,1,1,1,1,1,1
33,1,1,1,0,0,1,1,0,1,0,1,0
34,1,1,1,1,1,1,1,1,1,1,0,0
35,0,1,1,1,1,1,1,0,1,1,0,0
36,1,1,1,1,0,1,1,0,1,0,0,1
37,1,1,1,1,1,1,1,1,1,1,0,1
38,0,0,1,0,1,1,0,0,0,1,0,1
39,1,1,1,1,1,1,1,1,1,1,1,1
40,1,0,1,0,0,0,1,1,1,1,0,0
41,1,1,1,1,1,1,1,0,1,1,1,1
42,1,1,1,1,0,1,1,1,1,1,1,1
43,1,1,0,1,1,1,1,1,1,1,0,1
44,1,1,1,1,1,0,1,1,1,1,1,0
45,0,1,0,0,0,0,0,0,0,1,0,1
46,1,1,1,1,1,1,1,1,1,0,0,1
47,1,1,1,1,1,1,1,0,1,1,1,1
48,0,0,0,0,0,0,0,0,0,0,0,0
49,1,1,1,1,0,1,1,1,0,1,0,1
50,0,0,0,0,0,0,0,0,0,0,0,0
51,1,0,0,1,0,0,1,1,1,1,0,1
52,0,1,0,0,0,0,1,1,1,1,1,1
53,1,1,1,0,1,1,1,0,1,1,1,0
54,1,1,1,1,0,1,1,0,0,1,0,1
55,1,1,1,1,0,1,1,0,1,1,0,0
56,1,1,1,1,1,1,1,1,1,1,1,1
57,1,1,1,1,0,1,1,0,1,0,0,0
58,1,1,1,1,0,1,1,1,1,1,1,1
59,1,1,1,1,1,1,1,0,1,0,1,0
60,0,0,0,1,1,0,0,0,0,0,0,0
61,1,1,1,1,0,1,1,1,1,1,1,0
62,0,1,0,1,1,0,1,1,0,1,1,0
63,0,0,0,0,1,0,1,1,1,1,1,1
64,1,1,1,1,1,1,1,1,1,1,1,1
65,0,0,1,1,0,0,1,0,0,0,0,0
66,1,1,1,1,1,1,1,1,1,1,1,1
67,1,1,0,1,0,0,1,1,1,1,1,1
68,1,1,1,1,1,1,1,1,1,1,0,1
69,1,1,1,1,0,1,1,1,1,1,0,1
70,0,0,0,0,0,0,0,0,0,0,0,0
71,0,0,0,1,1,1,1,1,0,1,1,0
72,1,1,1,1,0,1,1,1,1,1,0,1
73,1,1,1,1,1,1,1,1,1,1,0,0
74,0,1,1,1,1,1,1,1,1,1,1,1
75,1,1,1,1,0,1,1,1,1,1,1,0
76,1,1,1,1,1,1,1,1,1,1,1,1
77,0,1,0,0,0,0,1,0,1,0,0,0
78,1,0,1,1,1,1,1,1,1,0,1,1
79,1,1,1,1,0,1,1,1,1,1,0,1
80,1,0,1,1,0,1,1,1,1,1,1,1
81,1,1,1,1,1,1,1,0,0,0,0,0
82,1,0,1,0,1,1,1,1,0,1,0,0
83,1,1,1,0,0,1,1,1,1,1,1,1
84,1,0,1,0,0,1,1,0,1,1,0,0
85,1,0,1,1,0,1,1,0,1,0,0,0
86,1,1,1,1,1,1,1,1,1,1,1,0
87,1,1,1,1,0,1,1,0,1,1,0,0
88,1,1,1,1,0,1,1,1,1,1,0,1
89,1,1,1,1,1,1,1,0,1,1,1,1
90,1,1,1,1,1,1,1,1,0,1,0,1
91,1,1,1,1,1,1,1,1,0,0,1,1
92,1,1,1,1,1,1,1,1,1,1,1,1
93,1,1,1,1,1,1,0,0,1,1,0,0
94,1,1,0,1,0,1,1,1,1,1,1,1
95,0,1,0,1,0,1,1,0,0,1,0,0
96,1,1,1,1,0,1,1,1,1,1,1,1
97,1,1,1,1,1,1,1,1,1,1,1,1
98,1,1,1,1,0,1,1,1,1,1,1,0
99,1,1,1,1,1,1,1,1,1,1,1,1
100,1,0,0,0,0,0,1,1,1,1,1,1
101,1,0,1,1,1,1,1,0,1,1,0,1
102,1,0,1,1,1,1,1,1,1,1,1,1
103,1,1,1,0,0,1,1,0,0,0,0,0
104,0,0,0,0,0,1,0,0,0,0,0,0
105,1,1,1,1,0,1,1,1,0,1,0,0
106,0,0,1,0,0,0,1,0,0,0,0,0
107,0,0,1,1,1,1,1,0,0,0,0,0
108,0,1,1,0,0,0,0,1,0,1,1,1
109,1,1,1,1,1,1,1,1,1,1,1,1
110,1,1,1,0,0,1,1,1,1,1,1,1
111,0,0,1,0,0,1,1,0,1,1,0,0
112,0,0,1,1,1,1,0,0,0,1,0,0
113,0,0,0,0,0,0,1,0,0,0,1,1
114,1,1,1,1,0,1,1,0,1,1,0,0
115,1,1,1,1,1,1,1,1,0,1,0,1
116,1,1,1,1,1,1,1,1,1,1,1,1
117,1,1,1,1,1,1,1,1,0,1,1,1
118,0,0,1,0,0,1,0,0,0,1,0,0
119,1,1,1,1,1,1,1,1,1,0,1,0
120,1,1,1,1,1,1,1,0,1,1,0,1
121,1,1,1,1,0,1,1,0,1,1,1,0
122,1,1,0,0,0,1,1,0,0,1,0,0
123,0,0,0,0,0,0,0,0,0,0,0,0
124,1,1,1,1,0,1,1,1,1,1,0,0
125,1,1,1,1,0,1,1,1,1,1,0,0
126,0,0,0,0,0,0,0,0,0,0,0,1
127,1,1,1,1,1,1,1,1,1,0,1,1
128,1,1,1,0,0,1,1,0,1,0,0,0
129,0,0,0,0,0,0,0,0,0,0,0,0
130,0,1,1,1,0,1,1,0,1,0,0,1
131,1,1,1,1,0,1,1,1,1,1,0,0
132,1,1,0,1,1,1,0,0,1,1,0,0
133,1,1,1,1,1,1,1,0,1,1,0,0
134,1,1,1,1,1,1,1,0,1,1,0,0
135,1,1,1,0,0,1,1,1,1,1,0,1
136,0,0,0,0,0,0,1,1,0,1,1,1
137,1,1,1,1,1,1,1,1,1,1,0,0
138,0,0,0,0,0,0,0,0,0,0,0,0
139,1,1,1,1,0,1,1,1,1,0,1,1
140,0,1,0,0,0,0,1,0,1,0,0,0
141,1,1,1,1,0,1,1,0,1,1,0,1
142,1,1,1,1,1,1,1,1,1,1,1,1
143,1,0,1,1,1,1,1,0,1,1,1,1
144,1,1,1,1,0,1,1,1,1,1,0,1
145,1,1,0,1,1,0,0,0,1,1,0,1
146,1,1,1,1,1,1,1,1,1,1,1,1
147,1,1,1,1,1,1,1,0,1,1,0,1
148,1,1,1,1,1,1,1,0,1,1,1,0
149,1,1,1,1,0,1,1,1,1,1,0,0
150,0,1,0,0,0,0,0,0,0,0,0,0
151,1,1,1,1,0,1,1,1,1,1,0,0
152,1,0,1,1,0,1,1,1,1,1,1,1
153,1,1,1,1,0,1,1,1,1,1,0,0
154,1,1,1,1,1,1,1,1,1,1,1,1
155,1,1,1,1,1,1,1,1,1,1,1,1
156,1,1,1,1,1,1,1,1,1,1,1,0
157,1,1,1,1,0,1,1,1,1,1,0,1
158,1,1,1,1,0,1,1,1,1,1,1,1
159,1,1,1,1,1,1,1,1,1,1,1,1
160,1,0,1,1,0,0,1,0,0,1,0,0
161,1,1,1,0,1,1,0,0,1,1,0,0
162,1,1,1,1,1,1,1,1,1,1,1,1
163,1,1,1,1,1,1,1,1,1,1,0,1
164,1,1,1,1,1,1,1,1,1,1,0,1
165,1,1,1,1,1,1,1,1,1,1,1,1
166,1,1,1,1,1,1,1,1,1,1,1,1
167,1,1,1,1,1,1,1,1,1,1,1,1
168,0,0,0,0,0,0,0,0,0,1,1,0
169,1,0,1,1,0,1,0,0,0,0,0,0
170,1,1,1,1,1,1,1,1,1,1,1,1
171,1,1,1,1,0,1,1,0,1,1,1,1
172,1,1,1,1,1,1,1,1,1,1,1,1
173,1,1,1,1,1,1,1,0,0,0,1,1
174,1,1,1,1,0,1,1,1,1,1,1,1
175,1,1,1,1,1,1,1,1,1,1,1,1
176,1,0,0,0,0,0,0,0,0,0,0,0
177,1,0,1,0,0,1,1,0,1,1,1,1
178,1,1,1,1,1,1,1,1,1,1,1,1
179,1,1,1,1,0,1,1,0,0,0,0,0
180,0,1,1,1,1,1,0,1,0,0,1,0
181,1,1,1,1,1,1,1,1,1,1,1,1
182,1,1,1,1,1,1,1,0,1,0,0,0
183,0,1,1,1,1,1,1,0,1,1,0,1
184,0,1,1,1,0,0,1,0,0,0,1,0
185,1,0,1,1,0,1,1,1,1,0,1,1
186,1,0,1,0,0,1,1,0,1,1,0,0
187,1,1,1,1,1,1,1,1,1,1,1,1
188,1,0,1,1,0,1,1,0,1,0,0,0
189,1,1,1,1,0,1,1,1,1,1,1,0
190,1,1,1,1,1,1,1,1,1,1,1,0
191,1,1,1,1,0,1,0,0,1,0,0,0
192,1,1,1,1,1,1,1,1,1,1,1,1
193,1,1,1,1,1,1,1,1,0,1,0,0
194,1,0,1,0,1,1,0,0,0,0,0,0
195,1,0,1,1,0,1,1,0,1,1,0,0
196,1,1,1,0,0,1,1,0,1,1,1,1
197,1,1,1,1,0,1,1,1,1,1,0,1
198,1,1,1,1,1,1,1,1,1,1,0,0
199,1,1,1,1,1,1,1,1,0,1,1,0
200,1,1,1,1,0,1,1,0,1,1,1,0
201,1,0,1,1,0,1,1,1,1,1,0,1
202,1,1,1,1,1,1,1,1,1,0,1,1
203,1,1,1,1,1,1,1,1,1,1,1,1
204,1,0,1,1,1,1,1,1,1,1,1,1
205,0,1,1,1,1,1,1,1,1,1,0,0
206,1,0,1,1,0,1,1,1,1,0,0,0
207,1,1,1,0,1,1,1,0,1,1,0,1
208,1,1,1,1,1,1,1,1,1,1,1,1
209,1,0,1,1,0,1,1,1,1,1,0,1
210,1,1,1,1,1,1,1,0,1,1,1,0
211,1,1,1,1,1,1,1,1,1,1,1,1
212,1,1,1,1,1,1,1,1,1,1,0,1
213,1,1,1,1,1,1,1,1,1,1,1,1
214,1,1,1,1,0,1,1,1,1,1,1,1
215,1,1,1,1,1,1,1,1,1,1,1,1
216,0,0,0,0,0,0,1,0,0,0,0,0
217,1,1,1,0,1,1,1,0,1,1,0,0
218,0,1,1,0,0,0,1,1,0,1,1,1
219,1,1,1,1,0,1,0,0,0,1,0,0
220,1,1,1,1,1,1,1,1,1,1,1,1
221,1,1,1,1,0,1,1,1,1,0,0,0
222,1,1,1,1,1,1,1,1,1,1,1,1
223,1,1,1,1,1,1,1,1,1,1,1,1
224,1,1,1,1,0,1,0,0,0,0,0,1
225,1,1,1,1,1,1,0,1,1,1,1,1
226,0,0,1,1,0,0,0,1,0,0,1,0
227,1,1,1,1,1,1,1,1,1,1,1,0
228,1,1,1,0,0,1,1,1,1,1,1,1
229,0,1,1,0,1,1,1,1,0,1,1,1
230,1,1,1,1,1,1,1,1,1,1,1,1
231,1,1,1,1,1,1,1,1,1,1,1,1
232,0,1,1,1,1,1,1,1,1,1,1,0
233,1,1,1,1,1,1,1,1,1,1,1,1
234,1,1,1,1,1,1,1,1,1,1,1,1
235,1,1,1,1,0,1,1,1,1,1,1,1
236,0,0,0,0,1,1,0,0,0,0,0,0
237,1,0,1,1,1,1,1,1,1,0,0,1
238,1,0,1,1,0,1,1,1,1,1,1,1
239,1,1,1,1,1,1,1,1,1,1,0,1
240,1,1,1,1,1,1,1,1,1,0,0,0
241,1,1,1,1,1,1,1,0,1,0,1,1
242,1,1,1,1,1,1,1,1,1,1,1,0
243,1,1,1,1,1,1,1,1,1,1,1,1
244,1,1,1,1,1,1,1,1,1,1,1,0
245,0,0,1,1,0,1,1,0,0,0,0,0
246,1,1,1,1,0,1,1,1,1,1,0,0
247,1,0,0,1,0,0,1,0,1,0,1,0
248,0,0,0,0,0,1,1,0,0,0,0,0
249,1,1,1,1,1,1,1,1,1,1,1,1
250,1,0,1,1,0,1,1,1,1,1,1,1
251,1,1,1,1,1,1,1,1,1,1,1,1
252,1,0,1,1,1,1,1,1,1,1,1,1
253,1,1,1,1,0,1,1,1,1,0,0,0
254,1,1,1,1,0,1,1,1,1,1,0,1
255,1,1,1,1,1,1,1,1,1,1,0,1
256,0,1,0,1,0,1,0,0,0,0,0,1
257,1,0,1,0,0,1,1,0,0,1,0,0
258,1,1,1,0,1,1,1,1,0,1,1,1
259,0,0,0,0,0,0,0,0,0,0,0,0
260,1,0,1,1,0,1,1,0,1,0,0,0
261,1,1,1,1,1,1,1,1,1,1,1,1
262,1,0,1,1,0,1,1,1,1,1,1,0
263,1,1,1,1,1,1,1,1,1,1,1,1
264,1,1,1,1,1,1,1,1,1,1,1,1
265,1,0,1,1,1,1,1,1,0,1,1,1
266,1,1,1,1,1,1,1,1,1,1,1,1
267,1,1,1,0,1,1,1,1,1,0,1,0
268,1,1,1,0,1,0,1,0,1,0,1,1
269,1,0,1,1,1,1,1,1,1,0,0,1
270,0,0,1,1,0,0,0,0,0,0,0,0
271,1,1,1,1,1,1,1,1,1,1,1,1
272,1,0,1,1,0,1,1,0,1,1,0,0
273,1,0,1,1,0,1,1,0,1,0,0,0
274,1,1,1,1,1,1,1,1,1,1,1,1
275,1,0,1,1,1,1,1,1,1,1,0,1
276,1,1,1,1,0,1,1,1,1,1,1,1
277,1,1,1,1,1,1,1,1,1,1,1,1
278,0,0,1,1,0,1,0,1,0,1,0,0
279,1,1,1,0,0,1,1,0,1,0,0,1
280,1,1,1,1,1,1,1,1,1,1,0,1
281,1,1,1,1,1,1,1,0,1,1,0,0
282,1,1,1,1,1,1,1,1,1,1,0,1
283,0,0,1,1,0,1,1,0,1,0,0,0
284,1,1,1,1,0,1,1,0,1,1,0,0
285,1,1,1,1,1,1,1,0,1,0,0,1
286,1,1,1,1,0,1,1,0,1,0,0,0
287,0,0,0,0,0,0,0,0,0,0,0,0
288,1,1,1,1,1,1,1,1,1,1,1,0
289,1,1,1,1,0,1,1,1,0,0,1,1
290,1,1,1,1,1,1,1,1,1,1,1,1
291,1,1,1,1,0,1,1,0,1,1,0,0
292,1,1,1,1,1,1,0,0,1,1,1,0
293,1,1,1,1,0,1,1,1,1,1,1,1
294,0,1,0,1,1,1,0,0,1,1,1,1
295,1,1,1,1,0,1,1,0,1,1,1,1
296,0,1,1,1,0,1,1,0,1,0,0,0
297,1,1,1,1,0,1,1,0,1,1,1,1
298,1,1,1,1,1,1,1,1,1,1,1,1
299,1,0,0,1,0,1,1,1,1,1,1,1
300,1,0,1,1,1,1,1,1,1,1,1,1
301,0,1,0,0,0,0,1,1,1,0,0,0
302,1,1,1,1,1,1,1,1,1,0,0,1
303,1,0,1,1,0,1,1,0,1,1,0,0
304,1,0,1,1,0,1,1,1,1,1,1,0
305,0,0,1,0,0,0,0,0,0,0,0,0
306,1,1,1,1,1,1,1,1,1,1,1,1
307,0,0,0,0,0,0,0,0,0,0,0,0
308,1,1,1,1,1,1,1,1,1,1,1,1
309,1,1,1,1,0,1,1,1,1,1,1,1
310,1,1,1,1,1,1,1,1,1,1,1,1
311,1,1,1,0,0,1,1,0,1,0,1,0
312,1,1,1,1,1,1,1,1,1,1,1,1
313,0,0,0,0,0,0,0,0,0,0,0,0
314,1,1,1,1,0,1,1,0,1,0,0,0
315,1,0,1,0,0,1,0,0,0,0,0,0
316,1,1,1,0,0,1,1,0,1,1,0,0
317,1,1,1,1,1,1,1,1,1,1,1,0
318,1,1,1,1,1,1,1,0,1,1,0,0
319,0,1,1,1,0,1,1,0,0,0,0,0
320,1,0,1,1,1,1,1,1,1,1,1,1
321,1,1,1,1,0,1,1,1,1,1,0,0
322,1,1,1,1,0,1,1,1,1,0,1,0
323,1,1,1,1,1,1,1,1,1,1,1,1
324,1,1,1,1,1,1,1,1,1,1,1,0
325,1,0,1,1,1,1,0,0,1,0,0,0
326,0,1,1,1,1,1,1,1,1,1,1,0
327,0,1,0,0,0,0,0,1,0,1,0,0
328,1,0,1,0,0,1,0,0,0,0,0,0
329,1,0,1,1,0,1,1,0,0,0,0,0
330,1,1,1,0,0,1,0,0,1,0,1,0
331,1,0,1,1,1,1,1,0,0,1,1,0
332,1,1,1,1,0,1,1,0,1,0,0,0
333,1,1,1,1,0,1,1,1,1,1,0,0
334,1,0,1,1,1,1,1,1,1,1,0,1
335,1,1,1,1,1,1,1,1,1,1,1,1
336,0,0,0,0,0,0,0,0,0,0,0,0
337,1,1,1,1,1,1,1,1,1,1,1,1
338,0,0,1,1,0,1,1,0,1,1,0,0
339,1,1,1,1,1,1,1,1,1,1,1,1
340,1,1,1,1,0,1,0,1,1,1,1,1
341,1,0,1,0,0,1,0,0,1,0,1,1
342,1,1,1,1,1,1,1,1,1,1,1,1
343,1,1,1,1,0,1,1,1,1,0,0,1
344,0,1,1,1,0,1,1,1,0,1,0,0
345,1,1,1,1,0,1,1,1,1,1,1,1
346,1,1,1,1,0,1,1,0,1,1,0,0
347,1,1,1,1,0,1,1,0,1,1,0,1
348,1,1,1,1,1,1,1,1,1,1,1,1
349,1,1,1,1,0,1,1,1,1,1,1,1
350,1,1,1,1,0,1,1,1,1,1,1,1
351,1,1,1,1,1,1,1,1,1,1,1,1
352,1,1,1,1,1,1,1,0,0,0,0,1
353,1,1,1,1,1,1,1,0,1,0,0,1
354,1,1,1,1,0,1,1,1,0,1,0,0
355,0,1,1,0,0,1,0,0,1,0,1,0
356,1,1,1,1,1,1,1,1,1,1,1,0
357,1,1,1,1,0,1,1,1,1,1,0,1
358,1,0,1,1,1,1,1,1,1,1,1,1
359,1,1,1,1,0,1,1,1,1,0,1,1
360,1,1,1,1,0,1,1,1,1,0,1,1
361,1,1,1,1,0,1,1,0,1,1,0,0
362,1,0,1,1,0,1,1,0,0,1,0,1
363,1,1,1,1,0,1,1,0,1,0,0,0
364,1,1,1,1,0,1,0,1,1,1,0,0
365,0,1,1,1,1,1,1,0,1,1,0,0
366,1,1,1,1,0,1,1,1,1,0,0,1
367,1,1,1,1,0,1,1,1,0,1,1,1
368,1,1,1,1,1,1,1,1,1,1,1,1
369,0,1,1,1,0,1,1,1,1,1,1,1
370,1,1,1,1,0,1,1,0,1,1,0,1
371,1,1,1,1,1,1,1,1,1,1,1,1
372,1,1,1,1,1,1,0,1,1,1,1,0
373,1,1,1,1,0,1,1,1,1,0,1,1
374,1,1,1,1,1,1,1,1,1,1,0,1
375,1,1,1,1,0,1,0,1,1,1,1,1
376,1,0,1,1,0,1,1,1,0,1,1,0
377,1,1,1,1,0,1,0,0,0,0,0,0
378,1,1,1,1,1,1,1,1,1,1,1,1
379,1,1,1,1,1,1,1,1,1,1,1,1
380,0,0,0,0,0,0,1,0,1,0,0,0
381,1,1,1,1,1,1,1,1,1,1,1,1
382,1,1,1,1,1,1,1,1,1,1,0,1
383,1,1,1,1,1,1,1,1,1,1,0,1
384,1,1,0,0,0,0,1,0,1,0,0,0
385,0,0,1,0,0,1,0,1,0,0,1,0
386,0,1,1,1,0,0,0,0,1,1,1,0
387,1,1,1,0,1,1,1,1,1,1,1,1
388,1,0,1,1,0,1,1,0,1,1,0,0
389,1,1,1,1,1,1,1,1,1,1,0,1
390,0,0,1,0,0,0,0,0,0,0,1,0
391,1,1,1,0,0,1,1,1,1,1,0,1
392,1,1,1,1,1,1,1,1,1,1,1,1
393,1,1,1,1,1,1,1,1,1,1,1,1
394,1,1,1,1,1,1,1,1,1,1,1,1
395,1,1,1,1,1,1,1,1,1,1,1,1
396,0,0,1,1,0,1,0,0,1,0,0,0
397,1,1,1,1,1,1,1,1,1,1,1,1
398,1,0,1,1,0,0,0,1,1,0,1,0
399,1,0,1,1,1,1,1,1,1,1,1,1
400,1,1,1,1,1,1,1,1,1,1,1,1
401,1,1,1,1,1,1,1,1,1,1,0,1
402,1,1,1,1,1,1,1,1,1,1,1,1
403,0,1,0,0,0,0,1,0,0,0,0,0
404,1,0,1,1,1,1,1,1,1,1,1,1
405,1,1,1,1,1,1,1,1,1,1,1,1
406,1,1,0,1,1,0,1,0,1,0,1,0
407,1,0,1,1,0,1,1,0,1,1,0,0
408,1,1,1,1,0,1,1,1,1,1,0,1
409,1,0,1,0,0,1,0,0,1,1,0,1
410,1,1,1,1,1,1,1,1,1,1,0,0
411,1,1,1,1,1,1,0,1,1,1,1,1
412,0,0,0,1,0,0,0,0,0,0,0,0
413,0,0,1,1,1,1,1,1,0,1,1,1
414,1,0,0,0,1,0,0,0,1,0,0,1
415,1,1,1,1,1,1,1,1,1,1,1,1
416,0,1,1,0,0,0,1,0,1,1,1,1
417,1,0,1,0,0,0,1,1,1,0,0,0
418,0,0,1,0,0,0,0,1,1,1,0,0
419,1,0,0,1,0,0,1,1,1,1,1,0
420,1,1,1,1,1,1,0,1,1,1,0,0
421,1,1,1,1,0,1,1,0,1,0,0,1
422,1,1,1,1,1,1,1,1,1,1,1,1
423,1,1,1,1,1,1,1,0,1,0,0,0
424,1,1,1,1,1,1,1,1,1,1,1,1
425,1,1,1,1,1,1,1,1,1,1,1,1
426,0,0,0,0,0,0,0,0,0,0,0,0
427,1,1,1,1,0,1,1,0,1,0,1,0
428,1,1,1,1,1,1,1,1,1,1,1,1
429,0,0,0,0,1,1,0,1,1,1,1,0
430,0,0,1,0,0,1,0,0,0,0,0,0
431,1,1,1,1,1,1,1,1,1,1,1,1
432,1,1,1,1,1,1,1,1,1,1,1,1
433,0,0,0,0,0,0,0,0,0,0,0,0
434,1,0,1,0,1,1,1,1,1,1,0,1
435,0,1,1,1,0,1,1,1,1,1,1,1
436,1,0,1,0,0,1,1,1,1,0,0,0
437,1,1,1,1,1,1,1,1,1,1,1,1
438,1,1,1,1,1,1,1,1,1,1,1,0
439,1,1,1,1,1,1,1,1,1,1,1,1
440,1,1,1,0,0,1,1,0,1,1,0,0
441,1,1,1,1,1,1,1,1,1,1,1,1
442,1,0,0,0,0,1,0,0,0,0,0,0
443,1,1,1,1,1,1,1,1,0,1,1,1
444,1,0,0,0,0,0,0,0,0,1,1,0
445,0,1,1,1,1,1,1,1,1,1,1,1
446,1,1,1,0,0,1,1,0,1,1,0,0
447,0,1,1,0,0,0,1,0,1,0,1,0
448,0,0,0,0,0,0,0,0,0,0,0,0
449,1,1,1,1,1,1,1,1,1,0,1,1
450,1,1,1,1,0,0,1,1,1,1,1,1
451,1,1,1,1,1,1,1,1,1,1,1,0
452,1,1,1,1,1,1,1,1,1,1,1,1
453,1,1,1,1,1,1,1,1,1,1,1,1
454,1,1,1,1,1,1,1,1,1,1,0,1
455,1,1,1,1,1,1,1,0,0,1,0,0
456,1,1,1,1,0,1,1,0,1,1,0,0
457,1,0,1,1,0,1,1,1,1,1,1,1
458,1,1,1,1,1,1,1,1,1,1,1,1
459,1,0,0,0,0,0,1,0,1,0,0,0
460,1,0,1,1,0,1,1,1,1,1,1,1
461,1,1,1,1,1,1,1,1,1,1,1,1
462,1,1,1,1,1,1,1,1,1,1,1,1
463,1,1,1,1,0,1,1,1,1,1,1,1
464,1,0,1,1,0,1,1,1,1,1,0,0
465,0,0,0,0,0,0,0,0,0,0,0,0
466,1,1,1,1,1,1,1,1,1,1,1,1
467,1,1,1,1,1,1,1,0,0,1,1,0
468,1,0,1,1,0,1,1,1,1,0,1,1
469,0,0,0,0,0,0,1,0,1,0,1,1
470,1,1,1,1,1,1,1,1,0,1,1,1
471,1,1,1,1,1,1,1,1,1,1,1,0
472,1,1,1,0,1,1,1,0,1,0,1,0
473,0,0,1,0,0,1,0,0,1,0,0,0
474,1,1,1,0,0,1,1,0,0,1,0,0
475,1,1,1,1,1,1,1,1,1,1,1,1
476,1,1,1,1,1,1,1,1,1,1,1,1
477,1,1,1,1,1,1,1,1,1,1,1,1
478,1,1,1,1,0,1,1,1,1,1,1,1
479,1,1,1,1,1,1,1,1,1,1,1,1
480,1,1,1,1,1,1,1,1,1,1,1,1
481,1,0,1,1,0,1,1,0,1,1,0,0
482,1,1,1,1,1,1,1,1,1,1,0,0
483,0,0,1,0,0,1,0,0,0,0,1,0
484,1,1,1,1,1,1,1,1,1,1,1,1
485,1,1,1,1,1,1,1,1,1,1,1,1
486,1,1,1,1,1,1,1,1,1,1,1,0
487,1,1,1,1,0,1,0,1,1,1,0,0
488,1,1,1,1,0,1,0,0,1,1,0,1
489,1,1,1,1,1,1,1,1,1,1,1,1
490,1,0,1,1,0,1,1,0,1,1,1,1
491,1,1,1,1,1,1,1,1,1,1,1,0
492,1,1,1,1,1,1,1,1,1,1,1,1
493,1,1,1,1,0,1,1,1,1,1,0,0
494,1,1,1,1,1,1,1,1,1,1,1,1
495,1,1,1,1,1,1,1,1,1,1,0,0
496,1,0,1,1,0,1,1,1,1,1,0,1
497,0,1,1,1,1,1,0,1,1,1,0,1
498,1,1,1,1,1,1,1,0,1,1,1,1
499,1,1,1,0,0,1,0,0,1,0,1,1
500,1,1,1,1,0,1,1,0,1,0,0,0
501,0,0,0,1,0,0,0,0,0,1,0,0
502,1,1,1,1,1,1,1,1,1,1,1,1
503,0,0,0,0,0,0,0,0,0,0,0,0
504,1,0,0,1,1,1,1,0,1,1,0,0
505,1,1,1,1,0,1,0,0,1,1,0,0
506,1,1,1,1,1,1,1,1,1,1,1,1
507,1,1,0,0,0,0,0,0,0,0,0,0
508,0,0,0,0,0,0,0,0,0,0,0,0
509,1,1,1,1,1,1,1,1,1,1,1,1
510,1,1,1,0,1,1,1,0,1,1,1,0
511,1,0,1,1,0,1,1,1,0,1,1,1
512,1,1,1,1,1,1,1,1,1,1,1,1
513,1,1,1,1,1,1,1,1,1,1,0,0
514,1,1,1,1,0,1,1,1,1,1,0,0
515,1,1,1,1,1,1,1,1,1,1,1,1
516,1,1,1,1,1,1,1,1,1,1,1,1
517,1,1,1,1,1,1,1,1,1,1,1,1
518,1,1,1,1,0,1,1,0,1,1,0,1
519,1,1,1,1,1,1,1,1,1,1,1,1
520,0,0,1,0,0,1,1,0,1,0,0,0
521,1,1,1,1,1,1,1,1,1,1,0,0
522,0,0,0,1,0,0,0,0,0,0,0,0
523,1,0,1,1,1,1,1,1,1,1,1,1
524,1,1,1,1,1,1,1,1,1,1,0,1
525,0,1,1,0,0,1,1,1,1,1,1,0
526,1,1,1,1,0,1,1,0,1,0,0,0
527,0,0,1,1,0,0,0,0,0,0,0,0
528,1,1,1,1,0,1,1,1,1,1,0,0
529,1,1,1,1,1,1,1,1,0,1,1,0
530,1,1,1,1,0,1,1,1,1,1,1,0
531,1,1,1,1,1,1,1,1,1,1,1,1
532,1,1,1,1,1,1,1,1,1,1,1,1
533,1,0,1,1,0,1,0,0,1,1,0,1
534,1,1,1,1,1,1,1,0,1,0,0,0
535,1,1,1,1,1,1,1,1,1,1,1,1
536,0,0,0,1,0,0,0,0,0,0,0,0
537,1,0,1,1,0,1,1,1,1,1,1,1
538,1,1,1,1,0,1,1,1,0,1,0,0
539,1,1,1,1,1,1,1,1,1,1,1,1
540,1,0,1,1,1,1,1,1,1,1,1,0
541,1,1,1,1,1,1,1,1,1,1,1,1
542,1,1,1,1,0,1,1,1,1,1,0,0
543,1,1,0,1,1,1,1,1,1,1,1,1
544,1,1,1,1,0,1,1,1,0,1,1,0
545,1,1,1,1,1,1,1,1,1,1,1,1
546,1,0,1,0,0,1,1,0,1,0,0,0
547,1,1,1,1,1,1,1,0,1,1,1,1
548,1,1,1,1,1,1,1,1,1,1,1,1
549,1,1,1,1,0,1,1,0,1,1,0,0
550,1,1,1,1,1,1,1,1,1,1,1,1
551,0,0,0,0,0,0,0,1,1,1,1,0
552,1,0,1,0,1,1,1,1,1,1,1,1
553,1,0,1,0,0,1,0,0,1,0,0,0
554,1,1,1,1,1,1,1,1,1,1,1,1
555,1,1,1,1,1,1,1,0,1,0,0,1
556,1,1,1,1,1,1,1,1,1,1,1,0
557,1,1,1,1,0,1,1,1,1,1,1,1
558,0,0,0,0,0,0,0,0,0,0,0,0
559,1,1,0,1,0,1,1,1,1,1,0,1
560,1,1,1,0,0,1,1,1,1,1,0,0
561,0,0,1,1,0,1,1,0,1,1,1,0
562,1,0,1,1,0,1,1,1,1,1,1,0
563,1,1,1,0,0,1,1,1,1,1,1,1
564,0,0,1,1,0,0,0,0,1,0,0,0
565,1,0,1,1,1,1,0,0,0,1,0,0
566,1,0,0,1,0,0,1,1,1,1,0,0
567,1,1,0,1,1,1,1,1,1,1,1,1
568,0,1,0,0,0,0,0,0,0,0,0,0
569,1,0,1,1,0,1,1,1,1,0,0,1
570,1,1,1,1,1,1,1,1,1,1,1,1
571,1,1,1,1,0,1,1,0,1,0,0,1
572,1,1,1,1,1,1,1,1,1,1,1,1
573,1,1,1,1,1,1,1,1,1,1,1,1
574,1,1,1,1,0,1,1,0,1,0,0,0
575,1,1,1,1,0,1,1,0,1,1,0,1
576,1,1,1,1,1,1,1,1,1,1,1,1
577,0,0,0,0,0,0,0,0,0,0,0,1
578,1,1,1,1,1,1,1,1,1,1,1,1
579,1,1,1,1,1,1,1,1,1,1,1,1
580,1,1,1,1,1,1,1,1,1,1,1,1
581,1,1,1,1,0,1,1,1,1,1,1,1
582,1,1,1,1,1,1,1,1,0,1,1,1
583,1,1,1,1,1,1,1,1,1,1,1,0
584,1,1,1,1,1,1,1,1,1,1,1,1
585,0,0,0,0,0,0,0,0,0,0,0,0
586,0,1,1,0,0,1,0,0,1,0,0,0
587,0,0,0,0,0,0,0,1,1,0,0,0
588,1,1,1,1,1,1,1,0,1,1,0,0
589,1,1,1,1,1,1,1,1,1,1,1,1
590,1,1,1,1,0,1,1,1,1,1,1,1
591,1,0,1,1,1,1,1,1,1,1,0,1
592,0,0,1,1,0,0,1,1,0,1,0,0
593,0,0,0,0,0,0,0,0,0,0,0,0
594,1,0,1,1,0,0,1,0,1,0,0,0
595,1,1,1,1,0,1,1,1,1,1,0,1
596,1,0,1,1,0,1,1,1,1,1,1,1
597,1,1,1,1,1,1,1,1,0,0,0,0
598,1,1,1,1,0,1,1,1,1,1,1,1
599,1,0,1,0,0,1,1,1,1,0,1,1
600,1,1,0,0,0,0,1,0,0,0,1,0
601,1,1,1,1,0,1,1,1,1,1,1,1
602,0,0,1,1,1,1,1,1,1,0,1,1
603,1,0,0,1,1,0,0,1,0,0,0,1
604,1,1,1,1,0,1,1,1,1,1,0,1
605,1,1,1,1,0,1,1,1,1,0,0,1
606,1,1,1,1,1,1,1,1,1,1,1,1
607,1,1,1,1,1,1,1,1,1,1,1,1
608,1,0,1,1,1,1,0,1,1,1,1,1
609,1,1,1,1,0,1,1,0,1,1,0,1
610,1,1,1,1,1,1,1,1,1,1,1,1
611,1,1,1,1,1,1,1,1,1,1,1,1
612,1,1,1,1,1,1,0,1,1,1,0,1
613,0,0,0,0,0,0,0,0,1,0,0,0
614,0,1,0,0,1,0,0,0,0,0,1,0
615,1,0,1,1,0,0,0,0,0,0,0,0
616,0,1,1,1,0,1,1,1,1,1,1,0
617,1,1,1,1,0,1,1,0,1,1,0,0
618,0,0,1,0,0,1,1,1,1,1,1,1
619,1,0,1,1,1,1,1,1,1,1,1,1
620,1,1,1,1,1,1,1,1,1,1,1,1
621,0,0,0,0,0,0,0,0,0,0,0,0
622,1,1,1,1,1,1,1,1,1,1,1,1
623,1,1,1,1,1,1,1,1,1,1,1,1
624,0,1,1,1,0,1,1,1,0,1,0,0
625,0,0,0,0,0,0,0,0,1,0,0,0
626,1,1,0,1,1,0,1,1,1,1,1,1
627,0,0,0,0,0,0,0,0,0,0,1,0
628,1,1,1,1,0,1,1,1,1,1,0,1
629,0,1,0,1,1,0,1,1,0,1,1,0
630,1,0,1,1,0,1,1,1,1,0,0,0
631,1,1,0,1,1,1,1,1,1,1,1,1
632,1,0,1,1,0,1,1,1,1,1,1,1
633,1,0,1,1,1,1,1,0,1,0,0,0
634,1,0,1,1,1,0,0,0,1,0,1,1
635,1,0,1,1,0,1,1,0,1,1,0,0
636,1,0,0,0,0,1,0,0,1,0,0,0
637,1,1,1,1,0,1,1,1,1,1,0,1
638,1,1,1,1,0,1,1,1,1,0,1,1
639,1,1,1,1,1,1,1,0,1,1,1,0
640,1,1,1,1,1,1,1,1,1,1,1,1
641,1,1,1,1,1,1,1,1,1,1,1,1
642,1,1,1,1,1,0,1,0,1,0,1,1
643,1,1,1,1,1,1,0,0,0,1,1,1
644,1,0,1,1,0,1,0,1,1,1,0,0
645,1,1,1,1,1,1,1,0,1,1,1,0
646,1,1,1,1,1,1,1,1,1,1,1,0
647,1,1,1,1,1,1,1,0,1,1,1,1
648,1,1,1,1,1,1,1,1,1,1,1,1
649,1,1,1,1,1,1,1,1,1,1,1,1
650,1,0,0,1,0,1,1,0,1,0,0,0
651,0,1,1,1,1,1,1,1,0,1,1,1
652,1,1,1,1,1,1,1,0,1,1,1,0
653,1,1,1,1,1,1,1,1,1,1,0,1
654,1,0,1,1,1,1,1,1,1,1,1,1
655,1,1,1,1,1,1,1,1,1,0,1,1
656,0,0,1,0,0,1,0,0,1,0,0,0
657,1,0,1,0,1,1,1,1,0,1,0,0
658,0,1,1,0,1,0,1,0,0,1,1,1
659,1,1,1,1,0,1,1,0,1,1,0,0
660,1,0,1,1,1,1,0,0,0,0,1,1
661,1,1,1,1,1,1,1,1,1,0,0,0
662,1,1,1,1,1,1,1,1,1,1,1,1
663,0,0,0,0,0,0,1,0,0,1,0,0
664,0,1,0,0,1,1,1,0,0,0,0,0
665,1,0,1,0,0,1,1,0,0,0,1,0
666,0,0,1,0,0,1,0,0,1,1,0,0
667,1,1,1,1,0,1,1,1,0,1,1,0
668,1,1,1,1,0,1,1,1,1,1,0,0
669,0,1,1,1,1,1,1,0,1,0,1,0
670,1,1,1,0,0,1,0,0,0,1,0,0
671,1,0,1,0,0,0,1,0,1,0,1,0
672,1,0,1,0,0,1,0,0,0,0,0,0
673,0,0,0,0,0,0,0,0,0,0,0,0
674,1,1,1,1,1,1,1,1,1,1,0,1
675,0,1,1,1,1,1,1,0,0,0,1,0
676,1,0,1,0,0,0,0,1,1,1,0,1
677,1,1,1,1,0,1,0,1,1,0,0,1
678,0,0,0,0,0,0,0,0,0,0,0,1
679,1,1,1,1,0,1,1,0,1,0,0,0
680,0,0,1,0,1,0,0,0,0,0,0,0
681,0,0,0,1,0,0,0,0,0,0,0,0
682,1,1,1,1,1,1,1,1,1,0,1,1
683,1,1,1,1,0,1,0,0,1,1,0,1
684,1,1,1,1,1,1,1,1,1,1,1,1
685,1,1,1,1,1,1,1,0,0,1,1,0
686,1,1,1,1,1,1,1,1,1,1,0,1
687,0,0,1,1,0,1,1,0,0,1,0,0
688,0,0,1,0,1,0,0,0,0,0,0,0
689,1,1,1,1,1,1,1,1,1,1,1,1
690,1,1,1,1,1,1,1,1,1,1,1,1
691,1,1,1,1,0,1,0,0,1,0,0,1
692,1,1,1,1,1,1,1,1,1,1,0,0
693,1,1,1,0,1,1,1,1,1,0,1,1
694,1,0,1,0,0,1,1,1,0,1,1,1
695,1,1,1,1,1,1,1,1,1,1,1,1
696,1,1,1,0,0,1,1,1,1,1,1,1
697,1,0,1,1,1,1,1,0,1,0,1,0
698,1,0,1,1,1,1,0,1,1,0,1,1
699,1,1,1,1,1,1,1,1,1,1,1,1
700,1,1,1,1,0,1,1,1,1,1,1,1
701,1,0,1,1,1,1,1,0,1,0,1,1
702,1,1,1,1,1,1,1,1,1,1,1,1
703,1,0,1,0,0,1,1,0,1,0,0,1
704,1,1,1,1,0,1,1,1,1,1,1,1
705,1,0,1,1,1,1,1,1,0,1,1,0
706,1,1,1,1,1,1,1,1,1,1,1,1
707,1,0,1,1,1,1,1,1,1,1,1,1
708,1,1,0,0,1,1,1,1,1,0,1,1
709,1,1,1,1,1,1,1,1,1,1,1,1
710,1,1,1,0,0,1,0,0,1,1,1,1
711,0,0,0,0,0,0,0,0,0,1,0,0
712,0,1,1,0,0,1,1,0,0,0,1,1
713,1,1,1,1,1,1,1,1,1,1,1,1
714,1,1,1,1,1,1,1,1,1,1,1,1
715,1,1,1,1,1,1,1,1,1,1,1,1
716,1,1,1,1,1,1,1,1,1,0,1,1
717,1,1,1,0,1,1,1,0,1,0,1,1
718,1,0,1,0,1,1,1,0,0,1,0,0
719,1,1,1,0,0,1,1,1,1,1,0,0
720,0,0,1,0,0,1,0,0,0,0,0,0
721,0,1,1,0,0,0,0,0,0,1,0,0
722,1,1,1,1,1,1,1,1,1,1,1,0
723,1,1,1,1,1,1,1,1,1,1,1,1
724,1,0,1,0,0,1,0,0,0,0,0,0
725,1,1,1,1,1,1,1,1,1,1,1,1
726,1,1,1,1,1,1,1,1,0,1,1,1
727,1,1,1,1,1,1,1,1,1,1,1,1
728,1,1,1,1,1,1,1,1,1,1,1,1
729,1,1,1,1,0,1,1,0,1,1,1,1
730,0,0,1,0,1,1,0,0,0,0,0,0
731,1,1,1,1,1,1,1,1,1,1,1,1
732,0,0,0,0,1,0,0,0,0,0,0,1
733,1,1,0,0,0,1,1,1,1,0,0,0
734,1,1,1,1,0,1,1,1,1,0,1,0
735,1,0,1,1,1,1,1,0,1,1,0,0
736,1,1,1,1,1,1,1,1,1,1,1,1
737,0,1,1,0,0,0,0,0,0,0,0,0
738,1,0,1,1,0,1,1,1,1,1,1,1
739,1,1,1,1,1,1,1,1,1,1,1,1
740,0,0,1,1,0,1,0,0,1,1,0,0
741,1,0,1,1,1,1,0,0,0,1,0,0
742,1,1,1,1,1,1,1,1,1,1,1,1
743,0,0,1,0,0,0,0,0,0,0,0,1
744,1,1,1,1,1,1,1,1,1,1,1,1
745,0,1,1,0,0,0,0,0,0,0,0,0
746,1,1,1,1,0,1,1,1,1,1,0,1
747,1,1,1,1,0,1,0,0,0,1,0,0
748,1,1,1,1,0,1,1,1,1,1,1,1
749,0,1,0,1,1,1,1,1,1,1,0,0
750,1,1,1,1,1,1,1,1,1,1,1,1
751,0,0,0,0,0,0,0,0,0,0,1,0
752,0,0,1,0,1,1,1,1,1,0,1,1
753,1,1,1,1,1,1,1,1,1,1,1,0
754,1,1,1,1,1,1,1,1,1,1,1,1
755,1,1,1,0,0,1,1,1,1,1,0,1
756,1,0,1,1,0,1,1,0,1,1,1,1
757,0,0,1,0,0,1,0,0,0,0,0,0
758,1,1,1,0,0,1,1,0,0,0,1,1
759,1,1,1,1,0,0,1,0,0,0,0,0
760,1,1,1,1,0,1,1,0,1,1,0,1
761,1,1,1,1,0,1,1,1,1,1,1,1
762,1,0,1,0,0,1,1,1,1,1,0,1
763,0,1,1,0,1,1,0,1,1,0,1,1
764,0,0,0,0,0,0,0,1,0,0,0,0
765,0,0,1,1,0,1,0,0,1,0,1,1
766,1,0,0,0,0,0,0,0,1,0,0,0
767,0,0,1,0,0,0,0,0,0,0,0,0
768,0,1,1,0,0,1,1,0,0,0,0,0
769,1,1,1,1,1,1,1,1,1,1,1,1
770,1,1,1,0,1,1,1,0,0,1,0,0
771,1,0,1,0,1,1,1,1,1,1,0,1
772,1,1,1,1,1,1,1,1,1,1,1,1
773,0,1,0,0,0,0,1,1,1,1,1,1
774,1,1,1,1,1,1,1,1,1,1,1,1
775,1,1,1,1,0,1,1,1,1,1,1,0
776,1,1,1,1,0,1,1,1,1,1,1,1
777,1,1,1,1,1,1,1,1,1,1,0,1
778,1,1,1,1,1,1,1,1,1,1,1,1
779,1,1,1,1,0,1,0,0,0,0,0,0
780,1,1,1,1,1,1,1,0,0,1,0,0
781,1,1,1,1,1,1,1,1,1,1,1,0
782,1,1,1,1,0,1,1,1,1,1,1,1
783,1,0,1,0,0,1,0,0,0,0,0,0
784,1,1,1,1,1,1,1,1,1,1,1,1
785,1,0,1,1,0,1,0,1,0,0,0,0
786,1,1,1,1,1,1,1,1,1,1,1,1
787,1,1,1,1,1,1,0,1,0,1,0,0
788,0,0,1,1,0,0,0,0,0,0,0,0
789,1,1,1,1,0,1,1,0,0,1,0,0
790,1,1,0,0,0,1,0,0,1,0,1,0
791,1,1,1,1,0,1,0,1,0,1,1,1
792,1,1,1,1,1,1,1,1,1,1,1,1
793,0,1,0,0,1,0,1,0,1,1,0,0
794,1,1,1,1,1,1,1,1,1,1,1,1
795,1,1,1,0,1,1,1,1,1,1,0,0
796,1,0,1,1,1,1,1,1,0,1,1,1
797,0,1,0,0,1,1,1,0,0,0,0,0
798,1,1,1,1,0,1,1,1,1,1,1,1
799,1,1,1,1,0,1,1,0,1,1,0,0
800,1,1,1,1,1,1,1,1,1,1,0,1
801,1,0,1,1,1,1,1,1,1,1,1,1
802,1,0,1,1,0,1,1,1,1,0,0,0
803,1,1,1,1,1,1,0,1,1,1,1,1
804,1,1,1,1,0,1,1,1,1,0,0,0
805,1,1,1,1,0,1,1,1,1,1,1,1
806,1,1,1,1,0,1,0,0,1,0,1,1
807,1,1,1,1,0,1,1,1,1,1,1,1
808,0,0,0,0,0,0,0,0,0,0,0,0
809,1,1,1,1,1,1,1,0,0,1,0,0
810,1,1,1,1,1,1,1,1,1,1,1,1
811,1,0,1,1,0,1,1,0,1,0,1,1
812,1,1,1,1,0,1,1,1,0,1,1,1
813,1,1,1,1,1,1,1,1,1,1,1,1
814,1,1,1,1,0,1,1,0,1,1,1,0
815,1,1,0,1,1,1,0,0,1,1,0,0
816,1,1,1,1,0,1,1,0,1,1,1,0
817,0,0,0,0,0,0,0,0,0,0,0,0
818,1,1,1,1,1,1,1,1,1,1,0,0
819,1,1,1,1,1,1,1,1,1,1,1,1
820,1,1,1,1,1,1,1,1,1,0,1,1
821,1,1,1,1,1,1,1,1,1,0,1,0
822,0,0,1,0,0,1,0,0,1,0,0,0
823,1,1,1,1,0,1,1,0,1,1,0,0
824,1,1,1,1,1,1,1,1,1,1,1,0
825,1,1,1,1,0,1,1,1,1,1,1,1
826,1,1,1,1,1,1,1,1,0,1,0,1
827,0,0,0,0,0,0,0,0,1,0,0,0
828,1,0,1,1,1,1,1,1,1,1,0,1
829,1,1,1,1,0,1,1,1,1,1,1,1
830,1,1,1,1,1,1,1,1,1,1,1,1
831,1,1,1,0,0,0,1,1,1,1,1,1
832,1,1,1,1,1,1,1,1,1,1,1,0
833,0,0,0,0,0,0,0,0,0,0,0,0
834,1,1,1,1,0,1,1,0,0,0,0,0
835,1,1,1,1,0,1,1,1,1,1,1,1
836,1,1,1,1,1,1,1,1,1,1,1,1
837,1,1,1,1,0,1,0,1,1,1,0,0
838,1,0,1,1,1,1,1,1,1,1,0,1
839,1,1,1,0,0,1,1,1,0,0,0,0
840,0,1,1,1,1,1,0,0,0,0,0,0
841,1,0,1,1,1,1,1,0,0,1,0,1
842,1,1,1,1,1,1,1,1,1,1,1,1
843,1,1,1,1,1,1,1,0,1,1,1,1
844,1,1,1,1,1,1,1,0,1,0,0,0
845,1,0,1,0,0,1,1,1,1,1,0,1
846,0,1,0,1,1,1,1,0,0,0,0,0
847,1,1,1,0,1,1,1,0,0,0,0,0
848,1,1,1,1,1,1,1,0,1,1,1,0
849,1,1,1,1,1,1,0,0,0,1,1,0
850,1,1,1,1,1,1,1,0,1,1,1,1
851,1,1,1,1,0,1,1,1,1,1,1,1
852,1,1,1,1,0,1,1,1,0,1,0,0
853,1,1,1,1,1,1,1,1,1,1,1,1
854,1,0,0,1,0,1,1,1,1,1,0,0
855,1,1,1,1,1,1,1,1,1,1,1,1
856,0,0,0,1,0,0,1,1,1,0,0,1
857,1,1,1,0,0,1,1,1,0,0,0,0
858,1,1,1,1,0,1,1,1,0,0,1,1
859,1,1,1,1,1,1,1,1,1,1,1,1
860,1,0,1,1,1,1,1,0,1,1,0,0
861,0,0,1,0,1,1,1,0,1,0,0,0
862,0,0,1,0,0,1,0,0,0,0,0,0
863,1,0,1,0,1,1,1,1,1,1,0,1
864,1,0,1,1,0,1,1,0,0,1,0,0
865,1,0,1,1,0,1,1,0,0,0,0,1
866,1,1,1,1,1,1,1,1,1,1,1,1
867,1,0,1,0,0,1,1,0,1,0,0,0
868,0,0,0,0,1,0,0,0,0,0,0,0
869,1,1,1,1,0,1,1,1,1,1,1,1
870,1,0,1,1,0,1,1,1,1,1,1,1
871,1,1,1,0,0,0,0,1,0,0,0,1
872,1,0,1,1,0,1,1,1,1,1,1,1
873,1,1,1,1,1,1,1,1,1,1,0,0
874,1,1,1,1,0,1,1,1,0,0,0,0
875,1,1,1,1,1,1,1,1,1,1,1,1
876,1,1,1,1,0,1,1,1,0,1,0,1
877,1,1,1,1,0,1,1,0,1,0,0,1
878,1,0,1,1,1,1,1,1,1,1,1,1
879,1,1,1,1,0,1,1,1,0,0,0,1
880,1,0,1,1,1,1,1,1,1,1,0,1
881,1,1,1,1,1,1,1,1,1,1,1,1
882,1,1,1,1,1,1,1,1,1,1,1,1
883,1,1,1,1,1,1,1,1,1,1,1,0
884,1,0,1,1,1,1,1,1,1,1,1,1
885,1,0,0,1,1,1,1,1,1,0,1,0
886,0,0,1,0,0,1,1,0,0,0,0,0
887,1,1,1,1,1,1,0,0,0,0,0,0
888,1,1,1,1,1,1,1,1,1,1,0,0
889,1,1,1,1,1,1,1,1,1,0,1,1
890,1,1,1,1,1,1,1,1,1,1,1,1
891,1,1,1,1,1,1,1,0,1,0,0,0
892,1,1,1,1,1,1,1,1,1,0,1,1
893,1,1,1,1,0,1,1,1,1,1,1,1
894,1,1,1,1,0,1,1,0,1,1,0,0
895,1,1,1,1,1,1,1,0,1,1,0,0
896,1,1,1,0,1,1,1,1,1,1,0,0
897,1,1,1,1,1,1,1,1,1,1,0,0
898,1,0,1,0,1,0,0,0,1,0,1,1
899,1,1,1,1,0,1,1,1,1,1,0,1
900,1,1,0,0,0,1,1,1,1,0,1,0
901,1,1,1,1,1,1,1,1,1,1,1,1
902,1,1,1,1,1,1,1,1,1,1,1,1
903,1,1,1,1,1,1,1,1,1,1,1,1
904,1,1,1,1,1,1,1,0,1,1,0,1
905,0,0,0,1,0,0,0,0,0,0,0,0
906,1,1,1,1,1,1,1,1,1,1,1,1
907,0,1,0,0,0,0,1,1,0,1,1,1
908,1,1,1,1,0,1,1,1,1,1,0,0
909,1,1,1,0,0,1,1,0,1,1,0,0
910,1,1,1,0,1,1,0,0,0,1,0,1
911,1,0,1,1,0,1,0,0,0,1,1,0
912,1,1,1,1,1,1,1,0,0,1,0,0
913,1,1,1,1,0,1,1,0,1,0,0,0
914,1,1,1,1,1,1,1,1,1,1,1,1
915,1,1,1,1,0,1,1,1,1,1,1,1
916,1,1,1,1,1,1,1,1,1,1,0,0
917,1,1,1,1,1,1,1,1,1,1,1,1
918,0,0,0,0,0,0,0,0,0,1,0,0
919,1,0,1,1,0,1,0,1,0,1,1,1
920,1,1,1,1,0,1,1,1,1,1,0,1
921,1,1,1,1,1,1,1,0,1,0,1,0
922,1,1,1,0,0,1,1,1,0,0,1,0
923,1,1,1,1,1,1,1,1,1,1,1,1
924,1,1,1,1,1,1,1,1,0,1,1,1
925,0,0,1,1,0,1,0,0,1,0,1,1
926,0,1,1,0,0,1,1,0,0,0,0,0
927,1,1,1,1,1,1,1,1,1,1,1,1
928,1,1,1,1,1,1,1,1,1,1,0,1
929,0,1,1,1,0,1,1,1,1,1,1,1
930,0,0,0,0,1,0,0,0,0,0,0,0
931,1,0,1,1,0,1,1,0,1,1,0,1
932,1,1,1,1,1,1,1,1,1,1,1,1
933,1,1,1,1,1,1,1,1,1,1,1,1
934,1,1,1,1,0,1,1,0,0,0,1,0
935,1,1,1,1,1,1,1,1,1,1,0,0
936,1,1,1,1,1,1,1,1,1,1,1,1
937,1,1,1,1,1,1,1,1,1,1,1,1
938,1,1,1,1,1,1,1,1,1,1,1,1
939,1,1,1,1,1,1,1,1,1,1,1,1
940,1,0,1,1,0,1,1,0,0,1,0,0
941,1,1,1,1,0,1,1,1,1,1,1,1
942,0,1,1,1,0,1,1,1,1,1,1,0
943,1,1,1,1,0,1,0,1,1,0,0,0
944,1,1,1,1,1,1,1,1,1,1,1,1
945,1,1,1,1,0,1,1,1,1,1,1,0
946,1,1,1,1,0,1,1,1,1,1,1,1
947,1,1,1,1,1,1,1,1,1,1,1,0
948,1,1,1,0,1,0,0,0,0,0,0,0
949,0,0,1,0,0,1,0,1,0,0,1,0
950,1,1,1,1,0,1,1,1,1,1,1,1
951,1,1,1,1,1,1,1,1,1,1,1,1
952,1,0,1,1,0,1,0,0,1,1,0,0
953,0,1,1,0,1,1,1,1,0,1,0,0
954,1,1,1,1,1,1,1,1,1,1,1,0
955,1,0,1,1,0,0,1,0,1,0,0,0
956,1,1,1,1,1,1,1,1,0,1,0,0
957,1,1,1,1,1,1,1,1,1,1,1,1
958,0,0,1,1,0,1,1,1,1,1,1,1
959,1,1,1,1,1,1,1,1,1,1,0,1
960,0,0,0,0,0,0,1,1,0,0,0,0
961,0,0,0,0,0,0,0,0,0,0,0,0
962,0,0,0,0,0,0,0,0,0,0,0,0
963,0,0,1,0,0,0,1,1,1,0,1,1
964,0,0,0,0,0,0,0,0,0,0,0,0
965,1,0,1,1,1,1,1,1,1,1,1,1
966,1,1,1,1,1,1,1,1,1,1,1,1
967,1,1,1,1,0,1,1,0,0,1,0,0
968,1,1,1,1,0,0,1,0,1,1,0,0
969,1,1,1,1,0,1,1,1,1,1,1,1
970,1,1,1,1,1,1,1,1,1,1,1,1
971,1,1,1,1,0,1,1,1,1,1,1,1
972,0,1,0,0,1,1,0,0,1,1,0,0
973,1,1,1,1,1,1,1,1,1,1,1,1
974,0,0,1,1,0,0,0,0,0,0,1,1
975,1,1,1,1,1,1,1,1,1,1,1,1
976,1,1,1,1,1,1,1,1,1,1,1,0
977,1,0,1,0,1,1,1,1,1,1,1,1
978,1,1,1,1,0,1,1,0,1,1,0,0
979,1,0,1,1,0,1,1,0,1,1,0,0
980,1,1,1,1,1,1,1,1,1,1,1,1
981,1,1,1,1,0,1,1,1,0,0,0,0
982,1,1,1,1,0,1,0,1,1,1,1,1
983,0,1,0,1,1,0,1,0,1,1,1,1
984,0,1,0,1,0,1,0,0,0,0,0,0
985,1,1,1,1,1,1,1,1,1,1,0,0
986,1,1,1,1,1,1,1,1,1,1,1,1
987,1,1,1,1,1,1,1,1,1,1,1,1
988,1,1,1,1,1,1,1,0,1,1,1,1
989,1,1,1,1,1,1,1,1,1,1,0,0
990,1,0,1,1,1,1,1,1,1,0,1,1
991,1,1,1,0,0,0,1,1,1,0,1,1
992,1,0,1,0,0,1,1,0,0,0,0,0
993,1,1,1,1,0,1,1,1,1,1,1,1
994,0,0,1,0,0,1,0,0,0,0,0,0
995,1,0,1,0,0,1,1,0,0,0,0,0
996,1,1,1,1,1,1,1,1,1,1,1,0
997,1,1,1,1,1,1,1,1,1,1,1,1
998,1,1,1,1,1,1,1,1,1,1,1,1
999,1,0,1,1,0,1,1,1,1,1,1,1
1000,1,1,1,1,1,1,1,1,1,1,0,1
1001,1,1,1,1,1,1,1,1,1,1,1,1
1002,1,1,1,1,1,0,1,1,1,1,0,1
1003,1,1,1,1,1,1,1,1,1,1,1,1
1004,1,1,1,1,1,1,1,1,1,1,1,1
1005,1,1,0,1,1,1,1,0,0,1,0,0
1006,1,1,1,1,0,1,1,1,1,1,0,1
1007,1,1,1,1,1,1,1,1,1,1,1,1
1008,1,1,1,1,1,1,1,1,1,1,1,1
1009,1,1,1,1,1,1,1,1,1,1,1,1
1010,1,1,1,1,1,1,1,1,1,1,1,1
1011,0,0,0,0,0,0,0,0,0,0,0,0
1012,1,1,1,1,1,1,1,1,1,1,0,1
1013,1,1,1,1,1,1,1,1,1,1,1,0
1014,1,1,1,1,1,1,1,1,1,1,1,1
1015,1,1,1,1,1,1,1,1,1,1,1,1
1016,1,1,1,0,1,1,1,1,1,1,1,1
1017,1,1,1,0,1,1,0,0,0,0,0,0
1018,1,1,1,0,1,1,1,1,1,1,1,1
1019,1,0,1,0,0,1,1,1,1,1,1,0
1020,0,0,0,1,1,0,1,1,1,1,1,1
1021,1,1,0,0,0,0,0,0,0,0,0,0
1022,1,1,1,1,1,1,1,1,0,1,0,1
1023,1,1,1,0,0,1,1,1,1,1,1,1
1024,1,1,1,1,1,1,1,1,1,1,1,1
1025,1,1,1,1,1,1,1,1,1,1,1,0
1026,0,0,0,0,0,0,0,0,0,0,0,0
1027,1,0,1,0,0,1,1,0,0,0,0,0
1028,1,1,0,0,1,1,0,0,0,0,1,0
1029,1,0,0,0,0,0,1,0,1,0,1,0
1030,1,1,1,1,0,1,1,1,1,1,0,0
1031,1,1,1,1,1,1,1,1,1,1,1,1
1032,0,0,0,0,0,0,1,0,0,0,0,0
1033,1,1,1,0,1,1,0,1,0,1,0,0
1034,1,1,1,1,0,1,1,1,1,1,0,0
1035,1,1,1,1,1,1,1,1,1,1,1,1
1036,1,1,1,1,1,1,1,1,1,1,0,1
1037,1,1,1,1,1,1,1,1,0,0,1,1
1038,1,1,1,1,1,1,1,1,1,1,1,1
1039,1,1,1,1,1,1,1,1,1,1,1,1
1040,0,1,0,0,1,0,1,1,1,1,0,1
1041,1,0,0,1,0,0,0,0,0,0,0,0
1042,1,1,1,1,0,1,1,1,1,1,1,1
1043,1,1,1,1,1,1,1,1,1,1,1,1
1044,0,0,0,0,0,0,0,0,0,0,1,1
1045,0,0,1,0,1,1,0,0,0,0,0,0
1046,1,0,1,1,1,1,1,1,1,1,0,1
1047,0,0,0,0,0,0,0,0,0,0,0,1
1048,0,0,1,0,0,1,0,0,0,0,0,0
1049,1,1,1,1,1,1,1,1,1,1,1,1
1050,1,1,1,0,0,0,1,1,1,1,1,1
1051,1,1,1,0,0,1,1,0,0,0,0,0
1052,1,1,1,1,1,1,1,1,1,1,1,1
1053,1,1,1,1,1,1,1,1,1,1,1,1
1054,1,1,1,1,1,1,0,0,1,1,0,0
1055,0,0,1,0,1,1,0,0,1,1,0,1
1056,1,1,1,1,1,1,1,1,1,1,1,1
1057,0,0,0,0,0,0,0,0,0,0,0,0
1058,1,0,1,1,0,1,0,0,1,1,0,0
1059,1,1,1,1,0,1,1,1,1,1,0,0
1060,1,1,1,1,1,1,1,1,1,1,0,1
1061,1,1,1,1,1,1,1,1,1,1,1,1
1062,1,1,1,1,0,1,1,1,1,1,0,0
1063,0,0,0,1,0,0,0,1,0,0,1,0
1064,1,1,1,1,1,1,1,1,1,1,0,0
1065,1,1,1,1,1,1,1,1,1,1,1,1
1066,1,1,0,1,1,0,1,1,1,1,1,1
1067,1,1,1,1,1,1,1,1,1,1,1,1
1068,1,0,1,1,1,1,1,1,1,0,1,1
1069,1,0,0,1,1,0,1,1,0,0,0,0
1070,1,1,1,0,0,1,1,1,1,1,0,1
1071,1,1,1,0,1,1,1,0,0,1,0,1
1072,1,1,1,1,1,1,1,1,1,1,0,0
1073,0,1,0,1,0,1,1,1,1,1,1,1
1074,1,1,1,1,0,1,1,1,1,1,0,1
1075,1,1,1,1,1,1,1,1,1,1,1,1
1076,1,1,1,1,0,1,1,1,1,1,0,1
1077,1,1,1,1,1,1,1,1,1,1,1,0
1078,1,0,1,0,1,1,1,0,1,0,0,1
1079,1,1,1,1,1,1,1,1,1,1,1,0
1080,1,1,1,1,1,1,1,1,0,1,0,0
1081,0,0,0,0,1,1,0,0,0,0,0,0
1082,1,1,1,1,1,1,1,1,0,1,1,1
1083,1,0,1,1,0,1,0,0,1,0,0,1
1084,1,1,1,1,1,1,1,1,1,1,1,1
1085,1,1,1,1,1,1,1,1,1,1,1,1
1086,1,1,1,1,1,1,1,1,1,0,1,1
1087,1,0,1,1,0,1,1,1,1,1,1,1
1088,1,0,1,1,0,0,1,0,1,0,0,1
1089,1,0,1,1,0,1,1,0,0,0,1,1
1090,1,0,1,1,0,1,0,0,0,1,0,0
1091,0,1,1,0,0,1,0,0,1,0,0,0
1092,1,0,0,1,0,0,1,1,1,1,1,1
1093,1,1,1,1,1,1,0,0,1,0,1,0
1094,1,1,1,1,1,1,1,1,1,1,1,1
1095,0,0,1,0,0,1,0,0,0,1,0,1
1096,1,1,1,1,1,1,1,1,1,1,1,1
1097,1,1,1,0,1,1,1,0,0,0,0,0
1098,1,0,1,1,1,1,1,1,1,1,0,1
1099,1,1,1,1,1,1,1,1,1,1,1,1
1100,1,1,1,1,1,1,1,1,1,1,1,0
1101,0,0,1,0,1,1,0,0,0,0,0,0
1102,1,1,1,1,0,1,1,1,1,1,1,1
1103,0,1,0,0,0,0,0,1,0,0,0,0
1104,1,1,1,1,1,1,1,1,1,1,1,1
1105,1,1,1,1,1,1,1,1,0,1,1,0
1106,1,0,1,1,1,1,1,0,1,1,1,1
1107,1,1,1,1,1,1,1,1,1,1,1,1
1108,1,1,1,1,0,1,0,0,1,1,0,0
1109,1,1,1,0,1,1,1,1,1,0,0,0
1110,1,1,1,1,0,1,1,1,0,1,1,1
1111,1,1,1,0,0,1,1,0,1,1,0,0
1112,1,0,1,1,0,0,0,1,1,0,0,0
1113,0,1,1,1,0,1,1,1,1,1,0,0
1114,1,1,1,1,1,1,1,1,1,1,0,1
1115,1,1,1,1,1,1,1,1,1,1,1,1
1116,1,1,1,1,0,1,1,0,1,1,0,1
1117,1,1,1,1,1,1,0,1,1,0,0,0
1118,1,1,1,1,1,1,1,1,1,1,1,1
1119,1,1,1,1,1,1,1,1,1,1,0,1
1120,1,0,1,1,0,1,1,1,1,0,0,0
1121,0,1,1,0,0,1,1,0,0,1,1,0
1122,1,1,1,1,0,1,1,1,1,1,0,1
1123,1,1,1,1,0,1,1,1,1,1,0,1
1124,1,1,1,0,0,1,0,0,0,0,0,0
1125,1,0,1,0,0,1,0,1,1,0,1,0
1126,1,1,1,1,1,1,1,1,1,1,0,1
1127,1,1,1,1,1,1,1,1,1,1,0,1
1128,1,1,1,0,1,1,1,0,1,0,1,1
1129,1,1,1,1,1,1,1,1,1,1,1,1
1130,1,0,1,1,0,1,1,0,1,1,0,0
1131,1,1,1,1,1,1,1,1,1,1,1,1
1132,1,0,1,0,0,1,0,0,1,0,0,0
1133,0,0,1,1,1,1,1,1,1,1,1,0
1134,1,1,1,1,1,1,1,1,1,1,1,1
1135,1,1,1,1,0,0,0,1,1,1,1,1
1136,1,1,1,1,1,1,1,1,1,1,1,0
1137,0,0,0,0,0,0,0,0,0,0,0,0
1138,1,0,1,1,0,1,1,0,0,0,0,0
1139,1,1,1,0,1,1,1,1,1,1,1,1
1140,1,1,1,0,1,1,1,1,1,1,1,1
1141,1,1,1,1,1,1,1,1,1,1,1,1
1142,1,1,1,1,1,1,1,1,1,1,0,1
1143,1,0,1,1,1,1,1,1,1,1,0,0
1144,1,1,1,1,0,1,1,0,1,1,0,1
1145,1,1,0,1,0,1,1,1,1,0,0,1
1146,1,1,1,1,1,1,1,1,1,1,1,1
1147,1,1,1,1,1,1,1,1,1,1,1,1
1148,0,1,1,1,0,1,1,1,1,1,0,0
1149,1,0,1,0,0,1,1,0,0,0,0,0
1150,1,0,1,1,0,1,1,1,1,1,0,1
1151,1,0,1,1,1,1,1,1,1,1,1,1
1152,1,1,1,1,0,1,0,0,0,0,0,0
1153,1,1,1,1,0,1,1,1,1,1,1,1
1154,1,1,1,1,1,1,1,1,1,1,1,1
1155,0,0,1,0,1,1,1,1,1,0,0,0
1156,0,0,0,0,0,0,0,0,0,0,0,0
1157,1,1,1,1,0,1,1,1,1,1,1,1
1158,1,1,1,1,1,1,1,1,1,1,0,1
1159,0,1,0,0,0,0,0,0,0,1,0,1
1160,1,1,1,1,1,1,1,1,1,1,1,1
1161,1,1,1,1,1,1,1,1,1,1,1,1
1162,1,1,1,1,0,1,1,1,1,1,0,0
1163,1,1,1,1,1,1,1,1,0,1,1,1
1164,1,1,1,1,1,1,1,1,1,1,1,1
1165,1,1,1,1,1,1,1,1,1,1,1,1
1166,1,1,1,1,1,1,1,0,1,1,0,0
1167,1,1,1,1,1,1,1,1,1,1,1,1
1168,1,1,1,1,0,1,1,1,1,0,1,0
1169,1,1,1,1,1,1,1,1,1,1,1,1
1170,1,1,1,1,1,1,1,1,1,1,1,1
1171,1,0,1,1,0,0,1,0,1,0,0,1
1172,1,1,1,1,1,1,1,1,1,1,1,1
1173,1,1,1,1,1,1,1,1,1,1,1,1
1174,1,1,1,1,1,1,1,1,1,1,0,0
1175,1,1,1,0,1,1,1,1,1,1,0,1
1176,1,1,0,1,1,1,1,1,1,1,1,1
1177,1,1,1,1,1,1,1,1,1,1,1,1
1178,1,1,1,1,1,1,1,1,1,1,0,1
1179,1,0,1,1,0,1,1,0,1,1,0,1
1180,1,1,1,1,1,1,1,1,1,1,1,1
1181,1,0,1,0,0,1,0,0,0,0,0,0
1182,1,1,1,1,0,1,1,1,1,1,1,1
1183,1,1,1,1,0,1,1,1,1,1,0,1
1184,1,1,1,1,1,1,1,1,1,1,1,1
1185,1,0,1,1,0,1,0,1,1,0,0,1
1186,1,0,1,1,1,1,1,1,1,1,0,1
1187,1,1,1,1,1,1,1,1,1,1,1,1
1188,1,0,0,0,0,0,1,0,0,0,0,0
1189,1,1,1,1,0,1,1,0,1,0,1,0
1190,1,1,1,1,1,1,1,1,1,1,0,0
1191,1,1,1,1,0,1,1,0,1,1,0,0
1192,1,1,1,1,1,1,1,1,1,1,1,1
1193,1,1,1,1,1,1,1,1,1,1,1,1
1194,1,1,1,1,1,0,1,1,1,1,0,1
1195,1,1,1,0,1,1,1,1,0,1,1,0
1196,1,0,1,1,1,1,1,1,1,0,0,1
1197,1,1,1,1,1,1,1,1,1,1,1,1
1198,0,0,1,1,1,1,1,1,1,1,1,1
1199,0,0,0,1,1,0,0,0,0,0,0,1
1200,1,0,0,1,0,0,1,0,0,1,0,1
1201,1,1,1,1,1,1,1,1,1,1,1,1
1202,1,1,1,1,1,1,1,1,1,1,1,1
1203,0,0,1,0,1,0,1,0,1,0,0,0
1204,1,1,1,1,1,1,1,1,1,1,1,0
1205,0,0,0,0,0,0,0,0,0,0,0,0
1206,0,0,0,0,0,0,0,0,0,0,0,0
1207,0,0,0,0,0,0,0,0,0,0,0,1
1208,1,1,1,1,1,1,1,1,1,1,0,1
1209,1,1,1,1,1,1,1,1,1,1,1,1
1210,0,0,0,0,0,0,0,0,0,0,0,0
1211,1,1,1,1,1,1,1,1,1,1,1,0
1212,1,0,1,1,0,1,1,1,1,1,0,0
1213,0,1,1,1,1,1,1,0,1,1,1,0
1214,0,1,0,1,0,0,1,1,1,1,1,0
1215,1,1,1,1,0,1,1,1,1,1,1,1
1216,1,1,1,1,1,1,1,1,1,1,1,1
1217,0,1,1,1,1,1,1,1,1,1,1,0
1218,1,0,1,1,0,0,0,0,1,1,0,0
1219,1,1,1,1,1,1,1,1,1,1,1,1
1220,0,0,0,0,0,0,0,0,0,0,0,0
1221,0,0,1,0,0,1,0,0,1,1,1,1
1222,0,1,0,0,0,0,1,0,1,0,0,0
1223,1,0,1,1,0,1,1,0,1,0,0,0
1224,1,0,1,1,1,1,1,1,1,1,1,0
1225,0,0,0,1,0,0,1,0,0,0,1,0
1226,1,1,1,1,0,1,0,0,0,0,0,0
1227,1,1,1,1,0,1,1,1,1,1,0,1
1228,1,1,1,1,1,1,1,0,1,1,1,1
1229,1,1,1,1,1,1,1,1,1,1,1,1
1230,1,1,1,1,0,1,1,1,1,1,1,0
1231,1,1,0,1,1,0,1,1,1,1,1,1
1232,1,1,1,1,0,1,1,0,1,1,1,1
1233,0,0,0,0,0,1,1,0,0,0,0,0
1234,0,0,1,1,1,1,1,1,1,1,1,1
1235,1,1,1,1,1,1,1,0,1,0,0,1
1236,0,0,0,0,0,0,0,0,0,1,0,0
1237,0,0,1,1,0,1,0,0,0,1,0,0
1238,0,1,0,0,1,1,1,1,1,1,0,1
1239,0,0,0,0,0,0,0,0,0,0,0,0
1240,1,1,1,1,1,1,1,1,1,1,1,1
1241,1,0,1,1,0,0,1,1,1,1,1,1
1242,1,1,1,1,1,1,1,0,1,1,1,1
1243,1,1,1,1,0,1,1,0,0,1,0,0
1244,1,1,1,1,1,1,1,1,0,1,1,0
1245,1,1,1,1,1,1,1,1,1,1,1,1
1246,1,0,1,1,0,1,0,0,0,0,0,0
1247,0,0,0,0,0,0,0,0,0,0,0,0
1248,0,0,1,0,0,0,0,0,0,0,0,0
1249,1,0,1,1,0,0,1,0,0,0,0,0
1250,1,1,1,1,1,1,1,1,1,1,1,1
1251,0,1,1,0,0,1,1,1,1,1,1,1
1252,0,0,0,0,0,0,0,0,0,0,0,0
1253,1,1,1,1,1,1,1,1,1,1,1,1
1254,1,1,1,1,1,1,1,1,1,1,1,1
1255,1,1,1,1,1,1,1,1,1,1,1,1
1256,1,1,1,1,1,1,1,1,1,1,1,1
1257,1,1,1,1,1,1,1,1,1,1,1,1
1258,1,1,1,1,1,1,1,1,1,1,1,0
1259,1,1,1,0,1,1,1,0,0,0,0,0
1260,1,1,1,1,1,1,1,0,0,1,1,1
1261,1,1,1,1,1,1,1,1,1,1,1,1
1262,1,1,1,1,1,1,1,1,1,1,0,1
1263,1,1,1,1,1,1,1,1,1,1,1,1
1264,1,1,1,1,1,1,1,1,1,1,1,0
1265,1,1,1,1,1,1,1,1,1,1,0,0
1266,1,1,1,1,0,1,1,0,1,1,0,0
1267,1,1,1,1,1,1,1,1,1,1,1,1
1268,1,1,1,1,0,1,1,1,1,1,1,0
1269,1,1,1,1,0,1,1,1,1,1,0,1
1270,1,0,1,1,1,1,1,0,0,1,1,0
1271,1,1,1,1,1,1,1,0,1,0,0,0
1272,1,1,1,1,1,1,1,1,1,1,0,0
1273,1,1,1,1,1,1,1,0,0,1,0,0
1274,1,1,1,1,0,1,1,0,1,1,0,1
1275,1,1,1,0,0,1,1,0,1,1,0,0
1276,1,1,1,1,1,1,1,1,1,1,1,1
1277,1,1,1,1,1,1,1,1,1,0,0,1
1278,1,1,1,1,1,1,0,0,1,1,1,0
1279,0,0,0,0,0,0,1,1,1,0,0,0
1280,1,1,1,1,0,1,1,1,1,1,1,0
1281,1,1,1,1,1,1,1,1,1,1,1,1
1282,1,0,0,1,0,1,1,0,1,1,1,1
1283,1,1,1,1,0,1,1,1,1,0,1,1
1284,0,0,1,0,0,0,0,0,0,0,0,0
1285,1,1,1,1,1,1,1,0,0,0,1,0
1286,1,1,1,1,1,1,1,1,1,1,0,0
1287,1,0,1,0,0,1,1,1,1,1,1,0
1288,1,1,1,1,1,1,1,1,1,1,1,1
1289,1,1,1,1,0,1,1,0,1,1,1,1
1290,1,1,1,1,1,1,1,1,1,1,1,1
1291,1,1,1,1,1,1,1,1,1,1,1,1
1292,1,1,1,1,0,1,1,1,1,1,1,1
1293,1,1,1,1,0,1,1,1,1,1,0,0
1294,1,1,1,1,1,1,1,1,1,1,1,1
1295,1,1,1,1,1,1,1,0,1,0,0,0
1296,1,1,1,1,1,1,1,1,1,1,1,1
1297,1,1,1,1,1,1,1,1,1,1,1,1
1298,1,1,1,1,1,1,1,1,1,1,1,1
1299,1,1,1,1,1,1,1,1,1,1,1,1
1300,1,0,1,1,0,1,1,0,1,0,1,0
1301,0,0,0,0,0,0,0,0,0,0,0,0
1302,1,1,1,1,1,1,1,1,1,1,1,1
1303,1,0,1,0,0,1,1,0,1,1,0,1
1304,0,1,1,1,0,1,1,1,1,1,1,1
1305,1,1,1,1,1,1,1,1,1,1,1,0
1306,1,1,1,1,1,1,1,1,1,1,1,1
1307,0,1,1,0,0,1,0,0,0,0,0,0
1308,1,1,1,1,0,1,0,0,0,0,1,0
1309,0,1,1,0,0,1,0,0,0,0,0,0
1310,1,1,1,1,1,1,1,1,1,1,1,1
1311,0,0,1,1,0,0,0,0,0,0,0,0
1312,1,1,1,1,0,1,1,0,0,1,1,1
1313,1,1,1,1,1,1,1,1,1,1,1,1
1314,1,0,1,1,0,1,1,0,0,1,0,0
1315,1,1,1,1,1,1,1,1,1,1,1,1
1316,1,0,1,1,0,1,1,1,1,1,0,1
1317,1,1,1,1,1,1,1,1,1,1,1,0
1318,1,1,1,1,1,1,1,1,1,1,1,1
1319,1,1,1,1,1,1,1,1,1,1,1,1
1320,1,1,1,1,0,1,1,1,0,1,0,0
1321,1,1,1,1,1,1,1,0,1,1,0,0
1322,1,1,1,1,0,1,1,1,1,1,0,0
1323,1,1,1,1,1,1,1,1,1,1,0,0
1324,1,0,1,0,0,1,1,0,1,1,0,0
1325,1,1,1,1,1,1,1,1,1,1,1,1
1326,0,0,0,0,0,0,0,0,0,0,0,0
1327,1,1,1,1,1,1,1,1,1,0,0,0
1328,0,0,0,0,1,1,1,0,1,1,0,1
1329,0,0,1,0,0,0,0,0,0,1,0,1
1330,0,1,0,0,0,1,0,0,0,0,0,0
1331,1,1,1,0,0,1,1,0,0,0,1,0
1332,1,1,1,0,0,0,1,0,0,0,0,0
1333,1,1,1,1,1,1,1,1,1,1,1,0
1334,1,1,1,1,0,1,1,0,1,0,0,1
1335,0,1,1,1,0,1,1,0,0,0,0,0
1336,1,1,1,1,1,1,1,1,1,1,1,1
1337,1,1,1,1,1,1,1,1,1,1,1,1
1338,0,0,0,0,0,0,0,0,0,0,1,0
1339,0,0,1,0,0,0,0,0,0,0,0,0
1340,1,1,1,1,1,1,1,1,1,1,1,1
1341,1,1,1,1,1,1,1,0,1,0,1,1
1342,1,1,1,1,0,1,1,1,1,1,1,0
1343,1,0,1,0,0,1,1,1,0,0,1,0
1344,1,1,1,1,1,1,1,1,1,1,1,1
1345,1,1,1,1,1,1,1,0,1,1,1,0
1346,1,1,1,1,0,1,1,1,1,1,0,0
1347,1,1,1,1,1,1,1,1,1,1,1,1
1348,1,1,1,1,1,1,1,1,1,1,1,1
1349,1,1,1,1,1,1,1,1,1,1,1,1
1350,1,1,1,1,1,1,1,0,1,1,1,0
1351,0,1,1,1,0,1,1,0,0,1,1,1
1352,0,0,1,0,0,1,0,1,0,0,0,1
1353,1,0,1,1,1,1,1,1,1,1,1,1
1354,1,1,1,1,0,1,1,1,1,1,0,0
1355,1,1,1,1,1,1,1,1,1,1,1,0
1356,1,1,1,1,1,1,1,1,1,1,1,1
1357,1,0,0,1,0,1,1,1,1,0,0,1
1358,0,0,1,0,1,1,0,0,0,0,0,0
1359,0,1,0,0,0,0,0,1,1,0,1,1
1360,1,1,1,0,0,1,1,1,1,0,0,0
1361,0,0,1,1,0,0,1,0,0,0,0,1
1362,1,1,1,0,1,1,1,1,1,1,0,0
1363,1,1,1,1,1,1,1,1,1,1,1,1
1364,1,1,1,1,1,1,1,1,1,1,1,1
1365,1,1,1,1,1,1,1,1,1,1,1,1
1366,0,1,1,1,1,1,1,0,1,0,1,0
1367,1,1,1,1,1,1,1,1,1,1,1,1
1368,0,1,1,1,1,1,1,1,1,1,0,1
1369,1,0,1,0,0,1,0,0,1,1,0,0
1370,1,1,1,1,1,1,1,1,1,1,1,1
1371,1,1,1,1,0,1,1,1,1,1,0,0
1372,1,0,1,1,0,1,1,0,0,1,0,0
1373,1,1,1,1,0,1,1,1,1,1,0,1
1374,1,1,1,1,1,1,1,1,1,1,1,1
1375,1,1,1,1,0,1,1,1,1,1,1,1
1376,1,1,1,1,1,1,1,1,1,1,1,1
1377,1,0,1,1,0,0,1,0,1,1,1,1
1378,1,1,1,1,1,1,1,1,1,1,1,0
1379,0,0,0,0,0,0,0,0,0,0,0,0
1380,1,1,1,1,1,1,1,1,1,1,1,1
1381,0,1,1,1,0,1,1,0,0,1,0,0
1382,1,1,1,0,0,1,0,0,1,1,1,0
1383,1,1,1,1,0,1,1,0,1,0,0,0
1384,1,1,1,1,1,1,1,1,1,1,1,1
1385,1,1,1,1,1,1,1,1,1,1,1,1
1386,0,1,1,1,0,1,0,0,0,0,1,1
1387,1,1,1,1,0,1,1,0,1,1,0,0
1388,1,1,1,1,1,1,1,1,1,1,1,1
1389,1,0,1,1,1,1,1,1,1,1,1,1
1390,1,1,1,1,1,1,1,1,1,1,1,1
1391,0,0,1,1,1,0,0,0,1,1,1,1
1392,1,1,1,0,0,1,0,0,0,0,0,0
1393,1,1,1,1,0,1,1,1,1,1,1,1
1394,0,1,1,0,1,1,0,0,1,0,0,0
1395,1,0,0,0,0,1,1,0,1,1,0,1
1396,1,1,1,1,1,1,1,1,1,1,0,0
1397,0,0,0,1,0,0,1,1,1,1,0,0
1398,1,1,1,1,1,1,1,0,1,1,0,1
1399,0,1,1,1,0,1,1,1,1,1,0,1
1400,0,1,1,0,1,0,0,0,0,0,0,0
1401,1,1,1,1,1,1,1,1,1,1,1,0
1402,1,0,1,1,1,1,1,0,1,1,0,0
1403,1,1,1,1,0,1,1,1,1,1,0,0
1404,1,0,1,1,1,1,1,0,1,0,0,0
1405,1,1,1,1,1,1,1,1,1,1,0,1
1406,1,1,1,1,1,1,1,1,1,0,0,1
1407,1,1,1,1,1,1,1,1,1,1,1,1
1408,1,1,1,1,0,1,1,0,1,1,1,1
1409,0,0,1,1,1,1,0,1,1,1,1,1
1410,1,1,1,1,0,1,1,1,1,1,0,1
1411,1,1,1,1,1,1,1,1,1,1,1,1
1412,1,0,1,0,1,1,1,1,1,1,1,1
1413,1,1,1,1,0,1,1,1,1,1,0,1
1414,1,1,1,0,1,1,1,1,1,1,1,1
1415,1,1,1,1,0,1,1,0,1,0,1,0
1416,1,1,1,1,1,1,1,0,1,1,0,1
1417,1,1,0,0,1,1,1,0,1,0,0,0
1418,1,1,1,1,1,1,1,1,1,1,1,1
1419,1,0,1,1,0,1,1,0,1,1,0,0
1420,1,1,1,1,1,1,1,1,1,1,1,1
1421,1,1,1,0,1,1,1,1,0,1,1,0
1422,1,0,1,1,1,1,1,1,0,1,1,1
1423,1,1,1,1,1,1,1,0,1,1,0,0
1424,1,1,1,1,1,1,1,1,1,1,1,1
1425,1,1,1,1,0,1,1,1,1,1,0,0
1426,1,1,1,1,0,1,1,1,1,1,1,1
1427,0,0,1,0,0,1,0,0,0,0,0,0
1428,0,0,0,0,0,0,0,0,0,0,0,0
1429,1,1,1,1,1,1,1,1,1,1,1,1
1430,1,0,1,1,1,1,1,1,1,1,0,1
1431,1,1,1,1,1,1,1,0,0,0,0,1
1432,0,0,0,0,0,0,0,0,0,0,0,0
1433,1,1,1,1,1,1,1,1,1,1,1,1
1434,1,1,1,1,1,1,1,1,1,1,1,1
1435,0,0,0,0,0,0,0,0,0,0,0,0
1436,1,1,1,1,1,1,1,1,1,1,1,1
1437,1,1,1,1,0,1,1,1,1,1,1,1
1438,1,1,1,1,0,1,1,1,1,1,0,0
1439,1,1,1,1,1,1,1,1,1,1,1,1
1440,1,1,1,1,0,1,1,1,1,1,1,1
1441,1,1,1,1,0,1,1,1,1,1,1,1
1442,1,1,1,1,0,0,1,1,1,1,1,1
1443,1,1,1,1,1,1,1,1,1,1,1,1
1444,1,1,1,1,1,1,1,1,1,1,1,1
1445,1,1,1,1,0,1,1,1,1,1,0,1
1446,1,1,1,1,1,1,1,1,1,1,1,1
1447,1,1,1,1,1,1,1,0,1,1,0,0
1448,1,0,1,1,0,1,1,1,1,1,1,1
1449,1,0,1,1,0,1,1,1,1,1,0,1
1450,0,1,0,1,0,1,1,1,0,1,0,1
1451,1,1,1,1,1,1,1,1,1,1,1,1
1452,1,1,1,1,1,1,1,0,1,1,0,1
1453,1,1,1,0,1,1,1,1,0,0,1,0
1454,1,1,1,1,1,1,1,0,0,1,0,0
1455,1,1,1,1,1,1,1,1,0,1,1,1
1456,1,0,1,1,1,1,1,1,1,1,1,1
1457,1,1,1,0,0,1,1,1,1,0,1,1
1458,1,1,1,1,1,1,1,1,1,1,1,1
1459,1,1,1,1,1,1,1,0,1,1,0,1
1460,0,1,1,1,0,1,0,1,1,0,0,1
1461,1,1,1,1,1,1,1,0,1,1,1,1
1462,1,0,1,1,1,1,1,1,1,1,1,1
1463,1,1,1,1,1,1,1,1,1,1,1,1
1464,1,1,1,1,0,1,1,1,1,1,0,1
1465,0,0,0,0,0,1,0,0,0,0,0,0
1466,1,1,1,1,1,1,0,1,1,1,0,1
1467,1,1,1,1,1,1,1,1,1,1,1,1
1468,1,1,1,1,1,1,1,1,1,1,1,1
1469,1,1,1,1,0,1,0,1,1,1,0,0
1470,1,1,1,1,1,1,1,1,1,1,1,1
1471,1,1,1,0,0,1,1,1,1,1,0,1
1472,0,1,1,1,0,1,1,0,0,1,0,0
1473,1,1,1,1,1,1,1,1,1,0,1,1
1474,1,1,1,1,1,1,1,1,1,1,0,0
1475,1,1,1,1,1,1,1,1,1,1,0,1
1476,1,1,1,0,1,1,1,1,0,1,1,1
1477,1,0,1,0,0,1,1,0,1,0,0,0
1478,0,0,0,1,0,0,0,0,0,0,1,0
1479,1,1,1,1,1,1,1,1,1,1,1,1
1480,1,1,1,1,1,1,1,1,1,1,1,1
1481,1,0,1,0,0,1,0,0,0,0,0,0
1482,1,1,1,1,0,0,1,1,1,1,1,0
1483,1,1,1,1,1,1,1,1,1,1,1,1
1484,1,1,1,1,1,1,1,0,1,1,0,1
1485,1,1,1,1,1,1,1,1,1,1,1,1
1486,1,0,0,1,0,0,1,1,1,1,1,0
1487,1,1,0,1,1,0,1,0,1,1,0,1
1488,1,1,1,1,1,1,1,1,1,1,1,1
1489,1,1,1,1,1,1,1,0,1,0,1,1
1490,1,1,1,1,1,1,1,1,1,1,1,1
1491,1,1,0,1,0,0,0,0,1,1,1,0
1492,1,1,1,1,1,1,1,1,1,1,1,1
1493,0,0,1,1,0,1,0,0,0,0,0,1
1494,1,1,1,1,1,1,1,1,1,1,1,1
1495,1,0,0,0,0,1,1,0,0,0,0,0
1496,0,1,1,0,1,1,0,0,0,0,0,0
1497,0,0,1,0,0,1,1,1,1,1,1,0
1498,1,0,1,1,0,1,1,1,1,0,1,1
1499,1,1,1,0,0,1,1,1,0,1,1,1
1500,0,1,0,1,0,0,0,1,0,1,1,0
1501,1,1,1,1,0,0,1,1,0,1,1,1
1502,1,1,1,1,1,1,1,1,1,1,1,1
1503,1,1,1,0,1,1,1,0,0,1,1,1
1504,0,1,0,0,1,0,0,0,0,0,0,0
1505,1,1,1,1,1,1,1,1,1,1,1,1
1506,0,0,0,0,0,0,0,0,0,1,0,0
1507,0,0,0,0,0,0,0,0,0,0,0,0
1508,1,1,1,1,1,1,1,0,1,0,1,1
1509,0,0,0,0,1,0,0,1,0,1,1,0
1510,1,1,1,1,1,1,1,0,1,0,1,0
1511,1,1,1,1,1,1,1,1,1,1,1,1
1512,1,1,1,1,0,1,1,0,1,1,0,0
1513,1,1,1,1,1,1,1,0,1,1,0,1
1514,1,1,1,1,1,1,1,1,1,1,1,1
1515,1,1,1,1,0,1,0,0,1,0,0,0
1516,1,1,1,1,1,1,1,1,1,1,1,1
1517,1,0,0,0,1,0,1,0,0,1,0,0
1518,1,1,1,1,1,1,1,1,1,1,1,1
1519,0,0,1,1,0,0,0,0,0,0,0,0
1520,0,1,0,0,0,0,1,0,0,0,0,0
1521,0,0,0,0,1,0,0,1,1,1,0,1
1522,1,1,1,1,0,1,1,1,1,1,1,1
1523,1,0,0,0,0,0,0,1,0,1,0,1
1524,0,1,1,1,0,1,1,0,1,0,1,1
1525,1,1,1,1,0,1,1,1,1,1,1,1
1526,1,0,1,1,0,1,1,0,1,1,0,0
1527,1,1,1,1,1,1,1,1,1,1,1,1
1528,1,1,1,1,1,1,1,1,1,1,1,1
1529,1,1,1,0,1,1,1,1,1,1,1,1
1530,1,1,0,1,0,0,0,0,0,0,0,0
1531,1,0,1,1,0,1,1,0,1,0,0,0
1532,1,1,1,1,1,1,1,1,1,1,1,0
1533,1,0,0,0,0,1,1,0,1,0,0,0
1534,1,1,1,1,1,1,1,1,1,1,1,1
1535,0,0,1,1,1,1,0,0,0,0,1,0
1536,0,0,0,0,0,0,0,1,1,0,1,1
1537,0,0,0,0,0,1,1,1,1,0,0,0
1538,1,1,1,1,0,1,0,0,1,1,0,0
1539,0,1,1,1,1,0,1,1,0,0,1,0
1540,0,1,1,0,1,1,0,0,0,0,1,1
1541,1,1,1,1,1,1,1,1,1,1,1,1
1542,1,0,1,1,1,1,1,1,1,1,0,1
1543,0,1,1,1,0,0,1,0,0,0,0,0
1544,1,1,1,0,1,1,0,0,0,0,0,0
1545,0,0,0,0,0,0,0,1,0,1,1,1
1546,0,0,0,0,0,0,0,1,0,1,1,0
1547,1,1,1,1,0,1,1,1,1,1,0,0
1548,1,1,1,1,0,1,1,1,1,1,0,0
1549,1,1,1,1,0,0,1,1,1,1,1,1
1550,1,0,1,1,1,1,1,1,1,1,1,1
1551,0,0,1,0,0,1,0,0,0,0,0,0
1552,1,1,1,1,1,1,1,1,1,1,1,1
1553,1,1,1,1,0,1,1,1,1,1,0,1
1554,1,1,1,1,0,1,1,1,1,1,1,1
1555,1,1,1,1,1,1,1,1,1,1,1,1
1556,1,1,1,1,1,1,1,1,0,1,1,1
1557,1,1,1,1,1,1,1,1,1,0,1,1
1558,1,1,1,0,0,1,1,0,1,0,0,0
1559,1,1,1,1,1,1,1,1,1,1,1,1
1560,1,0,1,1,0,1,1,1,1,0,0,0
1561,1,1,1,1,1,1,1,1,1,1,1,1
1562,0,0,0,0,1,0,0,1,0,1,0,1
1563,1,1,1,1,1,1,1,1,1,1,1,1
1564,1,0,1,1,1,1,1,0,1,1,0,1
1565,0,0,0,0,1,0,0,0,0,0,1,0
1566,0,1,1,0,0,1,0,0,0,1,0,0
1567,1,1,1,1,1,1,1,1,1,1,0,0
1568,1,1,0,1,0,1,0,1,1,0,1,1
1569,1,1,1,1,0,1,1,1,1,1,1,1
1570,0,0,1,1,1,1,1,1,1,1,0,1
1571,1,1,1,1,1,1,0,1,1,1,0,0
1572,0,1,0,0,1,1,0,0,0,0,1,1
1573,0,1,0,0,0,1,0,0,0,0,0,0
1574,1,0,1,0,0,0,1,1,0,0,0,0
1575,1,1,0,0,1,0,1,0,0,0,0,0
1576,1,1,1,1,1,1,1,1,1,1,0,0
1577,1,0,1,0,1,0,1,0,1,0,0,0
1578,1,0,1,0,0,1,0,0,0,0,0,0
1579,1,1,1,1,1,1,1,1,1,1,1,1
1580,1,1,1,1,1,1,1,1,1,1,1,0
1581,1,1,1,1,0,1,1,0,1,1,1,0
1582,0,0,0,0,1,0,0,0,1,0,0,0
1583,0,0,1,1,0,1,1,1,1,1,1,0
1584,1,1,1,0,0,1,1,1,1,0,1,1
1585,0,0,1,0,0,1,0,0,0,0,0,0
1586,1,1,1,1,1,1,1,1,1,1,0,1
1587,0,1,1,0,1,1,0,1,0,0,0,0
1588,0,0,1,1,1,1,1,1,1,1,0,1
1589,1,1,1,0,0,1,0,0,0,1,0,0
1590,0,1,1,1,0,1,1,1,1,0,1,1
1591,0,1,1,1,1,1,1,1,0,1,1,0
1592,1,1,1,1,1,1,1,1,1,1,1,1
1593,1,0,1,1,1,1,0,1,1,1,0,0
1594,0,0,1,0,0,1,0,1,1,0,0,0
1595,1,1,1,1,0,1,1,0,1,1,0,1
1596,0,0,1,1,1,1,1,1,1,0,1,1
1597,1,1,1,1,1,1,1,1,1,1,1,1
1598,0,0,1,0,0,0,1,0,1,0,0,0
1599,1,1,1,1,1,1,1,1,1,1,1,1
1600,1,1,1,1,0,1,1,1,1,0,1,1
1601,1,1,1,1,1,1,1,1,1,1,1,1
1602,1,1,1,1,1,1,1,1,1,0,1,0
1603,0,0,1,0,0,0,0,0,0,0,0,0
1604,1,1,1,1,1,1,1,1,1,1,1,0
1605,1,1,1,1,0,1,1,0,1,1,0,1
1606,1,1,1,1,1,1,1,1,1,1,1,0
1607,1,1,1,1,1,1,1,1,1,1,1,1
1608,0,1,1,0,0,0,1,1,1,0,0,0
1609,1,1,1,1,1,1,1,1,1,1,1,1
1610,1,1,1,1,1,1,1,1,1,1,1,0
1611,1,1,1,1,1,1,1,0,1,1,0,1
1612,1,1,1,1,0,1,1,0,1,1,0,1
1613,1,1,1,1,0,1,1,1,1,1,1,1
1614,1,1,1,1,1,1,1,1,1,1,1,0
1615,1,1,1,1,1,1,1,1,1,1,0,0
1616,1,0,1,0,1,1,1,0,0,0,0,1
1617,0,0,0,0,0,0,0,0,0,0,1,0
1618,1,1,1,1,1,1,0,0,1,0,0,1
1619,1,1,1,1,1,1,1,1,1,1,0,1
1620,1,0,1,1,0,1,0,0,0,0,1,0
1621,1,0,1,1,1,1,1,0,1,0,0,1
1622,1,0,0,0,0,0,0,0,0,0,0,0
1623,1,1,1,1,1,1,1,1,1,1,1,1
1624,1,1,1,1,1,1,1,1,1,1,1,0
1625,1,0,1,1,0,1,1,1,1,1,0,1
1626,1,1,1,1,1,1,1,1,1,1,1,1
1627,1,1,1,1,0,1,1,1,1,1,1,0
1628,0,0,0,0,0,0,0,0,0,0,0,0
1629,1,1,1,1,1,1,0,0,1,1,0,0
1630,1,1,1,1,1,1,1,1,1,1,1,1
1631,1,0,1,0,0,1,0,0,0,0,0,0
1632,0,0,1,0,1,1,0,0,0,0,0,0
1633,0,0,0,0,1,0,0,0,0,0,0,0
1634,1,1,1,1,0,1,1,1,1,0,0,0
1635,1,1,1,1,1,1,1,1,1,1,1,1
1636,1,1,1,1,1,1,1,1,1,1,0,1
1637,0,0,0,0,0,0,0,0,0,0,0,0
1638,1,1,1,1,1,1,1,1,1,1,1,1
1639,1,1,1,1,1,1,1,1,1,1,1,1
1640,1,1,1,0,0,1,0,0,0,0,0,0
1641,1,1,1,1,1,1,1,1,1,1,1,1
1642,1,1,1,1,1,1,0,1,0,1,1,1
1643,1,1,1,1,0,0,1,0,0,1,0,0
1644,1,1,1,1,1,1,1,1,1,1,1,1
1645,1,0,1,1,1,1,0,0,0,0,0,0
1646,1,1,1,1,1,1,1,0,0,1,1,0
1647,1,1,1,1,0,1,1,1,1,1,0,0
1648,1,1,1,1,0,1,1,1,1,1,1,1
1649,1,0,1,1,0,1,1,0,0,0,0,0
1650,1,1,1,1,1,1,1,1,1,1,1,1
1651,0,0,1,0,0,1,0,0,0,0,1,0
1652,1,1,1,1,0,1,1,1,1,1,1,1
1653,0,1,1,0,1,1,1,1,0,1,0,1
1654,0,1,1,0,0,1,0,0,1,0,0,0
1655,1,1,1,1,1,1,1,1,1,1,1,1
1656,0,0,0,0,0,1,0,0,1,0,1,0
1657,0,0,1,0,0,1,0,0,0,0,0,0
1658,1,1,1,1,1,1,1,1,1,1,0,0
1659,1,1,1,1,0,1,1,0,1,0,0,0
1660,1,0,1,1,1,1,1,1,1,1,0,1
1661,1,0,1,1,1,0,1,0,1,0,1,1
1662,1,1,1,1,0,1,1,1,1,1,1,1
1663,0,1,1,0,0,1,0,0,0,0,0,0
1664,1,1,1,1,1,1,1,1,1,1,1,1
1665,1,1,1,1,1,1,1,1,1,1,1,1
1666,0,1,1,0,0,0,1,1,1,0,0,1
1667,1,1,1,1,0,1,1,1,1,0,1,1
1668,1,0,1,1,0,1,1,0,1,1,0,0
1669,1,1,1,1,0,1,1,0,1,0,1,0
1670,1,1,1,1,1,1,1,1,1,1,1,1
1671,1,0,1,1,0,1,1,1,1,1,0,0
1672,1,1,1,1,1,1,1,1,1,0,0,0
1673,1,0,0,0,1,0,1,0,0,0,1,0
1674,1,0,0,1,1,0,1,0,0,1,0,0
1675,0,1,0,0,0,0,1,1,1,1,1,1
1676,0,0,0,0,0,1,0,0,0,0,1,0
1677,1,0,1,1,1,1,1,1,1,0,0,1
1678,1,1,1,1,1,1,1,1,1,1,1,1
1679,1,1,1,1,1,1,1,1,1,1,1,1
1680,1,0,1,1,0,0,1,1,0,0,1,1
1681,1,1,1,1,1,1,1,1,1,1,1,1
1682,1,1,1,1,1,1,1,1,1,1,1,1
1683,0,1,1,1,0,0,1,1,1,0,1,1
1684,1,0,1,1,0,1,1,1,1,1,0,1
1685,0,1,1,1,1,1,1,0,1,1,0,0
1686,0,0,0,0,0,0,0,1,0,1,0,0
1687,1,1,1,1,1,1,1,1,1,1,1,1
1688,1,0,1,1,0,1,0,0,1,0,0,0
1689,1,1,1,0,1,1,1,1,1,1,1,1
1690,1,1,1,1,0,1,1,1,1,1,0,1
1691,0,0,0,0,0,0,0,0,0,0,0,0
1692,1,1,1,1,0,1,1,1,1,1,1,1
1693,0,0,1,0,0,0,0,0,0,0,0,0
1694,1,1,1,1,1,1,1,1,1,1,1,1
1695,1,1,1,1,1,1,1,1,1,1,1,1
1696,0,1,1,0,0,0,0,0,1,1,1,0
1697,1,1,1,1,1,1,1,1,1,1,1,1
1698,1,1,1,1,1,1,1,1,1,1,1,1
1699,0,0,1,1,0,1,1,1,1,1,0,1
1700,1,1,1,0,0,1,1,0,1,0,0,0
1701,1,1,1,1,1,1,1,0,1,1,1,0
1702,1,1,1,1,0,1,1,1,1,1,0,1
1703,0,0,0,1,0,1,1,0,1,0,0,0
1704,1,1,1,1,0,1,1,0,0,1,0,0
1705,1,1,1,1,0,1,1,0,1,1,1,1
1706,1,0,1,1,0,1,1,0,1,0,1,0
1707,1,1,1,1,1,1,1,1,1,1,1,1
1708,1,1,1,1,1,1,1,1,1,1,1,1
1709,1,1,0,1,1,1,0,0,1,1,1,0
1710,1,1,1,1,1,1,1,1,1,1,1,1
1711,1,1,1,1,1,1,1,1,1,1,0,1
1712,1,1,1,1,1,1,1,1,1,1,1,1
1713,0,0,1,0,0,1,1,0,0,0,0,0
1714,1,1,1,1,1,1,1,1,1,1,1,1
1715,1,1,1,1,1,1,1,1,1,1,1,1
1716,1,1,1,1,1,1,1,1,1,1,1,1
1717,1,1,1,0,1,1,1,1,1,1,1,0
1718,1,1,1,1,1,1,1,1,1,1,1,0
1719,1,1,1,1,0,1,1,1,1,1,0,1
1720,0,0,0,0,0,0,0,0,0,0,0,0
1721,1,1,1,1,0,1,1,1,1,1,1,1
1722,1,0,1,1,1,1,1,1,1,1,1,1
1723,1,0,1,1,1,1,1,1,0,1,1,1
1724,1,1,1,1,1,1,1,1,0,1,1,1
1725,1,1,1,1,0,1,1,1,1,0,1,1
1726,1,1,1,1,0,1,1,1,1,1,1,0
1727,1,1,1,0,1,1,1,1,1,1,1,1
1728,1,1,1,0,0,1,1,1,0,1,0,0
1729,1,1,1,1,1,1,1,1,1,1,1,1
1730,1,1,1,1,0,1,1,1,1,1,1,1
1731,1,1,0,1,1,0,1,0,0,0,1,0
1732,1,1,1,1,1,1,0,1,1,1,1,1
1733,1,0,1,1,0,1,1,0,1,1,0,0
1734,0,0,0,0,0,0,0,0,0,0,0,0
1735,0,0,0,0,0,0,0,0,0,0,0,0
1736,1,1,1,1,0,1,1,1,1,1,1,1
1737,1,1,1,1,1,1,1,1,1,1,1,0
1738,0,0,1,0,0,1,0,0,0,0,0,0
1739,1,1,1,1,1,1,1,1,1,1,1,1
1740,1,1,1,1,1,1,1,1,1,1,1,1
1741,1,0,0,0,0,1,1,1,1,1,1,1
1742,1,1,1,1,1,1,1,0,1,1,0,0
1743,1,1,1,1,1,1,1,1,1,1,1,1
1744,0,1,1,1,0,1,1,0,1,0,0,0
1745,1,1,1,1,1,1,1,1,1,1,1,1
1746,0,0,1,0,0,0,0,0,1,0,0,0
1747,1,0,1,1,0,1,1,0,1,1,0,0
1748,1,1,1,1,1,1,1,1,1,1,0,0
1749,1,1,1,1,1,1,1,1,1,1,1,1
1750,0,0,1,0,0,1,0,0,0,0,0,0
1751,1,1,0,1,1,1,0,1,1,1,0,1
1752,1,0,1,1,1,1,1,1,1,1,1,1
1753,0,1,1,1,0,1,1,0,0,1,0,0
1754,1,0,1,1,0,1,1,0,1,1,0,0
1755,1,1,1,1,1,1,1,1,1,0,1,0
1756,0,0,0,0,0,0,0,0,0,0,0,0
1757,1,1,1,1,1,1,1,1,1,1,1,1
1758,1,0,1,1,0,1,1,0,1,1,0,0
1759,1,0,1,1,1,1,1,1,1,1,1,1
1760,1,1,1,1,1,1,1,1,1,1,0,1
1761,1,1,1,1,1,1,1,1,1,1,1,1
1762,1,1,1,1,1,1,1,0,1,1,0,1
1763,1,1,1,1,0,1,1,1,1,1,1,1
1764,1,0,1,0,1,0,1,1,0,0,0,1
1765,1,1,1,1,0,1,1,1,1,1,0,0
1766,1,1,1,1,0,1,1,1,1,1,0,0
1767,1,1,1,0,1,1,1,1,0,1,1,0
1768,1,1,1,1,1,1,1,1,1,1,0,0
1769,1,1,1,1,0,1,1,1,1,0,0,0
1770,1,1,1,1,1,1,1,1,1,1,1,1
1771,1,1,1,1,1,1,1,1,1,1,1,0
1772,1,0,1,1,0,1,1,1,1,1,1,1
1773,1,1,1,0,0,1,0,0,1,0,0,1
1774,0,0,0,0,0,0,0,0,1,0,0,0
1775,1,1,1,1,1,1,1,1,1,1,1,1
1776,1,0,1,1,0,1,1,1,1,1,0,1
1777,1,1,1,1,0,1,1,1,1,1,0,1
1778,1,1,1,1,0,1,1,1,1,1,0,0
1779,0,1,0,0,1,1,1,0,0,0,1,1
1780,1,1,0,0,1,1,1,1,0,1,1,1
1781,0,0,1,0,0,0,0,0,0,0,0,0
1782,1,0,0,1,0,0,0,0,0,0,0,0
1783,1,1,1,1,1,1,1,1,1,1,1,1
1784,1,1,0,0,1,1,0,0,0,0,0,0
1785,1,1,1,1,1,1,1,1,1,1,1,1
1786,1,1,1,1,1,1,1,1,1,1,1,1
1787,1,1,1,1,1,1,1,1,1,1,1,1
1788,1,0,1,1,0,1,1,0,1,1,0,0
1789,1,1,1,0,1,1,1,1,0,1,1,0
1790,1,1,1,1,1,1,1,1,1,1,1,1
1791,1,1,1,1,0,1,1,1,1,0,1,1
1792,1,1,1,1,1,1,1,1,1,1,1,1
1793,0,1,1,0,1,1,1,0,1,0,0,0
1794,0,0,0,0,0,0,0,0,0,0,1,0
1795,1,1,1,1,0,1,1,1,1,1,0,0
1796,1,1,1,1,1,1,1,1,0,1,1,1
1797,1,1,1,1,0,1,1,1,1,1,1,0
1798,1,1,1,1,1,1,1,1,1,1,1,1
1799,1,1,1,1,1,1,1,1,1,1,1,1
1800,1,1,1,0,1,1,1,1,1,1,0,0
1801,0,0,0,0,0,0,0,1,0,0,1,0
1802,1,1,1,1,1,1,1,1,1,1,1,1
1803,1,1,1,1,1,1,1,1,0,1,0,1
1804,0,0,0,0,0,0,0,0,0,0,0,0
1805,1,0,0,1,0,0,0,0,0,0,0,0
1806,1,0,1,0,0,1,1,0,0,0,0,0
1807,0,1,0,0,0,0,0,0,0,0,0,0
1808,1,0,1,1,0,1,1,1,1,1,0,1
1809,1,1,1,1,1,0,1,1,1,1,0,0
1810,1,1,1,1,1,1,1,1,1,1,0,1
1811,1,1,1,1,1,1,1,1,1,1,1,1
1812,1,1,1,1,1,1,1,1,1,1,1,1
1813,1,1,1,1,1,1,1,1,1,1,1,1
1814,0,1,0,0,0,0,0,0,0,0,0,0
1815,1,1,1,1,0,1,0,0,0,1,0,0
1816,0,0,0,0,0,0,0,0,0,0,0,0
1817,1,1,1,1,0,1,1,0,1,1,1,0
1818,0,0,0,0,1,1,1,1,0,1,1,1
1819,1,1,1,1,1,1,1,1,1,1,1,1
1820,0,1,1,0,1,1,1,1,1,1,1,1
1821,0,0,0,0,0,1,0,0,0,0,0,0
1822,0,0,0,1,0,0,0,0,1,0,1,1
1823,1,1,1,1,0,1,1,1,1,1,1,1
1824,1,1,1,1,1,1,1,1,1,1,1,1
1825,1,1,1,1,0,1,1,0,1,1,0,1
1826,1,1,1,1,1,1,1,1,1,1,1,1
1827,0,0,0,0,0,0,0,0,0,0,0,0
1828,1,1,1,1,0,1,1,0,1,0,0,1
1829,1,1,1,1,0,1,1,1,1,1,1,1
1830,0,0,1,0,0,1,0,0,0,0,1,0
1831,1,0,1,1,1,1,1,1,1,0,0,1
1832,1,1,1,1,1,1,1,1,1,1,0,1
1833,1,1,1,1,1,1,1,1,1,1,1,1
1834,1,1,1,1,1,1,1,1,1,1,0,1
1835,1,0,1,1,0,1,0,0,1,1,0,0
1836,1,1,1,1,0,1,1,1,1,1,1,1
1837,1,0,1,1,0,1,1,1,0,1,0,0
1838,1,1,1,1,1,1,1,1,1,1,1,1
1839,1,1,0,1,1,1,1,0,0,0,0,0
1840,1,1,1,1,1,1,1,0,1,0,0,1
1841,1,1,1,1,1,1,1,1,1,1,0,1
1842,1,0,0,1,0,0,0,0,0,1,0,0
1843,1,1,1,1,1,1,1,1,1,1,1,1
1844,0,0,0,0,0,0,0,0,0,0,0,0
1845,1,1,1,1,1,1,1,1,1,0,0,0
1846,0,0,1,1,0,1,1,0,1,0,0,1
1847,0,1,0,0,0,0,0,0,0,0,0,0
1848,1,0,1,0,1,1,1,0,1,1,0,0
1849,1,1,1,1,1,1,1,1,1,1,1,1
1850,1,1,1,1,1,1,1,1,1,1,1,1
1851,1,1,1,1,0,1,1,0,0,0,0,0
1852,1,0,1,1,0,1,1,1,1,1,1,0
1853,1,1,1,1,1,1,1,1,1,1,1,1
1854,1,1,1,1,1,1,1,1,0,1,0,1
1855,1,1,1,1,0,1,1,1,1,1,1,1
1856,1,0,1,1,1,1,1,0,1,0,0,0
1857,0,1,1,1,1,1,0,0,1,1,0,0
1858,1,1,1,1,0,1,1,1,1,1,1,1
1859,1,1,1,1,0,1,1,1,1,1,0,1
1860,0,0,0,0,0,0,0,0,0,0,0,0
1861,1,0,1,1,1,1,1,1,1,1,1,1
1862,1,1,1,1,0,0,1,1,1,1,1,1
1863,1,1,1,1,1,1,1,1,1,1,0,1
1864,1,1,1,1,0,1,0,1,1,0,1,1
1865,1,1,1,0,1,1,1,0,0,0,1,0
1866,1,0,1,0,0,1,0,0,0,0,0,0
1867,1,1,1,1,0,1,1,0,0,1,1,1
1868,1,1,1,1,1,1,1,1,1,1,1,1
1869,1,1,1,1,1,1,1,1,1,1,0,0
1870,1,1,1,1,1,1,1,1,1,1,1,1
1871,1,0,1,1,0,1,1,0,1,0,0,0
1872,1,0,1,1,1,1,1,1,1,1,1,1
1873,1,1,1,1,1,1,1,1,1,1,1,1
1874,1,1,1,1,0,1,1,1,1,1,1,0
1875,1,1,1,1,1,1,1,0,0,1,0,0
1876,1,1,1,1,1,1,1,1,1,1,1,1
1877,1,1,1,1,1,1,1,1,1,1,1,1
1878,0,1,1,1,0,1,0,0,0,1,0,0
1879,1,0,1,1,0,1,1,0,0,1,1,0
1880,1,1,0,1,0,1,1,1,1,1,1,0
1881,0,0,1,0,0,0,0,0,0,0,0,0
1882,1,0,1,0,0,1,0,0,0,0,0,0
1883,1,1,1,1,0,1,1,1,1,1,1,1
1884,0,0,0,0,0,1,0,0,0,0,0,0
1885,1,0,1,0,1,0,0,0,0,1,0,1
1886,1,1,1,1,1,1,1,1,1,1,1,1
1887,1,1,1,1,0,1,1,1,1,0,1,1
1888,1,1,1,1,1,1,1,1,1,1,1,1
1889,1,1,1,1,1,1,1,0,1,1,1,0
1890,1,1,1,1,1,1,1,1,1,1,1,1
1891,0,0,0,0,0,0,0,0,0,0,0,0
1892,0,0,1,0,0,1,0,0,1,0,0,0
1893,1,1,1,0,1,1,1,1,1,0,0,1
1894,0,1,1,1,1,1,1,1,1,0,0,1
1895,1,1,1,1,0,1,1,1,1,1,0,0
1896,1,1,1,1,1,1,1,1,1,1,1,1
1897,1,1,1,1,1,1,1,1,1,1,1,1
1898,1,1,1,1,0,0,1,0,0,0,0,0
1899,1,1,1,0,0,1,1,0,1,0,0,1
1900,1,1,1,1,1,1,1,1,0,1,1,1
1901,1,0,1,1,1,1,1,1,1,1,0,1
1902,1,1,1,1,0,1,1,1,1,1,1,1
1903,1,1,1,1,1,1,1,1,1,1,1,1
1904,0,1,1,0,0,1,1,0,1,1,0,1
1905,0,1,1,1,1,1,1,0,0,0,1,0
1906,1,1,1,1,0,0,1,1,0,0,0,1
1907,1,1,1,1,1,1,1,1,1,1,0,0
1908,1,0,1,1,1,1,1,1,1,1,0,1
1909,1,1,1,1,0,1,1,1,1,0,1,1
1910,1,1,1,1,0,1,1,1,1,0,1,1
1911,1,1,1,1,0,1,1,1,1,1,1,0
1912,1,1,1,1,1,1,1,1,1,1,1,1
1913,0,1,1,1,0,1,1,0,1,0,0,0
1914,1,1,1,1,1,1,1,1,1,1,1,1
1915,1,1,1,1,1,1,1,1,1,1,1,1
1916,0,0,1,1,1,0,0,1,0,0,1,1
1917,1,1,1,1,1,1,1,1,1,1,1,0
1918,1,0,1,1,0,0,1,0,1,1,0,0
1919,1,1,1,0,0,1,1,0,0,0,0,0
1920,1,1,1,1,1,1,1,1,1,1,1,1
1921,1,1,1,1,1,1,1,1,1,1,1,1
1922,0,1,0,0,1,0,0,0,0,0,0,0
1923,1,1,1,1,0,1,1,1,1,1,1,1
1924,1,1,1,1,1,1,0,1,0,1,1,0
1925,1,1,1,1,1,1,1,1,1,1,1,1
1926,1,1,1,1,1,1,1,1,1,1,1,1
1927,1,1,1,1,1,1,1,1,1,1,1,1
1928,1,1,1,1,1,1,1,1,1,1,1,1
1929,0,1,1,0,1,1,1,0,1,0,0,0
1930,1,1,1,1,1,1,1,1,1,1,1,1
1931,1,1,1,1,1,1,1,1,1,1,1,0
1932,1,1,1,1,1,1,1,1,1,1,1,1
1933,1,0,1,0,1,1,1,1,0,1,1,0
1934,1,0,1,1,0,1,1,1,1,1,0,1
1935,1,0,0,1,1,1,1,1,1,1,1,1
1936,0,0,1,0,0,1,0,0,0,0,0,0
1937,1,1,1,1,1,1,1,1,1,1,1,1
1938,1,1,1,1,1,1,1,1,1,1,1,1
1939,1,1,1,1,1,1,1,1,1,1,1,1
1940,0,0,0,0,0,0,0,1,1,0,0,0
1941,1,1,1,1,1,1,1,1,1,1,1,1
1942,1,0,1,0,0,1,1,0,1,0,0,1
1943,1,1,1,1,1,1,1,0,1,0,0,0
1944,0,0,0,0,0,0,1,0,1,0,0,0
1945,1,1,1,1,0,0,1,1,1,0,0,0
1946,1,1,1,1,1,1,0,0,1,1,0,0
1947,1,1,1,1,1,1,1,1,1,1,1,1
1948,1,1,1,0,0,1,1,1,1,1,1,1
1949,0,1,0,0,0,0,1,1,0,1,1,0
1950,0,0,1,0,0,1,0,0,0,0,0,0
1951,1,1,1,1,1,1,1,1,1,1,0,1
1952,1,1,1,1,0,1,1,1,1,1,1,1
1953,0,1,0,1,0,0,0,1,0,1,1,1
1954,1,1,1,1,1,1,1,1,1,1,1,0
1955,1,0,0,0,1,1,0,1,1,0,1,0
1956,1,1,1,1,1,1,1,1,1,1,0,0
1957,1,1,1,1,1,1,1,1,1,1,0,1
1958,0,0,1,0,0,0,0,0,0,0,0,0
1959,1,1,1,1,1,1,1,1,1,0,0,1
1960,1,1,1,1,1,1,1,1,1,1,1,1
1961,1,1,1,1,0,1,1,0,1,1,1,0
1962,1,1,1,1,0,1,0,1,0,1,1,1
1963,1,1,1,1,1,1,1,0,1,0,0,1
1964,1,1,1,1,0,1,1,1,1,1,0,0
1965,1,0,1,1,1,1,1,0,1,1,0,1
1966,1,0,1,1,0,1,1,1,1,1,0,1
1967,1,1,1,1,1,1,1,0,1,1,0,1
1968,1,1,1,1,1,1,1,1,1,1,1,1
1969,1,0,1,1,0,1,1,1,1,0,1,0
1970,1,1,1,1,1,1,1,1,1,1,1,1
1971,1,0,1,1,0,1,1,0,1,1,0,1
1972,1,1,1,1,0,1,1,0,1,1,0,0
1973,0,0,0,0,0,0,0,0,0,0,0,0
1974,1,0,1,0,0,0,1,0,1,0,0,0
1975,0,1,1,1,1,0,0,1,1,1,0,1
1976,1,1,1,1,1,1,1,1,1,1,1,1
1977,1,0,1,1,1,1,1,1,1,1,0,0
1978,0,1,0,0,0,0,1,0,0,0,1,0
1979,1,1,1,1,1,1,1,0,1,1,0,0
1980,1,0,1,1,1,1,1,1,1,1,1,0
1981,0,1,0,0,1,0,1,1,0,1,0,0
1982,1,1,1,1,0,1,1,1,1,1,0,0
1983,1,1,1,1,1,1,1,1,1,1,1,1
1984,1,1,1,1,1,1,1,1,1,1,1,1
1985,1,1,1,1,0,1,1,0,1,1,0,0
1986,1,1,1,1,1,1,1,1,1,1,1,1
1987,1,1,1,1,1,1,1,0,1,1,0,0
1988,1,1,1,1,1,1,1,1,1,1,1,1
1989,1,1,0,1,1,1,1,1,1,1,1,0
1990,1,0,1,1,1,1,1,1,1,1,1,1
1991,1,0,1,1,0,0,1,1,1,1,1,1
1992,0,0,0,0,0,0,0,0,0,0,0,0
1993,1,1,1,1,0,0,1,1,0,1,1,1
1994,1,1,1,1,0,1,1,1,0,1,0,0
1995,1,1,1,1,1,1,1,1,1,1,1,1
1996,1,1,1,1,1,1,1,1,1,1,1,1
1997,1,1,1,1,0,0,1,1,1,1,0,0
1998,1,1,1,1,0,1,1,1,0,1,0,0
1999,1,1,1,0,0,1,0,0,1,0,0,0
2000,1,1,1,1,0,1,1,1,1,1,1,1
2001,1,1,1,1,1,1,1,1,1,1,1,1
2002,1,0,1,1,0,1,1,0,1,1,0,0
2003,1,1,1,1,1,1,1,1,1,1,1,1
2004,0,1,1,1,0,1,1,0,0,1,0,0
2005,0,0,0,0,0,0,0,0,0,0,0,0
2006,1,0,1,0,0,1,1,0,1,1,1,1
2007,1,0,1,1,0,1,1,0,0,1,0,0
2008,1,1,1,1,1,1,1,1,1,1,1,1
2009,1,1,1,1,0,1,1,1,1,1,1,1
2010,1,1,1,1,0,1,1,0,1,1,1,0
2011,1,1,1,1,1,1,1,1,1,1,1,1
2012,0,1,1,0,0,1,1,0,1,0,1,0
2013,1,1,1,1,1,1,1,1,1,0,0,1
2014,0,0,0,0,0,0,0,0,0,0,0,0
2015,1,1,1,1,1,1,1,1,1,1,1,1
2016,1,1,1,1,1,1,1,1,1,1,0,0
2017,1,1,1,1,1,1,1,1,1,1,1,1
2018,1,1,1,1,1,1,1,1,1,1,1,1
2019,1,1,1,1,0,1,1,1,1,1,1,1
2020,1,1,1,1,0,1,1,1,1,0,1,1
2021,0,1,1,1,1,0,1,1,1,1,1,1
2022,1,0,1,1,0,1,1,0,1,1,0,0
2023,1,1,1,1,0,1,0,0,0,0,0,0
2024,1,1,1,1,0,1,1,0,0,0,0,1
2025,1,1,1,1,1,1,1,1,1,1,1,1
2026,0,0,1,1,0,1,1,1,0,0,0,0
2027,1,1,1,1,1,1,1,1,1,1,1,1
2028,1,1,1,1,1,1,1,1,1,1,0,1
2029,1,1,1,1,1,1,1,1,1,1,1,1
2030,0,1,1,1,0,0,0,1,0,1,0,0
2031,1,1,1,1,1,1,1,1,1,1,1,1
2032,1,1,1,1,0,1,1,1,1,1,0,1
2033,0,0,0,0,0,0,1,0,1,0,1,0
2034,1,1,1,0,0,1,1,1,1,1,1,0
2035,1,1,0,1,0,0,1,0,1,1,1,1
2036,1,1,1,1,0,1,1,1,1,1,1,1
2037,0,0,0,1,1,0,1,0,0,1,1,1
2038,0,0,0,0,0,0,0,0,0,0,0,0
2039,1,1,1,1,0,1,1,1,1,1,1,0
2040,0,0,1,0,1,0,0,1,0,0,0,0
2041,1,1,1,1,1,1,1,1,1,1,1,1
2042,1,1,0,0,0,0,1,1,1,1,0,0
2043,1,1,1,1,1,1,1,1,1,1,1,0
2044,1,1,1,1,1,1,1,1,1,1,0,1
2045,1,1,1,1,1,1,1,1,1,1,0,0
2046,1,0,1,0,0,1,0,0,1,1,1,0
2047,0,0,0,0,0,0,0,0,0,0,0,0
2048,1,1,1,1,1,1,1,1,1,1,1,1
2049,1,1,1,0,1,1,1,1,1,1,1,0
2050,1,1,1,1,0,1,1,0,0,1,0,1
2051,1,0,1,1,1,1,1,1,1,1,1,1
2052,1,1,1,1,1,1,1,0,1,0,1,0
2053,1,0,0,0,0,1,1,1,1,0,1,1
2054,1,1,1,1,1,1,1,1,1,1,1,1
2055,1,1,1,1,1,1,1,1,1,1,1,1
2056,1,1,1,1,1,1,1,1,1,1,1,1
2057,0,0,1,0,0,1,0,1,0,0,1,0
2058,0,0,0,0,1,0,0,1,0,1,1,0
2059,1,1,1,1,1,1,1,1,1,1,1,1
2060,0,0,0,0,0,0,0,0,0,0,0,0
2061,1,1,1,1,1,1,1,1,1,1,1,1
2062,1,1,1,1,0,1,1,1,1,1,1,1
2063,1,1,1,1,1,1,1,1,1,1,1,1
2064,1,1,1,1,1,1,1,1,1,1,1,0
2065,1,1,1,1,1,1,1,1,1,1,1,1
2066,0,1,0,0,0,0,0,0,0,0,1,0
2067,1,1,1,1,1,1,1,1,1,1,1,1
2068,1,0,1,0,0,1,1,0,0,1,0,0
2069,1,1,1,1,1,1,1,1,1,1,1,1
2070,1,0,1,1,1,1,1,1,1,1,0,1
2071,1,1,1,1,0,1,1,1,1,1,1,1
2072,1,1,1,1,1,1,1,0,1,1,0,0
2073,1,1,1,1,1,1,1,1,1,1,0,1
2074,1,0,1,1,0,1,1,1,1,1,0,1
2075,1,1,1,0,0,1,1,1,1,0,1,1
2076,1,1,1,1,1,1,1,1,1,1,1,1
2077,1,1,1,0,0,1,1,0,1,0,1,0
2078,1,0,1,1,0,1,0,0,0,0,0,0
2079,1,0,1,0,0,1,1,0,0,0,0,0
2080,1,1,1,1,0,1,1,1,1,1,1,0
2081,1,1,1,1,1,1,1,1,1,1,1,1
2082,0,0,0,0,0,0,0,0,1,1,1,1
2083,0,0,0,0,0,1,0,0,1,0,0,0
2084,1,0,1,1,1,1,1,1,1,1,1,1
2085,1,1,1,1,0,1,1,1,1,1,0,0
2086,0,0,0,0,0,0,0,0,1,1,0,1
2087,0,0,0,1,1,1,1,1,1,0,1,1
2088,1,1,1,1,0,1,1,1,1,1,0,0
2089,1,1,1,1,1,1,1,1,0,1,1,0
2090,1,1,1,1,0,1,1,1,1,1,0,0
2091,1,1,1,1,1,1,1,0,1,1,0,1
2092,1,1,1,1,1,1,1,1,1,1,1,0
2093,1,1,1,0,0,1,0,0,0,0,1,0
2094,1,1,1,1,1,1,1,0,1,1,0,0
2095,1,1,1,1,1,1,1,1,1,1,1,1
2096,0,0,0,0,1,0,0,0,0,0,0,0
2097,1,1,1,1,1,1,1,1,1,1,1,1
2098,1,1,1,1,0,1,1,1,1,1,1,0
2099,1,1,0,1,0,0,0,0,1,1,0,0
2100,1,0,1,0,1,1,0,1,0,1,1,1
2101,0,0,0,1,0,0,0,0,1,0,1,1
2102,1,1,1,1,1,1,1,1,1,1,1,1
2103,1,1,1,1,1,1,1,1,1,1,1,1
2104,0,0,1,0,1,1,1,0,0,0,0,0
2105,0,1,1,1,1,1,1,1,1,1,1,1
2106,1,1,1,1,1,1,1,0,1,1,1,0
2107,0,1,1,1,0,1,1,1,0,0,1,0
2108,1,1,1,1,0,1,1,1,1,1,1,0
2109,1,0,1,0,0,1,1,1,1,1,0,1
2110,1,1,1,1,1,1,1,1,1,1,1,1
2111,1,0,1,1,1,1,1,0,1,0,0,0
2112,0,1,0,0,0,0,0,0,0,0,0,0
2113,1,1,1,1,1,1,1,1,1,0,0,1
2114,1,1,1,1,0,0,0,0,0,1,1,0
2115,1,1,1,1,1,1,1,1,1,1,1,1
2116,1,1,1,1,1,1,1,1,1,1,1,1
2117,0,1,0,0,0,0,1,0,0,1,0,1
2118,1,0,0,1,0,0,0,0,0,0,0,0
2119,0,0,1,1,1,1,1,1,0,1,1,1
2120,1,1,1,1,1,1,1,1,1,1,1,1
2121,1,1,1,1,0,1,1,0,1,1,0,0
2122,1,0,1,1,0,1,1,0,1,1,0,1
2123,1,0,1,1,0,1,1,0,1,1,0,1
2124,1,1,1,1,0,1,1,0,1,1,0,0
2125,1,1,1,1,0,1,1,0,1,1,0,0
2126,0,0,0,0,0,0,0,0,0,0,0,0
2127,1,1,1,1,1,1,1,1,1,1,1,1
2128,1,0,0,0,0,0,1,0,0,1,0,1
2129,1,0,1,1,1,1,1,1,1,1,0,1
2130,1,1,0,1,0,0,0,0,0,0,0,0
2131,1,0,0,0,0,1,0,1,0,0,1,0
2132,1,1,1,1,1,1,1,1,1,0,0,0
2133,1,1,1,1,0,1,1,0,1,1,0,0
2134,0,0,0,0,0,0,0,0,0,0,0,0
2135,1,1,1,1,0,1,1,1,1,1,1,1
2136,1,1,1,1,1,1,1,1,1,1,1,1
2137,0,0,1,1,0,1,1,0,0,0,1,0
2138,1,1,1,1,1,1,1,1,1,1,1,0
2139,1,1,1,1,1,1,1,1,1,1,1,1
2140,1,1,1,1,1,1,1,1,1,1,1,1
2141,1,1,0,0,0,0,1,0,1,0,0,1
2142,1,0,1,0,0,1,0,0,0,0,0,0
2143,1,0,1,0,0,1,0,0,0,0,0,0
2144,1,1,1,1,1,1,1,0,1,1,1,1
2145,1,1,1,1,1,1,1,0,1,1,0,1
2146,1,1,1,1,0,1,1,0,1,1,0,1
2147,0,0,0,0,0,0,0,0,0,1,0,0
2148,1,1,1,1,1,1,1,1,1,1,1,1
2149,1,0,1,1,1,1,1,1,1,1,0,1
2150,1,1,1,1,0,1,1,0,1,1,1,1
2151,1,1,1,1,1,1,1,1,0,1,1,1
2152,1,1,1,1,1,1,1,1,1,1,1,1
2153,1,1,1,1,1,1,1,1,1,1,1,1
2154,1,0,1,1,1,1,1,0,1,1,1,0
2155,1,1,1,0,1,1,0,0,0,1,0,1
2156,1,1,1,1,1,1,1,1,1,1,1,1
2157,1,0,1,1,0,1,1,0,1,0,0,0
2158,1,1,1,1,1,1,1,0,1,1,1,1
2159,1,1,1,1,1,1,1,1,1,1,0,0
2160,1,1,1,1,1,1,1,1,1,1,1,1
2161,1,1,1,1,1,1,1,1,1,1,1,1
2162,1,1,1,1,1,1,1,1,1,1,1,1
2163,1,1,1,1,1,0,1,1,1,0,1,0
2164,1,1,1,1,0,1,1,1,1,1,1,1
2165,1,1,1,1,1,1,1,1,1,1,1,1
2166,1,1,1,1,1,1,1,1,1,1,1,1
2167,1,1,1,1,1,1,1,1,1,1,1,1
2168,1,1,1,1,1,1,1,1,1,1,1,1
2169,1,1,1,1,1,1,1,1,1,1,1,1
2170,1,1,1,1,0,1,1,1,1,1,0,0
2171,0,0,1,0,0,1,0,0,0,0,0,0
2172,1,1,1,1,0,1,1,1,1,1,1,1
2173,1,1,1,1,1,1,1,1,1,1,1,1
2174,1,1,1,1,0,1,1,1,1,1,0,0
2175,1,1,1,1,1,0,1,1,1,1,0,1
2176,1,1,1,1,1,1,1,1,1,1,1,1
2177,1,1,1,1,1,1,1,1,1,1,1,1
2178,1,1,1,1,1,1,1,1,1,1,1,1
2179,1,1,1,1,0,1,1,1,1,1,0,0
2180,1,1,1,1,1,1,1,1,1,1,1,1
2181,1,1,1,1,0,1,0,0,1,0,0,1
2182,1,1,1,1,0,1,1,1,1,1,1,1
2183,0,0,0,0,0,0,0,0,0,0,0,0
2184,1,1,1,1,1,1,1,1,1,1,1,1
2185,1,1,1,0,1,1,1,0,1,1,0,0
2186,1,1,1,1,0,1,1,1,1,1,1,1
2187,1,1,1,1,1,1,1,1,1,1,1,1
2188,0,0,0,0,0,0,0,0,0,0,1,0
2189,0,0,1,1,1,1,1,0,1,1,0,0
2190,1,1,1,1,1,1,1,1,1,1,0,1
2191,1,1,1,1,1,1,1,1,1,1,1,1
2192,1,1,1,1,1,1,1,1,1,1,1,1
2193,1,1,1,1,0,1,1,1,1,1,1,1
2194,0,0,0,0,0,0,1,0,1,0,1,0
2195,1,1,1,1,1,1,1,1,1,1,1,1
2196,1,1,1,1,0,1,1,1,1,1,1,1
2197,1,1,1,1,0,1,1,0,1,1,1,1
2198,1,1,1,1,1,1,1,1,1,1,1,1
2199,1,0,0,1,1,1,0,1,0,1,1,1
2200,1,1,1,1,0,1,1,1,1,1,1,0
2201,1,1,1,1,1,1,1,1,1,1,1,1
2202,1,0,1,1,0,1,0,0,0,1,0,0
2203,1,0,1,1,0,1,1,1,1,1,1,1
2204,1,1,1,0,0,1,1,0,0,1,0,0
2205,0,0,1,1,0,1,0,0,1,0,0,0
2206,1,1,1,1,1,1,1,1,1,1,1,1
2207,1,1,1,1,0,1,0,0,1,1,1,1
2208,1,1,1,1,1,1,1,1,1,1,1,0
2209,1,1,1,0,0,0,1,1,0,1,1,1
2210,0,0,1,0,0,1,1,0,0,0,0,0
2211,0,0,1,0,0,1,1,0,0,0,1,0
2212,1,1,1,1,1,1,1,1,1,1,1,1
2213,1,1,1,1,1,1,1,1,1,1,1,1
2214,1,1,1,1,0,1,1,1,1,1,1,0
2215,1,1,1,1,0,1,1,1,1,1,1,1
2216,0,0,1,1,0,1,1,1,0,1,0,1
2217,1,1,1,1,0,1,1,1,1,1,1,1
2218,1,1,1,1,1,1,1,1,1,1,1,0
2219,0,0,1,1,0,0,0,1,0,1,0,0
2220,1,0,1,1,0,0,1,1,1,1,1,1
2221,1,1,1,1,0,1,1,0,1,0,1,1
2222,0,1,0,0,1,1,0,0,0,0,0,0
2223,1,0,1,1,0,1,1,1,1,1,0,1
2224,1,1,1,1,1,1,0,0,1,1,0,0
2225,1,1,1,1,0,1,1,0,1,1,0,1
2226,1,1,1,1,1,1,1,1,1,1,0,0
2227,0,0,0,0,0,1,0,0,0,0,0,0
2228,1,0,1,1,1,1,1,1,1,1,1,1
2229,1,1,1,1,1,1,1,1,1,1,0,1
2230,1,1,1,1,1,1,1,1,1,1,0,1
2231,1,1,1,1,1,1,1,1,1,1,1,1
2232,1,1,1,1,0,1,1,1,1,1,1,1
2233,1,1,1,1,0,1,1,1,1,0,0,1
2234,1,1,1,1,1,1,1,1,1,1,0,1
2235,1,1,1,1,1,1,1,0,1,1,1,1
2236,0,0,0,1,1,0,0,0,0,0,0,1
2237,1,1,1,1,1,1,1,1,1,1,1,1
2238,1,1,1,1,1,1,1,1,1,1,1,1
2239,1,1,1,1,1,1,1,1,1,1,1,1
2240,1,1,1,1,1,1,1,1,1,0,0,0
2241,1,0,1,1,0,1,1,0,1,0,0,0
2242,1,1,1,1,1,1,1,0,1,1,0,1
2243,1,1,1,0,1,1,1,1,1,1,0,1
2244,1,1,1,1,1,1,1,1,1,1,1,1
2245,1,1,1,1,1,1,1,1,1,1,1,1
2246,1,1,1,1,1,1,1,1,1,1,0,0
2247,1,1,1,0,0,1,1,1,1,0,0,1
2248,1,1,1,1,0,1,1,1,0,1,1,0
2249,1,1,1,1,1,1,1,0,1,1,1,1
2250,1,1,1,1,1,1,1,0,1,1,0,0
2251,1,1,1,1,1,1,1,0,1,1,1,1
2252,1,1,1,1,1,1,1,0,1,1,0,1
2253,1,1,1,1,1,1,1,1,1,1,1,1
2254,1,1,0,1,1,0,0,0,0,0,1,0
2255,1,1,1,1,0,1,1,1,1,1,0,1
2256,1,0,0,1,0,1,0,1,0,1,0,1
2257,1,0,1,0,0,1,0,0,0,0,0,0
2258,0,0,0,0,1,0,0,0,0,0,0,0
2259,1,1,1,1,1,1,1,1,1,1,1,1
2260,1,1,1,1,1,1,1,1,1,1,1,1
2261,1,1,1,1,1,1,1,1,1,1,1,1
2262,1,1,1,1,0,1,1,1,1,1,1,1
2263,1,1,1,1,0,0,0,1,1,1,1,1
2264,1,0,0,0,0,0,1,1,1,1,0,0
2265,1,1,0,1,0,1,1,1,1,1,0,0
2266,0,1,1,1,0,1,1,1,1,0,1,0
2267,1,1,1,1,1,1,1,1,0,1,1,1
2268,1,1,1,1,1,1,1,1,1,1,0,1
2269,1,1,1,1,1,1,1,1,1,1,1,1
2270,0,0,0,0,0,0,0,0,0,0,0,0
2271,1,1,1,0,0,1,1,0,1,0,0,0
2272,0,0,0,0,0,0,0,1,0,1,0,1
2273,1,1,1,1,0,1,1,0,1,0,0,0
2274,1,1,1,1,1,1,1,1,1,0,1,1
2275,1,1,1,1,1,1,1,1,1,1,1,1
2276,0,0,1,0,0,1,1,0,1,1,0,1
2277,1,1,1,1,0,1,1,1,1,1,1,1
2278,1,1,1,1,0,1,1,0,1,1,0,0
2279,0,0,1,1,0,1,1,0,1,0,0,1
2280,1,1,1,1,0,1,1,0,1,1,1,0
2281,1,1,1,1,0,1,1,1,1,0,0,0
2282,1,1,1,1,1,1,1,1,1,1,1,1
2283,1,1,1,1,1,1,1,1,1,1,1,1
2284,1,1,1,1,1,1,1,1,1,1,1,1
2285,1,1,1,1,1,1,1,1,1,1,1,1
2286,1,0,1,0,0,1,1,1,1,0,1,0
2287,1,0,1,1,0,1,1,1,1,1,1,1
2288,1,1,1,1,0,1,1,1,1,1,1,1
2289,0,0,1,1,0,1,1,0,0,1,0,0
2290,1,1,1,1,1,1,1,1,1,1,1,0
2291,0,0,1,1,0,1,0,1,1,1,0,0
2292,0,1,1,0,1,0,1,0,1,0,1,0
2293,0,0,1,0,0,1,0,1,0,0,1,0
2294,1,0,1,1,1,1,1,1,1,1,1,1
2295,1,1,1,1,1,1,1,1,1,1,1,1
2296,1,1,1,1,1,1,1,1,1,1,0,1
2297,1,0,1,1,0,1,1,0,1,0,1,0
2298,1,0,1,1,0,1,1,0,0,0,0,0
2299,1,1,1,1,1,1,1,1,1,1,1,1
2300,1,0,1,1,0,1,1,0,1,1,0,1
2301,1,1,1,1,0,1,1,1,1,1,1,1
2302,1,1,1,1,1,1,1,1,1,1,1,1
2303,1,1,1,1,0,1,1,1,1,1,1,1
2304,1,0,1,1,1,1,1,1,1,1,1,1
2305,1,1,1,1,0,1,1,1,1,1,1,1
2306,1,1,1,1,1,1,1,1,1,1,1,1
2307,1,1,1,1,1,1,1,0,1,0,0,1
2308,0,0,1,1,1,1,1,1,0,0,0,1
2309,1,1,1,1,0,1,1,1,1,1,0,0
2310,1,1,1,1,1,1,1,1,1,0,0,1
2311,1,0,1,1,0,1,1,0,0,0,0,1
2312,1,1,1,1,1,1,1,0,0,1,1,0
2313,1,1,1,1,1,1,1,1,1,1,1,1
2314,1,0,1,1,0,1,1,1,1,1,0,1
2315,1,1,1,1,0,1,0,0,1,1,0,0
2316,1,1,1,1,1,1,1,1,1,1,1,1
2317,1,1,1,1,1,1,0,1,0,1,1,0
2318,1,1,1,1,1,1,1,1,1,1,0,0
2319,0,1,1,1,0,1,1,1,0,1,0,1
2320,0,1,0,0,1,0,1,0,0,0,0,0
2321,1,1,1,1,1,1,1,1,1,1,1,0
2322,1,1,1,1,1,1,1,1,1,1,0,0
2323,1,1,1,1,1,1,1,1,1,1,1,1
2324,1,1,1,1,1,1,1,1,1,1,1,1
2325,1,1,1,1,0,1,1,1,1,1,1,1
2326,1,1,1,1,0,1,1,1,1,1,0,1
2327,1,0,1,1,1,1,0,0,0,1,1,1
2328,1,1,1,1,1,1,1,1,1,1,1,1
2329,1,1,1,1,1,1,1,1,1,1,1,1
2330,1,1,1,1,0,1,1,1,1,1,1,1
2331,0,0,0,0,0,0,0,0,0,0,0,0
2332,1,1,1,1,1,1,1,1,1,1,1,0
2333,1,1,1,1,1,1,1,1,0,1,1,1
2334,1,1,1,1,0,1,1,0,1,1,0,1
2335,0,1,1,1,0,1,0,0,0,0,0,1
2336,1,1,1,1,0,1,1,0,1,0,0,1
2337,0,1,1,1,0,1,1,1,1,0,0,0
2338,1,1,1,1,0,1,1,1,1,1,1,0
2339,1,1,1,1,1,1,1,1,1,1,1,1
2340,1,1,1,1,0,1,1,0,1,1,0,0
2341,1,1,1,1,1,1,1,1,1,1,1,1
2342,1,1,1,1,0,1,1,0,1,0,0,0
2343,1,1,1,1,1,1,1,1,1,1,1,0
2344,0,1,1,0,0,1,0,0,0,0,0,0
2345,1,1,1,1,1,1,1,1,1,1,1,1
2346,1,1,1,1,0,1,1,0,1,1,1,0
2347,0,0,1,1,0,1,0,0,0,1,0,1
2348,1,1,1,0,0,1,1,1,0,1,0,0
2349,0,0,0,0,0,0,0,1,0,0,1,1
2350,0,0,0,0,0,0,0,0,0,0,0,0
2351,1,1,1,1,1,1,1,1,1,1,1,1
2352,1,1,1,1,1,1,1,1,1,1,1,1
2353,1,1,1,1,1,1,1,1,1,1,0,1
2354,1,1,1,1,1,1,1,1,1,1,1,1
2355,1,0,1,1,0,1,1,0,1,0,0,0
2356,1,1,1,1,1,1,1,1,1,1,1,0
2357,1,1,1,1,1,1,1,1,1,1,1,1
2358,1,1,1,1,0,1,1,1,1,1,0,1
2359,0,1,0,0,0,0,1,1,1,0,0,1
2360,0,0,1,0,0,1,0,0,1,1,0,0
2361,0,1,1,1,1,1,1,1,1,1,1,1
2362,1,0,1,1,1,1,1,1,1,1,1,1
2363,1,0,1,1,1,1,1,1,1,1,1,1
2364,1,0,0,0,0,1,0,0,0,0,0,0
2365,1,0,1,1,0,1,1,0,1,0,0,0
2366,1,0,1,0,0,1,0,0,0,0,0,0
2367,0,1,1,1,1,1,1,0,1,0,1,0
2368,0,0,0,0,0,0,0,0,0,0,0,0
2369,1,1,1,1,1,1,1,0,1,1,1,1
2370,1,1,1,1,1,1,1,1,1,1,0,1
2371,0,1,1,1,1,1,1,1,1,1,1,1
2372,0,0,0,0,0,0,0,0,0,0,0,0
2373,1,1,1,1,1,1,1,1,1,1,1,1
2374,1,1,1,1,0,1,0,0,1,1,1,0
2375,1,1,0,1,1,0,1,1,1,1,1,1
2376,1,1,1,1,1,1,1,1,1,1,1,1
2377,1,1,1,1,1,1,1,1,1,1,1,1
2378,1,1,1,1,0,1,1,1,1,1,1,1
2379,1,1,1,1,0,1,1,1,1,1,1,0
2380,1,1,1,0,0,1,1,1,0,1,1,1
2381,1,1,1,1,1,1,1,1,1,1,1,1
2382,1,1,1,1,1,1,1,1,1,1,0,1
2383,1,1,1,0,1,1,1,1,1,1,1,1
2384,1,1,1,1,1,1,1,1,1,0,1,1
2385,1,1,1,1,0,1,1,1,1,1,0,1
2386,1,1,1,1,0,1,1,1,1,1,0,0
2387,1,1,1,1,1,1,1,1,1,1,1,1
2388,1,1,1,1,1,1,1,0,0,1,0,0
2389,1,1,1,1,1,1,1,1,1,1,1,1
2390,1,1,1,1,1,1,1,1,1,1,1,1
2391,1,0,1,0,0,0,1,0,1,0,0,0
2392,0,0,1,0,0,1,0,0,0,0,0,0
2393,0,1,1,1,1,1,1,0,1,0,0,0
2394,1,1,0,1,1,0,1,1,1,1,0,1
2395,1,1,1,1,1,1,1,1,1,1,1,1
2396,1,1,1,1,0,1,0,0,0,1,0,0
2397,1,1,1,1,0,1,1,1,1,1,0,0
2398,1,1,1,1,1,1,1,1,1,1,1,1
2399,1,1,1,0,1,1,1,1,1,1,0,0
2400,1,1,1,1,0,1,1,1,1,1,1,1
2401,1,1,1,1,1,1,0,0,1,0,1,0
2402,0,0,0,0,0,0,0,0,0,0,0,0
2403,1,1,1,1,1,1,1,1,1,1,1,1
2404,0,1,1,1,1,1,1,0,1,1,1,0
2405,1,1,1,1,0,1,1,0,0,0,0,0
2406,1,1,1,1,1,1,1,1,1,1,1,1
2407,0,1,1,1,1,1,1,0,0,0,1,0
2408,1,1,1,1,1,1,1,1,1,1,1,1
2409,1,1,1,1,1,1,1,1,1,1,1,1
2410,1,1,1,1,0,1,1,1,1,0,1,1
2411,1,1,1,1,0,1,1,1,1,0,1,0
2412,1,1,1,1,1,1,1,1,1,1,1,1
2413,1,1,1,1,0,1,1,1,1,1,0,0
2414,1,0,1,1,1,1,1,1,1,1,1,1
2415,1,1,1,1,1,1,1,1,1,1,1,1
2416,0,0,0,1,0,0,0,0,0,0,0,0
2417,0,0,1,1,0,0,0,0,1,1,0,0
2418,0,0,0,0,0,0,0,0,0,0,0,0
2419,1,1,1,1,1,1,1,0,1,0,0,1
2420,1,1,1,1,1,1,1,1,1,1,1,1
2421,1,1,1,1,1,1,1,1,1,1,1,1
2422,1,0,0,0,0,1,0,0,0,0,1,0
2423,1,1,1,1,1,1,0,1,0,1,1,1
2424,1,1,1,1,1,1,1,1,1,1,1,1
2425,1,1,1,1,1,1,1,1,1,1,0,0
2426,1,0,1,0,0,0,0,1,0,0,0,0
2427,1,1,1,1,0,1,1,1,1,1,1,1
2428,1,1,1,1,0,1,1,1,1,1,1,1
2429,0,0,0,0,0,0,0,0,1,0,1,1
2430,1,1,1,1,1,1,1,1,1,1,0,1
2431,1,0,1,0,0,0,0,0,1,0,0,0
2432,1,1,1,0,0,1,0,0,1,1,0,0
2433,0,1,0,0,0,0,0,1,0,0,1,1
2434,1,1,1,1,1,1,0,1,1,1,1,1
2435,0,1,1,0,0,1,1,0,0,0,0,0
2436,1,1,1,1,0,1,1,1,1,1,0,1
2437,1,1,1,1,1,1,1,1,0,1,0,1
2438,1,1,1,1,1,1,1,1,1,1,1,0
2439,0,0,0,0,0,0,0,0,0,0,0,1
2440,1,1,1,1,1,1,1,1,1,1,1,1
2441,1,1,1,0,0,1,1,0,1,1,0,1
2442,1,1,1,1,1,1,1,1,1,1,0,1
2443,1,1,1,1,1,1,1,1,1,1,1,1
2444,1,1,1,1,1,0,1,0,1,0,0,0
2445,0,0,0,0,0,1,1,0,0,1,0,0
2446,1,1,1,1,1,1,1,1,1,1,0,1
2447,1,1,1,1,1,0,1,0,1,0,1,1
2448,0,1,0,0,0,0,1,0,0,0,0,0
2449,1,1,0,1,0,0,0,1,0,1,1,1
2450,1,1,1,1,1,1,1,0,1,1,0,0
2451,1,1,1,1,1,1,1,0,1,1,0,0
2452,0,0,0,0,0,0,0,0,0,0,0,1
2453,1,1,1,1,0,1,0,1,0,0,0,1
2454,1,1,1,1,1,1,1,1,1,1,0,1
2455,1,1,1,1,1,1,1,1,1,0,1,1
2456,1,0,0,1,0,1,0,0,0,0,0,0
2457,1,1,1,1,0,1,1,1,1,1,0,1
2458,1,1,1,1,1,1,1,1,1,1,1,1
2459,1,1,1,1,1,1,1,1,1,1,1,1
2460,0,1,1,0,0,1,0,0,0,0,0,0
2461,0,0,0,0,0,0,0,1,0,0,0,1
2462,1,1,0,1,0,1,1,0,0,0,0,0
2463,0,1,1,1,0,1,0,0,0,0,0,0
2464,1,0,1,1,0,1,1,1,1,1,1,0
2465,0,1,1,1,0,1,0,0,1,1,0,0
2466,1,1,1,1,1,1,1,1,1,1,1,1
2467,1,1,1,1,1,1,1,1,1,1,1,1
2468,1,1,1,1,1,1,1,1,1,1,0,1
2469,1,1,1,1,0,1,1,1,1,1,1,1
2470,1,1,1,1,1,0,1,1,1,0,1,1
2471,1,1,1,1,1,0,1,1,1,1,0,0
2472,1,1,0,0,0,1,1,0,1,0,0,0
2473,1,1,1,1,1,1,1,1,1,1,1,1
2474,1,1,0,1,1,1,1,0,0,0,1,0
2475,1,1,1,1,0,1,1,0,0,1,0,0
2476,0,0,0,0,0,0,0,0,1,0,0,0
2477,1,1,1,1,1,1,1,1,1,1,1,1
2478,0,0,1,0,0,1,0,0,0,0,0,0
2479,1,1,1,1,1,1,1,1,1,1,1,1
2480,1,1,1,1,1,1,1,1,1,1,0,0
2481,1,1,1,1,1,1,1,1,1,1,1,1
2482,1,1,1,0,1,0,1,1,1,1,0,1
2483,1,1,1,1,1,1,1,0,0,0,0,0
2484,1,1,1,1,1,1,1,1,1,1,1,1
2485,1,1,1,1,0,1,1,1,1,1,0,1
2486,1,1,1,1,1,1,1,1,1,0,0,0
2487,1,1,1,1,1,1,1,1,1,1,1,1
2488,1,1,1,0,1,1,1,1,1,1,1,1
2489,0,0,1,0,1,1,0,0,0,0,1,0
2490,1,1,1,1,1,1,1,1,1,1,1,1
2491,1,1,1,1,1,1,1,1,1,1,1,1
2492,0,0,1,0,0,1,0,1,0,0,1,0
2493,1,1,1,1,0,1,1,1,1,1,1,1
2494,0,1,1,0,0,1,0,0,1,0,0,0
2495,0,1,1,0,0,1,1,1,0,1,1,0
2496,1,1,1,1,1,1,1,1,1,1,1,1
2497,1,1,1,1,1,1,1,0,1,1,0,1
2498,1,1,1,1,1,1,1,1,1,1,1,1
2499,1,1,1,1,1,1,1,1,1,1,0,0
2500,1,1,1,1,1,1,1,1,1,1,1,1
2501,1,1,1,0,0,1,0,0,1,0,0,0
2502,1,1,1,1,0,1,1,1,1,1,1,0
2503,1,1,1,1,1,1,1,1,1,1,1,1
2504,1,1,1,1,1,1,1,1,0,0,0,0
2505,1,1,1,1,0,1,0,1,0,1,0,0
2506,1,1,1,1,1,1,1,1,0,0,1,1
2507,0,0,0,0,0,0,0,0,0,0,0,0
2508,1,0,1,1,0,0,1,0,1,0,0,0
2509,0,0,0,0,1,0,0,0,0,1,1,0
2510,0,0,0,0,0,1,0,0,0,0,0,0
2511,1,1,1,1,1,1,1,1,1,1,1,1
2512,0,0,0,0,0,0,0,0,0,0,0,0
2513,1,1,1,0,0,1,0,0,1,1,0,0
2514,1,1,1,1,1,1,1,1,0,1,0,0
2515,0,1,1,1,0,0,1,0,0,1,1,1
2516,0,0,0,0,0,0,0,0,0,0,0,0
2517,1,0,1,1,1,1,1,0,0,0,1,1
2518,1,1,1,1,1,1,1,1,0,1,0,1
2519,1,1,1,1,1,1,1,1,1,1,1,1
2520,1,1,1,1,1,1,1,0,1,1,0,1
2521,1,0,0,0,0,0,0,0,1,1,0,0
2522,1,1,1,1,1,1,0,1,1,1,0,1
2523,1,1,1,0,0,1,1,0,0,0,1,1
2524,1,1,1,1,1,1,1,1,1,1,1,1
2525,1,1,1,1,0,1,1,0,1,1,0,0
2526,1,0,1,0,0,1,1,1,1,0,1,1
2527,1,1,0,0,0,0,1,1,1,1,0,1
2528,0,1,1,0,1,0,1,1,0,0,1,0
2529,0,0,1,0,0,1,0,0,0,0,0,0
2530,1,1,1,1,1,1,1,1,1,1,1,1
2531,1,1,1,1,1,1,1,1,1,1,1,1
2532,1,1,1,0,0,1,1,1,1,1,0,1
2533,1,1,1,1,0,1,1,1,1,1,1,1
2534,0,0,1,0,0,1,0,0,1,0,0,0
2535,1,1,1,0,0,1,1,0,0,1,0,0
2536,1,1,1,1,1,1,1,1,1,1,1,1
2537,1,0,1,1,1,1,0,0,1,0,1,0
2538,1,0,1,1,1,1,1,1,1,1,1,1
2539,1,1,1,1,1,1,1,1,1,1,1,1
2540,1,1,1,1,1,1,1,1,1,1,1,1
2541,1,1,1,1,1,1,1,1,1,1,1,1
2542,1,1,1,1,0,1,1,1,1,1,1,0
2543,1,1,1,1,1,1,1,1,1,0,1,1
2544,1,0,1,1,1,0,1,1,0,0,0,0
2545,0,0,0,0,0,0,0,0,0,0,0,0
2546,1,1,1,1,0,1,1,1,1,1,0,1
2547,1,0,1,1,0,1,1,0,1,0,1,1
2548,1,0,1,1,0,1,1,1,1,1,1,0
2549,1,0,0,0,0,0,0,0,0,0,1,1
2550,1,1,1,1,1,1,1,1,1,1,1,1
2551,0,0,1,0,0,1,1,0,1,0,1,0
2552,1,1,1,1,1,1,1,1,1,1,1,1
2553,1,1,1,1,1,1,1,0,1,1,1,1
2554,1,1,1,1,1,1,1,1,1,1,1,1
2555,1,1,1,0,0,1,1,1,1,0,1,0
2556,1,1,1,1,1,1,1,1,1,1,1,1
2557,1,0,1,1,1,1,1,1,1,0,1,1
2558,1,0,1,1,0,1,0,0,1,0,1,0
2559,1,1,1,1,1,1,1,1,1,1,1,1
2560,1,1,1,1,1,1,1,0,1,1,0,0
2561,0,0,1,1,0,0,0,1,1,0,0,1
2562,0,0,0,0,0,0,0,0,0,0,0,0
2563,1,1,1,0,0,1,1,1,1,1,0,0
2564,1,1,1,1,0,1,1,1,1,1,0,0
2565,1,1,1,1,1,1,1,1,1,1,0,1
2566,0,1,1,1,1,1,1,1,0,1,1,1
2567,1,0,1,1,0,1,0,0,0,1,0,0
2568,0,0,0,0,1,0,0,0,0,0,0,0
2569,1,1,1,1,0,1,1,1,1,1,1,0
2570,0,0,0,0,0,0,1,1,1,1,1,1
2571,1,1,1,0,1,1,0,0,0,0,0,0
2572,1,1,1,0,1,1,1,1,1,1,1,0
2573,1,1,1,1,1,1,1,1,1,1,0,1
2574,1,1,1,1,1,1,1,1,1,1,1,1
2575,1,1,1,1,1,1,1,1,1,1,1,1
2576,0,1,0,0,1,0,1,1,0,1,1,1
2577,1,1,1,1,1,1,1,1,0,1,0,1
2578,1,1,1,1,1,1,1,1,1,1,1,1
2579,1,1,1,1,0,1,1,1,1,1,1,1
2580,1,1,1,0,0,1,1,0,1,1,0,1
2581,1,1,1,1,0,1,1,1,1,1,0,1
2582,1,1,0,0,0,0,0,0,0,0,0,0
2583,0,1,1,1,0,1,1,0,1,1,0,1
2584,1,1,1,1,0,1,1,1,1,1,1,1
2585,1,0,1,1,1,1,1,0,1,1,1,1
2586,1,1,1,1,0,1,1,1,1,1,1,1
2587,1,0,1,1,1,1,1,1,1,1,1,1
2588,1,1,1,1,1,1,1,1,1,1,1,0
2589,0,1,0,1,1,1,1,1,1,0,1,1
2590,1,1,1,1,1,1,1,1,1,1,1,1
2591,0,0,0,0,0,0,0,0,0,0,0,0
2592,1,0,1,1,1,1,1,1,1,1,1,1
2593,1,1,1,1,1,1,1,1,1,1,0,1
2594,1,1,1,1,1,1,1,1,1,1,0,1
2595,1,0,1,1,1,1,1,1,1,1,0,1
2596,1,1,1,1,1,1,1,1,1,1,1,1
2597,1,1,1,1,0,1,1,1,1,1,1,1
2598,0,0,0,0,0,0,1,0,0,0,0,0
2599,1,1,1,1,1,1,1,1,1,1,1,1
2600,1,1,1,1,1,1,1,0,1,1,1,1
2601,0,1,1,0,0,1,0,1,1,1,1,1
2602,1,1,1,1,1,1,1,0,1,0,1,0
2603,0,1,1,0,0,1,1,0,0,0,0,0
2604,1,0,1,0,0,0,1,1,0,0,0,1
2605,1,0,0,0,0,0,1,0,0,0,0,1
2606,1,1,1,1,1,1,1,1,1,1,1,1
2607,1,1,1,1,1,1,1,1,1,1,0,1
2608,1,1,1,1,1,1,1,1,1,1,1,1
2609,1,1,1,1,0,1,0,0,1,0,1,1
2610,1,1,1,1,1,1,1,1,1,1,1,0
2611,1,1,1,1,1,1,1,1,1,1,1,1
2612,1,1,1,1,1,1,1,1,1,1,1,1
2613,0,1,1,0,0,0,1,1,1,1,1,1
2614,1,1,1,1,1,1,1,1,1,1,0,0
2615,1,1,1,1,1,1,1,1,1,1,1,0
2616,1,0,1,1,0,1,1,0,1,1,0,1
2617,0,0,0,0,0,0,1,1,1,0,0,0
2618,1,1,1,1,0,1,1,1,1,1,1,1
2619,1,0,1,1,1,1,1,0,1,0,1,1
2620,1,1,1,1,1,1,1,1,1,1,0,1
2621,1,1,1,1,0,1,1,1,1,0,1,0
2622,0,0,0,0,0,0,0,0,0,0,0,0
2623,1,1,1,1,1,1,1,1,1,1,1,1
2624,1,1,1,1,1,1,1,1,1,1,1,1
2625,1,0,1,0,0,1,0,0,1,1,0,0
2626,1,1,1,1,1,1,1,1,1,1,0,0
2627,1,0,1,1,1,1,1,0,1,1,1,0
2628,1,1,1,1,1,1,1,1,1,1,1,1
2629,1,1,1,1,1,1,1,1,1,1,1,1
2630,1,0,1,1,0,1,1,0,1,0,0,1
2631,1,1,1,1,1,1,1,1,1,1,1,1
2632,1,1,1,1,0,1,1,1,1,1,1,1
2633,1,1,1,1,1,1,1,1,1,1,1,1
2634,0,0,1,0,0,0,1,0,1,0,0,0
2635,1,0,1,1,1,1,1,1,1,1,1,1
2636,0,0,0,0,0,0,0,0,0,0,0,0
2637,1,1,1,1,1,1,1,1,1,1,1,1
2638,0,0,0,0,0,1,0,1,0,0,0,0
2639,0,0,0,0,0,0,0,0,0,0,0,0
2640,1,1,1,1,0,1,1,1,1,1,1,1
2641,1,0,1,1,1,1,1,1,1,1,1,1
2642,1,1,1,0,0,1,1,1,0,0,0,0
2643,1,0,1,1,0,1,1,1,1,1,0,0
2644,1,1,1,1,1,1,1,1,1,1,1,1
2645,1,1,1,1,0,1,1,1,1,1,1,0
2646,1,1,1,0,1,1,1,1,1,1,1,1
2647,1,1,1,1,1,1,1,1,1,1,1,0
2648,1,1,1,1,1,1,1,1,1,1,1,1
2649,1,1,1,1,1,1,1,1,1,1,1,1
2650,1,1,1,1,1,1,1,1,1,1,1,1
2651,1,1,1,1,1,1,1,1,1,1,1,1
2652,1,1,1,1,1,1,1,1,1,1,0,1
2653,1,1,1,1,0,1,1,1,1,1,1,1
2654,1,1,1,1,1,1,1,1,1,1,1,1
2655,1,1,1,0,0,0,1,1,0,1,1,0
2656,1,0,1,1,1,1,1,1,1,1,1,0
2657,1,0,0,1,0,1,0,0,0,0,0,0
2658,0,1,0,0,0,0,1,0,0,0,0,0
2659,1,1,1,1,1,1,1,1,1,1,1,1
2660,1,1,1,1,0,1,1,1,1,1,0,0
2661,1,1,1,1,0,1,1,1,1,0,1,1
2662,1,1,1,1,1,1,1,1,1,1,1,1
2663,1,1,1,0,1,0,1,0,1,0,1,0
2664,1,1,1,1,0,1,1,1,1,1,0,0
2665,1,1,1,1,0,1,1,1,1,1,0,1
2666,1,1,1,1,0,1,1,1,1,0,0,0
2667,1,1,1,0,0,1,1,0,1,1,1,0
2668,0,0,0,0,1,1,0,0,0,0,1,0
2669,1,1,1,1,1,1,1,1,0,1,1,1
2670,0,1,1,1,0,1,1,1,1,1,1,1
2671,1,1,1,1,1,1,1,1,1,1,1,1
2672,0,0,1,1,0,1,1,0,0,1,0,0
2673,0,0,0,0,1,1,0,0,0,0,0,0
2674,1,1,1,1,1,1,1,1,1,1,1,1
2675,1,1,1,1,1,1,1,1,1,1,1,1
2676,1,1,1,1,1,1,1,1,1,1,1,1
2677,1,0,1,1,0,1,1,1,1,1,0,1
2678,0,0,1,0,0,0,0,0,0,0,0,0
2679,1,0,1,1,0,1,0,0,0,0,0,0
2680,1,0,1,1,0,1,1,1,0,1,1,1
2681,1,1,1,1,0,1,1,1,1,1,0,0
2682,1,1,1,1,1,1,1,0,1,1,1,0
2683,0,1,1,0,0,1,0,0,0,0,0,0
2684,0,1,1,1,1,1,1,1,1,1,1,1
2685,1,1,1,1,1,1,1,1,1,1,1,1
2686,1,1,1,1,1,1,1,1,1,1,1,0
2687,1,1,1,1,1,1,1,1,1,1,0,0
2688,1,1,1,1,1,1,1,1,1,1,1,1
2689,1,1,1,1,1,1,1,1,1,1,1,1
2690,1,1,1,1,1,1,1,1,1,1,0,0
2691,0,1,1,1,0,1,1,0,1,1,1,1
2692,1,1,1,1,1,1,1,1,1,1,1,1
2693,1,0,1,1,0,1,0,1,1,0,0,1
2694,1,1,1,1,0,1,1,1,1,1,1,1
2695,1,1,1,1,0,1,1,1,1,1,1,1
2696,1,0,1,0,1,0,0,0,1,0,0,0
2697,1,1,1,1,1,1,1,1,1,1,1,1
2698,1,1,1,1,1,1,1,1,1,0,1,1
2699,1,1,1,1,0,1,1,1,1,1,1,1
2700,1,1,1,1,1,1,1,0,0,0,0,0
2701,1,1,1,1,1,1,1,1,1,1,1,1
2702,0,0,1,0,0,0,0,0,0,0,0,0
2703,0,0,1,1,0,1,1,0,0,1,0,0
2704,1,1,1,1,1,1,1,1,1,1,0,1
2705,1,1,1,1,0,1,1,1,1,1,1,0
2706,0,1,1,0,1,1,1,1,1,1,1,1
2707,1,0,1,0,0,1,1,1,1,1,0,1
2708,1,1,1,1,0,1,1,1,1,1,0,0
2709,0,0,1,1,0,1,1,1,1,0,0,1
2710,1,1,1,1,1,1,1,1,1,1,1,0
2711,1,1,1,0,0,0,1,1,0,0,0,1
2712,0,0,0,0,0,0,0,0,0,0,0,0
2713,1,1,1,1,1,1,1,1,1,1,1,1
2714,1,1,1,1,0,1,1,1,0,1,0,1
2715,1,1,1,1,0,1,1,1,1,1,0,0
2716,1,1,1,1,1,1,1,1,1,1,1,1
2717,0,0,1,1,0,1,0,1,0,1,0,0
2718,1,1,1,1,0,1,0,0,0,0,0,0
2719,1,0,1,1,0,1,1,1,1,1,0,1
2720,1,1,1,1,0,1,1,1,1,1,1,1
2721,1,0,1,1,1,1,1,1,1,1,1,1
2722,1,1,1,1,0,1,1,1,1,1,0,0
2723,1,0,1,0,1,1,0,0,0,0,0,0
2724,0,0,0,0,0,0,0,0,0,0,0,0
2725,1,1,1,1,1,1,1,1,1,1,0,0
2726,1,1,1,1,1,1,1,1,1,1,0,1
2727,0,1,0,1,0,0,0,0,0,0,0,0
2728,1,1,1,1,1,1,1,1,1,1,1,1
2729,1,1,1,0,0,1,1,1,1,0,0,0
2730,1,1,1,1,1,1,1,1,1,1,1,1
2731,1,1,1,1,0,1,1,1,1,1,1,1
2732,1,1,1,1,1,1,1,1,1,1,1,1
2733,1,1,1,1,1,1,1,1,1,1,1,1
2734,1,1,1,1,1,1,1,1,1,1,1,1
2735,1,1,1,1,0,1,1,0,1,1,1,1
2736,0,0,1,0,0,1,0,0,1,0,0,0
2737,1,0,1,0,0,1,1,0,1,0,0,0
2738,1,1,1,1,1,1,1,1,1,1,1,1
2739,1,1,1,1,1,1,1,1,1,1,1,1
2740,1,1,1,1,0,1,1,0,1,1,0,0
2741,1,0,1,0,1,1,1,0,0,0,0,0
2742,1,1,0,1,0,0,1,1,1,1,1,1
2743,1,1,0,1,1,0,1,0,0,0,0,1
2744,1,1,1,1,0,1,1,1,0,1,1,1
2745,1,1,1,1,0,1,1,1,1,1,1,0
2746,0,1,1,1,0,1,0,0,0,0,0,0
2747,1,0,1,1,0,1,1,0,1,0,0,0
2748,1,0,1,0,0,1,1,0,0,1,0,0
2749,1,1,1,1,1,1,1,1,1,1,1,1
2750,1,1,1,1,1,1,1,1,1,1,1,1
2751,0,1,1,0,1,0,0,0,1,0,0,0
2752,1,0,1,1,1,1,1,0,0,0,0,0
2753,1,1,1,1,1,1,1,1,1,1,1,1
2754,1,1,1,1,1,1,1,1,1,1,1,1
2755,0,0,0,0,0,0,0,0,0,0,0,0
2756,1,1,1,1,0,1,0,0,0,0,0,0
2757,1,1,1,1,1,1,1,1,1,1,0,0
2758,1,1,1,1,1,1,1,1,1,1,1,1
2759,1,1,1,1,1,1,1,1,1,1,1,1
2760,1,1,1,0,1,1,1,1,1,1,1,1
2761,1,1,1,1,1,1,1,1,1,1,1,0
2762,1,1,1,0,0,1,1,0,0,1,0,0
2763,1,1,1,1,0,1,1,1,1,1,1,1
2764,1,1,1,1,0,1,1,1,1,1,1,1
2765,1,1,1,1,1,1,1,1,0,1,1,1
2766,1,1,1,1,1,1,1,1,1,1,1,1
2767,0,0,0,0,0,0,0,0,0,0,0,0
2768,0,0,1,0,1,0,1,0,1,1,0,0
2769,1,0,1,0,0,1,1,0,1,1,0,0
2770,1,1,1,1,0,1,1,1,1,1,1,1
2771,1,1,1,1,1,1,1,1,1,1,1,1
2772,0,0,0,0,0,0,0,0,0,0,0,0
2773,0,1,0,0,0,0,0,0,1,1,0,0
2774,1,1,1,0,1,1,0,0,0,0,1,1
2775,0,1,1,0,1,0,0,1,1,1,1,1
2776,1,1,1,1,1,1,1,1,1,1,1,1
2777,1,1,1,1,1,1,1,1,1,1,1,1
2778,1,1,1,1,1,1,1,1,1,1,1,1
2779,1,0,0,1,0,0,1,1,1,1,1,1
2780,1,1,1,1,1,1,1,1,1,1,1,1
2781,1,0,1,1,1,1,1,0,1,0,1,1
2782,1,1,1,1,1,1,1,1,1,0,1,1
2783,1,1,1,1,1,1,1,1,1,1,1,1
2784,0,1,1,0,0,1,0,0,0,0,1,0
2785,1,1,1,1,1,1,1,1,1,1,1,1
2786,1,1,1,1,1,1,1,1,1,1,0,1
2787,1,1,1,1,1,1,1,1,1,1,0,1
2788,1,1,0,1,1,0,1,1,1,1,1,1
2789,1,1,1,1,0,1,0,1,1,1,1,1
2790,1,1,1,0,1,1,1,1,1,1,1,1
2791,1,1,1,1,0,1,1,0,1,0,1,0
2792,1,1,1,1,1,1,1,1,1,1,1,1
2793,1,1,1,1,1,1,1,1,1,1,1,1
2794,1,1,1,1,1,1,1,1,1,1,1,0
2795,1,1,1,1,1,1,1,1,1,1,1,1
2796,1,0,1,1,1,1,1,1,1,1,1,1
2797,1,0,1,1,0,1,1,1,1,1,0,0
2798,1,0,1,1,0,1,1,1,0,0,0,0
2799,1,1,1,1,1,1,1,1,1,1,1,1
2800,1,1,1,1,1,1,1,1,1,1,1,1
2801,1,0,1,1,0,1,1,1,1,1,0,0
2802,0,1,1,0,1,1,1,1,1,1,1,1
2803,1,1,1,1,1,1,1,1,1,1,1,0
2804,0,0,1,1,1,1,0,0,0,1,0,0
2805,1,0,1,0,0,1,0,0,1,0,0,1
2806,1,1,1,1,0,1,1,1,1,1,1,1
2807,0,1,1,1,1,1,1,1,1,1,1,1
2808,1,1,1,1,0,1,1,1,1,1,1,1
2809,1,1,1,1,1,1,1,1,0,1,0,1
2810,1,1,1,1,1,1,1,1,1,1,0,1
2811,1,1,1,1,1,1,1,1,1,1,1,1
2812,1,1,1,1,0,1,1,1,1,1,0,1
2813,1,1,1,1,1,1,1,1,1,1,1,1
2814,1,1,1,0,0,1,0,0,0,0,0,0
2815,1,1,1,1,0,1,1,1,1,1,1,1
2816,1,1,1,0,0,1,1,1,1,0,0,0
2817,1,0,1,1,1,1,1,0,1,0,1,1
2818,0,0,0,0,0,0,0,0,0,0,0,0
2819,0,0,0,0,0,0,0,0,0,0,0,0
2820,1,1,1,1,0,1,1,1,1,1,0,0
2821,1,1,1,1,0,1,1,1,1,1,1,0
2822,0,0,1,1,1,1,1,1,1,1,1,0
2823,1,0,1,1,1,0,1,0,1,1,1,1
2824,1,0,1,1,0,1,1,1,1,1,1,1
2825,1,0,0,1,0,1,1,0,0,1,0,0
2826,1,1,1,1,0,1,1,1,1,1,1,1
2827,1,1,1,1,1,1,1,1,1,1,1,1
2828,0,1,1,1,0,1,1,0,0,0,0,0
2829,0,1,1,0,1,0,1,0,1,0,1,0
2830,1,1,1,1,1,1,1,0,1,1,1,1
2831,1,0,1,1,1,1,1,1,1,0,0,0
2832,1,0,1,1,0,1,0,0,1,0,0,0
2833,0,0,0,0,0,0,0,0,0,0,0,0
2834,1,1,1,1,1,1,1,1,1,1,1,1
2835,1,1,0,1,1,1,0,1,0,1,0,0
2836,1,1,1,1,0,1,1,0,1,0,0,0
2837,0,1,0,0,0,0,0,0,0,0,0,0
2838,0,1,0,0,0,1,0,0,0,1,0,0
2839,1,0,1,1,1,1,1,1,1,1,1,1
2840,0,0,1,0,0,1,0,0,1,0,0,0
2841,1,1,1,1,1,1,1,1,1,1,1,1
2842,1,1,1,1,0,1,1,1,1,1,1,1
2843,1,1,1,1,0,1,1,1,1,1,1,1
2844,1,1,1,1,1,1,1,1,1,1,0,0
2845,1,1,1,1,1,1,1,1,1,1,1,1
2846,0,0,0,0,0,0,0,0,0,0,0,0
2847,1,1,1,1,1,1,1,0,1,1,0,1
2848,1,1,1,1,1,1,1,1,1,1,1,1
2849,1,1,1,1,1,1,1,1,1,1,1,1
2850,1,0,0,0,1,0,1,0,1,0,1,0
2851,1,1,1,1,1,1,1,0,1,1,0,0
2852,1,1,1,1,1,1,1,1,1,1,1,1
2853,1,1,1,1,0,1,1,1,1,1,1,1
2854,1,1,1,1,0,1,1,0,0,1,1,1
2855,1,1,1,1,0,1,1,1,1,1,0,0
2856,1,1,1,1,0,1,1,1,1,1,1,1
2857,1,1,1,1,0,1,1,1,1,0,1,1
2858,1,1,1,1,0,1,1,0,1,0,0,0
2859,1,1,1,1,1,1,1,1,1,1,1,1
2860,0,0,1,1,0,1,0,1,1,1,1,1
2861,1,1,1,1,1,1,1,1,1,1,1,1
2862,1,1,1,1,0,1,1,0,1,0,1,0
2863,1,0,1,1,1,1,1,1,1,1,1,1
2864,1,0,1,1,0,1,1,1,1,1,1,1
2865,1,1,1,0,0,0,1,1,1,1,1,1
2866,1,1,1,1,1,1,1,1,1,1,1,0
2867,0,1,1,1,1,1,1,1,0,0,1,1
2868,1,1,1,1,1,1,1,1,1,1,1,1
2869,1,0,1,1,0,1,1,0,1,0,0,0
2870,1,0,1,1,1,1,1,1,1,0,1,1
2871,1,1,1,0,0,1,1,1,1,0,0,1
2872,1,1,1,1,1,1,1,1,1,1,0,1
2873,1,1,1,1,1,1,1,0,1,0,0,1
2874,1,1,1,1,1,1,1,1,1,1,1,1
2875,0,1,0,0,1,1,0,0,0,0,0,0
2876,1,1,1,1,0,1,1,1,1,1,1,1
2877,1,0,1,1,1,1,1,0,1,1,1,1
2878,1,0,1,1,0,1,1,1,1,1,1,1
2879,1,1,1,1,1,1,1,1,1,1,1,1
2880,0,0,1,0,1,1,0,0,1,0,1,1
2881,1,1,1,1,1,1,1,1,1,1,1,1
2882,1,1,1,1,1,1,1,1,1,1,1,0
2883,0,0,0,0,0,0,0,0,0,0,0,0
2884,1,1,1,1,1,1,1,1,1,1,0,0
2885,0,0,0,0,0,0,0,0,0,0,0,0
2886,1,1,1,0,0,1,1,0,0,0,0,0
2887,1,0,1,0,0,1,0,0,1,1,0,0
2888,1,1,1,1,1,1,1,0,1,1,0,0
2889,1,0,1,1,1,1,1,1,1,1,1,1
2890,1,1,1,1,1,1,1,1,1,1,1,1
2891,0,0,1,1,1,1,1,1,1,1,1,1
2892,1,1,1,1,1,1,1,0,1,1,1,1
2893,1,0,1,0,1,1,1,1,1,1,0,1
2894,1,1,1,1,1,1,1,1,1,1,1,1
2895,1,1,1,1,0,1,1,1,1,1,1,1
2896,0,0,1,0,0,1,0,0,0,0,0,0
2897,1,1,1,1,1,1,1,1,1,1,1,1
2898,1,0,1,1,1,1,1,1,1,0,1,1
2899,1,1,1,1,1,1,1,1,1,1,1,1
2900,0,0,1,0,0,1,0,0,0,0,0,0
2901,1,1,1,1,1,1,1,1,1,1,0,0
2902,1,1,1,1,1,1,1,1,1,1,1,0
2903,1,0,1,1,0,1,0,1,1,1,1,1
2904,1,1,1,1,0,1,1,1,1,1,0,1
2905,1,1,0,1,1,0,1,1,0,1,1,1
2906,1,1,1,0,0,1,1,0,1,1,0,0
2907,1,1,1,1,0,1,1,1,1,1,0,1
2908,1,0,1,1,0,1,1,1,1,1,0,0
2909,1,1,1,1,1,1,1,1,1,1,1,0
2910,0,1,1,0,0,1,0,0,0,0,0,0
2911,1,1,1,1,1,1,1,1,1,1,1,1
2912,0,0,0,0,1,1,0,0,1,1,1,1
2913,1,1,1,0,1,1,0,0,0,1,1,0
2914,1,1,1,0,0,1,1,1,1,1,1,0
2915,1,1,1,1,1,1,1,1,1,1,1,1
2916,1,0,1,1,0,1,1,1,1,1,0,0
2917,1,1,1,1,0,1,1,0,1,1,0,0
2918,1,1,1,1,0,1,1,1,1,0,0,0
2919,1,1,1,1,1,1,1,1,1,1,0,0
2920,1,1,1,1,1,1,1,1,1,1,1,1
2921,1,1,1,1,0,1,1,1,1,0,0,1
2922,1,1,1,1,0,1,1,1,1,0,0,0
2923,0,0,1,0,0,1,1,1,1,0,1,1
2924,1,1,1,1,1,1,1,1,1,1,0,1
2925,1,1,1,1,1,1,1,1,1,1,1,1
2926,1,1,1,1,1,1,1,1,1,1,1,1
2927,1,1,1,1,1,1,1,1,1,0,1,1
2928,1,1,0,1,1,1,0,1,1,0,1,1
2929,1,1,1,0,0,1,1,1,1,1,1,1
2930,1,0,1,1,1,1,1,1,0,1,1,1
2931,1,1,0,1,0,1,1,1,1,1,1,1
2932,1,0,1,1,0,1,1,0,0,0,0,0
2933,1,0,1,0,0,1,1,0,0,1,0,0
2934,1,1,1,0,0,1,0,0,1,1,0,0
2935,1,1,1,1,1,1,1,1,1,1,1,1
2936,1,1,1,1,0,1,0,1,1,0,0,0
2937,1,1,1,1,1,1,1,1,1,1,1,1
2938,1,1,1,1,1,1,1,0,1,1,1,0
2939,1,1,1,1,1,1,0,1,1,1,1,1
2940,1,0,1,0,0,1,0,0,1,0,0,0
2941,1,1,1,1,0,1,1,1,0,0,1,1
2942,0,1,1,1,0,1,1,0,1,0,1,1
2943,1,1,1,0,1,1,1,0,1,1,1,1
2944,1,1,1,1,1,1,1,1,1,1,1,1
2945,1,0,1,1,1,1,0,0,0,0,0,0
2946,0,0,0,0,0,0,1,0,0,1,0,0
2947,1,1,1,1,0,1,1,1,1,1,1,1
2948,0,0,1,1,0,1,1,0,1,0,0,1
2949,1,1,0,1,1,1,1,1,0,0,1,0
2950,1,1,1,1,1,1,1,1,1,1,1,1
2951,1,1,1,1,0,1,1,0,0,1,0,0
2952,1,1,1,1,1,1,1,1,1,1,1,1
2953,1,1,1,1,0,1,1,1,1,1,1,1
2954,1,1,1,1,1,1,1,0,1,1,1,1
2955,1,1,1,1,1,1,1,1,1,1,0,0
2956,1,1,0,1,1,0,1,1,1,1,0,1
2957,0,0,1,0,1,0,0,0,0,0,1,1
2958,0,0,0,1,1,1,0,0,0,0,0,0
2959,0,0,0,0,0,0,0,0,1,0,0,0
2960,0,0,0,1,0,0,0,0,0,0,0,0
2961,1,1,1,1,1,1,0,1,1,1,1,0
2962,1,1,1,1,1,1,1,1,1,1,1,1
2963,1,0,1,0,0,1,1,0,1,0,0,0
2964,1,1,1,1,1,1,1,1,1,1,1,1
2965,1,0,1,0,0,1,1,1,0,0,1,1
2966,1,1,1,1,0,1,0,0,0,0,1,0
2967,1,1,1,1,1,1,1,0,1,1,0,0
2968,1,1,1,1,1,1,1,0,1,1,1,0
2969,1,1,1,1,1,1,1,1,1,1,1,1
2970,1,1,1,1,0,1,1,0,1,1,0,0
2971,1,1,1,1,0,1,1,1,1,1,0,0
2972,1,1,1,1,1,1,1,1,1,0,1,0
2973,0,1,1,1,0,1,0,0,0,0,0,0
2974,0,1,0,0,0,0,1,0,1,1,0,1
2975,1,1,1,1,1,0,1,1,1,1,1,1
2976,1,0,0,0,0,0,0,0,0,0,0,0
2977,0,0,1,0,0,1,0,0,0,0,0,0
2978,1,1,1,1,0,1,1,0,1,1,1,1
2979,0,0,0,1,0,0,0,1,0,0,0,1
2980,1,1,1,1,0,1,1,0,1,1,0,0
2981,1,1,1,1,1,1,1,1,1,1,0,1
2982,0,0,0,0,1,0,1,0,0,0,0,0
2983,0,0,1,1,0,1,0,0,1,1,0,1
2984,1,1,1,1,0,1,1,0,1,0,1,0
2985,1,1,1,1,1,1,1,1,1,1,0,1
2986,1,1,1,1,1,1,1,1,1,1,0,1
2987,1,1,1,1,1,1,1,1,1,1,1,1
2988,0,0,0,1,0,0,1,0,0,1,0,1
2989,0,0,0,0,0,0,0,0,0,0,0,0
2990,1,0,1,0,1,1,1,0,0,0,0,0
2991,1,1,1,1,1,1,1,1,1,1,1,0
2992,1,1,1,1,1,1,1,1,1,1,1,1
2993,1,1,1,1,0,1,1,1,1,1,1,0
2994,1,0,0,1,0,1,1,0,0,0,0,0
2995,0,1,1,1,1,1,1,1,1,1,1,1
2996,1,1,1,1,1,1,1,1,1,1,0,1
2997,1,1,1,1,1,1,1,1,0,1,1,1
2998,1,1,1,1,0,1,1,0,1,0,0,1
2999,1,1,1,0,0,1,1,0,0,0,0,1
3000,1,1,1,1,1,1,1,1,1,1,1,1
3001,1,1,1,1,0,1,1,1,1,0,1,1
3002,1,1,1,1,1,1,1,1,1,1,1,1
3003,1,1,1,1,1,1,1,1,1,1,1,1
3004,0,0,0,1,0,0,1,1,1,1,0,0
3005,1,0,1,1,0,1,1,1,1,1,1,1
3006,1,1,1,1,0,1,1,1,0,1,1,0
3007,1,1,1,1,0,1,1,0,0,0,0,0
3008,1,1,1,1,1,1,1,1,1,1,1,1
3009,1,0,1,1,0,1,1,1,1,0,0,1
3010,1,1,1,1,0,1,1,1,1,1,1,1
3011,1,1,1,1,1,1,1,0,1,1,0,1
3012,1,1,1,1,1,1,1,1,1,0,1,1
3013,0,1,0,0,0,1,1,1,0,1,0,1
3014,1,1,1,1,1,1,1,0,1,1,0,0
3015,1,1,1,1,1,1,1,1,1,1,1,1
3016,1,1,1,1,1,1,1,1,1,1,1,1
3017,1,1,1,1,1,1,1,1,1,1,1,1
3018,1,1,1,1,1,1,1,1,1,1,1,1
3019,0,1,0,0,0,0,1,0,0,0,1,1
3020,1,1,1,1,1,1,1,1,1,1,1,1
3021,1,1,1,1,1,1,1,1,1,1,1,1
3022,1,1,1,1,1,1,1,1,1,1,1,1
3023,0,0,0,1,0,0,0,0,0,0,1,0
3024,1,0,1,1,1,1,1,0,0,0,0,1
3025,0,0,0,1,0,0,1,0,0,0,1,1
3026,1,1,1,0,0,1,1,0,0,1,0,0
3027,1,1,1,1,1,1,1,1,1,1,1,1
3028,1,1,1,1,1,1,1,1,1,1,1,1
3029,1,0,1,0,0,0,1,1,0,0,0,0
3030,1,0,1,0,0,1,1,0,0,1,0,0
3031,1,1,1,0,0,1,1,1,1,1,1,1
3032,0,0,0,0,0,0,0,0,0,0,0,0
3033,1,1,1,1,1,1,1,1,1,1,0,1
3034,1,0,0,0,0,0,0,0,0,0,0,1
3035,1,1,1,1,1,1,1,1,0,1,1,1
3036,1,1,1,1,1,1,1,1,1,1,1,0
3037,1,0,1,1,0,1,1,1,1,1,1,1
3038,1,1,1,1,1,1,1,1,1,1,1,1
3039,1,1,1,1,1,1,1,1,1,1,1,1
3040,1,1,1,1,1,1,1,1,1,1,1,1
3041,1,1,1,1,1,1,1,1,1,1,1,1
3042,1,1,1,1,1,1,1,1,1,1,1,1
3043,1,1,1,1,0,1,1,1,0,1,1,0
3044,1,1,1,1,1,1,1,1,1,1,1,1
3045,1,1,1,1,0,1,1,1,0,1,1,0
3046,1,0,1,0,1,1,1,1,1,1,1,1
3047,1,1,1,1,1,1,1,1,1,1,1,1
3048,1,1,1,1,1,1,1,1,1,1,1,1
3049,1,0,1,0,0,1,0,0,0,0,0,0
3050,1,1,1,1,0,1,1,1,1,1,1,1
3051,1,0,1,1,0,1,1,0,1,0,1,0
3052,1,0,1,0,0,0,0,0,0,0,0,0
3053,1,1,1,1,1,1,1,1,1,1,1,1
3054,1,1,1,1,0,1,1,1,1,1,1,0
3055,0,0,1,0,1,1,1,1,0,1,1,1
3056,1,1,1,1,1,1,1,1,1,1,1,1
3057,1,0,1,1,0,1,1,1,1,1,0,0
3058,0,0,0,1,1,1,1,0,0,0,1,0
3059,0,0,0,0,0,0,0,0,0,0,0,0
3060,1,1,1,1,1,1,1,1,1,1,1,1
3061,1,0,1,1,0,1,1,1,1,1,0,0
3062,1,1,1,1,0,1,1,1,1,1,0,0
3063,1,1,1,1,0,1,1,1,1,1,0,1
3064,1,0,1,0,0,1,0,0,0,0,0,0
3065,1,1,1,1,1,1,1,1,1,1,1,1
3066,0,0,1,1,0,1,0,0,0,0,0,1
3067,0,1,1,1,1,1,1,1,1,1,1,1
3068,0,0,0,0,1,1,0,0,0,0,0,0
3069,1,1,1,1,1,1,1,1,1,1,1,1
3070,1,1,1,0,1,0,1,1,1,0,0,0
3071,1,1,1,1,0,1,1,1,1,1,0,0
3072,0,0,0,0,0,1,1,1,0,1,1,1
3073,1,1,1,1,0,1,1,0,0,0,0,0
3074,1,1,1,1,1,1,1,1,1,1,1,1
3075,1,1,1,1,1,1,1,1,1,1,1,1
3076,1,1,1,1,0,1,1,1,1,1,1,1
3077,1,0,1,0,1,1,0,1,0,0,0,1
3078,1,1,1,0,1,1,1,1,1,1,1,0
3079,1,1,1,1,0,1,1,1,1,1,0,1
3080,1,0,0,1,0,1,1,0,1,1,1,0
3081,1,1,1,1,0,1,1,1,1,1,1,1
3082,1,1,1,1,1,1,1,1,1,1,1,1
3083,1,1,1,1,1,1,1,1,1,1,1,1
3084,1,1,1,1,1,1,1,1,1,1,0,1
3085,1,1,1,1,0,1,1,1,1,1,0,0
3086,0,0,1,0,1,1,0,1,0,0,0,1
3087,0,1,1,0,1,1,0,0,0,0,0,0
3088,0,1,1,1,0,1,1,1,1,1,0,1
3089,0,0,1,0,1,0,1,0,0,0,0,0
3090,1,1,1,1,1,1,1,1,1,1,1,1
3091,1,1,1,1,1,1,1,1,1,1,1,1
3092,0,1,1,1,0,1,1,1,1,1,0,0
3093,0,0,0,0,0,1,0,0,1,0,0,1
3094,1,1,1,1,0,1,1,1,1,1,0,1
3095,0,1,1,0,1,1,0,1,1,0,1,0
3096,1,1,1,1,1,1,1,1,1,1,1,1
3097,0,0,0,0,0,0,0,0,0,0,1,0
3098,1,1,1,1,1,1,1,1,1,1,1,1
3099,0,0,0,0,0,0,0,0,1,0,0,0
3100,1,1,1,0,0,1,1,1,1,1,1,1
3101,1,1,1,1,0,1,1,1,1,1,0,1
3102,1,1,1,1,1,1,1,1,0,1,1,1
3103,1,1,1,1,0,1,1,1,1,1,1,1
3104,1,1,1,1,0,1,1,1,1,1,1,1
3105,1,0,0,0,0,1,0,1,0,1,0,1
3106,1,0,1,1,1,1,0,0,1,0,1,1
3107,1,1,1,1,1,1,1,1,1,1,1,1
3108,1,1,1,1,1,1,1,1,1,1,1,1
3109,1,1,1,1,1,1,1,1,1,1,0,1
3110,1,1,1,1,1,1,1,1,1,1,1,1
3111,0,1,1,1,1,1,0,0,0,1,0,0
3112,1,1,1,1,0,1,1,0,0,0,0,0
3113,1,1,1,1,1,1,1,1,1,1,1,1
3114,0,1,0,0,1,0,0,0,0,0,0,0
3115,1,1,1,1,1,1,1,1,1,1,1,1
3116,1,0,1,0,0,1,1,0,1,0,0,1
3117,1,1,0,1,1,1,0,0,1,1,0,0
3118,1,0,1,1,0,1,0,0,1,1,0,0
3119,1,0,1,1,0,1,1,0,1,0,0,1
3120,1,1,1,0,0,1,1,1,1,1,1,0
3121,1,1,1,1,1,1,1,0,1,1,1,1
3122,1,1,1,1,0,1,1,1,1,1,1,1
3123,1,0,1,1,0,1,1,0,1,1,0,0
3124,1,1,0,0,1,1,1,1,1,1,1,1
3125,0,0,1,0,0,0,0,0,0,0,0,0
3126,1,1,1,1,1,1,1,1,1,1,1,1
3127,1,1,1,1,1,1,1,1,1,1,0,0
3128,1,1,1,0,1,1,1,1,0,1,1,1
3129,1,1,1,1,1,1,1,0,1,1,1,1
3130,1,0,1,1,1,1,1,1,1,1,1,1
3131,1,1,1,1,1,1,1,1,1,1,1,1
3132,1,1,1,0,1,1,1,0,0,0,0,0
3133,1,1,1,1,1,1,0,1,1,1,0,1
3134,1,0,0,1,0,0,0,0,0,0,0,0
3135,1,1,1,1,1,1,1,1,1,1,1,1
3136,1,1,1,1,0,0,0,1,1,0,1,0
3137,1,1,1,1,1,1,1,1,1,1,1,1
3138,1,1,1,1,1,1,1,1,1,1,1,1
3139,1,1,1,1,1,1,1,1,1,1,1,1
3140,1,0,1,1,0,0,1,0,0,1,0,0
3141,1,0,0,1,1,1,0,1,1,1,0,1
3142,1,1,1,1,1,1,1,0,1,1,1,0
3143,0,1,0,0,0,0,0,0,0,0,0,0
3144,0,1,1,1,1,0,0,0,1,1,1,0
3145,0,0,0,0,0,1,0,0,0,0,0,0
3146,1,1,1,1,1,1,1,1,1,1,1,1
3147,1,0,1,0,1,1,0,1,1,1,1,1
3148,1,0,1,1,1,0,1,1,1,1,1,1
3149,1,1,1,1,1,1,1,1,1,1,0,1
3150,1,1,1,1,1,1,1,1,1,1,1,1
3151,0,0,1,0,0,1,0,0,0,0,0,0
3152,1,1,1,1,1,1,1,1,1,1,1,1
3153,0,0,0,0,1,0,0,0,0,0,0,0
3154,0,1,1,1,1,1,1,1,1,1,1,1
3155,1,0,1,1,1,1,1,0,1,0,0,0
3156,1,1,0,1,1,0,1,1,1,0,1,1
3157,1,1,1,1,1,1,1,0,0,0,0,0
3158,1,1,1,0,1,1,1,1,1,1,1,1
3159,1,0,0,1,0,0,0,0,0,0,0,1
3160,0,0,1,1,1,0,0,1,1,1,0,1
3161,1,1,1,1,1,1,0,1,1,0,1,0
3162,1,0,1,1,0,1,1,1,0,1,0,1
3163,1,0,1,1,0,1,1,1,1,1,1,1
3164,1,1,1,1,1,1,1,1,1,1,1,1
3165,1,1,1,1,1,1,1,1,1,1,0,0
3166,1,0,1,1,1,0,1,0,1,1,0,1
3167,1,0,1,0,1,1,1,0,1,1,0,1
3168,1,1,1,1,1,1,1,1,1,1,1,1
3169,1,1,1,1,1,1,1,1,1,1,1,1
3170,1,1,1,1,1,1,1,1,1,1,1,1
3171,1,0,1,1,0,1,0,0,1,1,0,0
3172,1,1,1,1,1,1,1,1,1,1,1,1
3173,1,0,1,1,0,1,0,0,0,1,0,1
3174,1,0,1,1,0,1,1,1,1,1,1,0
3175,1,1,1,1,0,1,0,0,1,1,0,0
3176,1,1,1,1,1,1,1,1,1,0,0,1
3177,1,1,1,1,1,1,1,1,1,1,1,1
3178,1,1,1,1,1,1,1,1,1,1,1,1
3179,1,1,1,0,0,1,1,0,1,1,1,1
3180,1,1,1,1,1,1,1,1,1,1,0,0
3181,1,1,0,1,0,0,1,1,1,1,0,1
3182,1,1,1,1,1,1,1,1,1,1,1,1
3183,0,1,0,0,1,1,0,0,1,0,0,0
3184,1,1,1,1,1,1,1,1,1,1,1,1
3185,1,1,1,1,1,1,1,1,1,1,0,1
3186,1,1,0,0,0,0,1,1,0,1,0,1
3187,1,0,1,1,0,1,1,1,0,1,1,0
3188,1,1,1,1,0,1,1,1,1,1,0,0
3189,1,1,1,1,1,1,1,1,1,1,1,1
3190,1,0,1,1,0,0,1,1,1,1,1,1
3191,1,1,1,1,1,1,1,0,1,1,0,0
3192,1,1,1,1,1,1,1,1,1,1,1,0
3193,1,0,1,1,0,1,1,1,1,0,0,0
3194,1,1,1,0,1,1,1,1,1,1,1,1
3195,1,1,1,1,1,1,1,1,1,1,1,1
3196,1,0,1,1,1,1,1,1,1,1,0,0
3197,1,1,1,1,1,1,1,1,1,1,1,1
3198,1,0,1,0,0,1,0,0,0,0,0,0
3199,1,1,1,1,0,1,1,1,0,1,1,1
3200,1,1,1,1,0,1,0,1,1,1,0,0
3201,1,1,1,1,1,1,1,0,1,1,1,1
3202,1,1,1,1,0,1,1,1,1,1,1,0
3203,0,0,1,0,1,1,0,1,1,0,0,0
3204,1,1,1,1,1,1,1,1,1,1,1,0
3205,1,0,1,1,0,1,1,1,1,1,0,0
3206,0,0,1,0,1,1,0,0,0,1,0,0
3207,1,1,1,1,1,1,1,1,1,1,1,1
3208,1,1,1,1,1,1,1,1,1,1,1,1
3209,1,1,1,1,0,1,1,1,1,1,0,1
3210,0,0,0,0,0,0,1,1,1,0,1,0
3211,0,1,1,0,0,0,0,0,0,0,0,0
3212,1,0,1,1,0,1,1,0,1,0,0,0
3213,1,1,1,1,1,1,1,1,0,1,0,1
3214,1,1,1,1,1,1,1,1,1,1,1,1
3215,1,0,0,0,0,1,1,1,0,0,0,1
3216,1,1,1,1,1,1,1,0,1,1,0,1
3217,1,0,0,0,0,0,0,0,0,0,0,0
3218,1,1,1,1,1,1,1,1,1,1,1,1
3219,1,1,1,0,0,1,1,1,1,1,1,1
3220,1,1,1,1,1,1,1,1,1,1,1,1
3221,1,1,1,1,0,1,1,1,1,1,1,0
3222,1,1,1,1,1,1,1,1,1,1,0,0
3223,1,0,0,0,1,0,0,1,1,0,1,0
3224,1,1,1,1,1,1,1,0,1,1,0,1
3225,1,0,1,1,0,1,0,0,1,1,1,0
3226,0,0,1,1,0,1,1,0,0,0,0,0
3227,0,0,1,0,1,0,1,0,0,1,0,0
3228,0,0,0,0,0,0,0,0,0,0,0,0
3229,0,0,0,0,0,0,0,0,0,0,0,0
3230,1,0,1,1,1,1,1,1,1,1,1,1
3231,1,0,1,1,0,1,1,0,1,1,1,1
3232,1,0,1,1,1,1,0,1,1,1,0,1
3233,1,1,1,1,1,1,1,1,1,1,1,0
3234,1,1,1,1,0,1,1,1,1,1,0,0
3235,1,1,1,1,1,1,1,1,1,1,1,1
3236,1,1,1,1,1,1,1,1,1,1,1,1
3237,1,1,1,1,1,1,1,1,1,1,1,1
3238,1,1,0,0,0,0,1,1,0,0,1,0
3239,0,0,0,0,0,0,0,0,0,0,0,0
3240,1,1,1,1,0,1,1,1,1,1,1,0
3241,1,1,1,1,0,1,1,1,1,1,1,1
3242,1,1,1,1,1,1,1,1,1,1,1,1
3243,1,0,1,1,0,1,1,1,1,1,1,1
3244,1,0,1,1,1,0,1,0,1,0,0,0
3245,1,1,1,1,1,1,1,0,1,1,1,0
3246,1,0,1,1,1,1,1,1,1,0,0,0
3247,1,0,0,1,1,0,1,1,0,1,0,0
3248,1,1,1,1,0,1,1,1,1,1,1,1
3249,1,1,1,1,0,1,1,1,1,1,1,1
3250,1,1,1,1,1,1,1,1,1,1,1,1
3251,1,1,1,1,1,1,1,1,1,1,1,1
3252,1,1,1,1,1,1,1,1,1,1,0,1
3253,1,0,1,1,1,1,0,0,1,0,0,1
3254,1,1,1,1,1,1,1,1,1,1,1,0
3255,1,0,1,1,1,1,0,1,1,1,0,1
3256,1,0,1,1,1,1,1,1,1,1,0,1
3257,1,1,1,1,1,1,1,1,1,1,1,1
3258,1,1,1,1,0,1,1,1,1,1,1,0
3259,1,0,1,0,0,0,1,1,1,1,1,1
3260,1,1,1,1,1,1,1,1,1,1,1,1
3261,1,1,1,1,0,1,0,0,0,0,0,0
3262,1,1,1,1,1,1,1,1,1,1,1,1
3263,0,1,1,1,1,1,1,0,1,0,0,1
3264,0,0,1,0,0,1,0,0,0,0,0,0
3265,1,1,1,0,0,1,1,1,1,1,0,0
3266,0,0,0,0,1,0,1,0,0,0,0,1
3267,0,1,1,1,0,1,0,0,1,1,0,0
3268,1,1,1,1,0,1,1,1,0,0,1,0
3269,0,1,1,0,0,1,0,0,1,0,1,0
3270,0,0,1,1,1,1,1,0,0,0,0,1
3271,1,1,1,1,1,1,1,1,1,1,1,1
3272,1,1,1,1,1,1,1,1,1,1,0,1
3273,0,0,0,0,0,0,0,0,0,0,0,0
3274,1,1,1,1,0,1,1,1,0,1,1,1
3275,1,1,1,1,1,1,1,0,1,1,0,0
3276,1,1,1,1,1,1,1,1,1,1,1,1
3277,0,0,0,0,1,1,1,1,1,0,1,1
3278,1,0,1,1,1,1,1,1,1,1,1,1
3279,1,1,1,1,1,1,1,1,1,1,1,1
3280,1,1,1,1,1,1,1,1,1,0,1,0
3281,0,1,1,0,1,1,1,1,1,1,0,0
3282,1,1,1,1,1,1,1,1,1,0,0,0
3283,1,1,1,1,0,1,1,1,1,1,1,1
3284,1,1,1,1,1,1,1,1,1,1,1,1
3285,1,1,0,0,0,0,1,0,0,0,0,0
3286,1,1,1,0,0,1,1,1,0,1,1,1
3287,1,1,1,1,1,1,1,1,1,1,1,1
3288,1,1,1,1,1,1,1,1,1,1,1,1
3289,1,1,1,1,1,1,1,1,1,1,1,1
3290,0,1,1,1,1,1,1,1,1,1,1,1
3291,1,1,0,1,0,1,1,1,1,1,1,1
3292,1,1,1,1,1,1,1,1,1,1,1,1
3293,1,1,1,1,1,1,1,1,1,1,1,1
3294,0,1,0,0,0,1,1,1,1,1,1,0
3295,0,0,0,0,0,0,0,0,0,0,0,0
3296,1,1,1,1,1,1,1,1,1,1,1,1
3297,1,1,1,1,0,1,1,0,1,1,0,0
3298,0,1,1,0,0,1,1,1,1,1,0,1
3299,1,1,1,1,0,1,1,1,1,1,0,0
3300,1,0,1,0,0,1,1,1,1,0,0,1
3301,1,1,1,0,0,1,1,0,1,0,1,0
3302,1,0,1,1,1,1,1,1,0,1,0,0
3303,1,1,1,1,1,1,1,1,1,1,1,1
3304,1,1,1,0,0,0,1,0,0,1,0,1
3305,1,1,1,1,1,1,1,1,1,1,1,1
3306,1,1,1,1,0,1,1,1,1,1,1,1
3307,1,0,1,1,1,1,1,0,1,0,1,1
3308,1,1,1,1,1,1,1,1,1,1,1,1
3309,1,1,1,1,0,1,1,1,1,1,1,1
3310,0,0,0,0,0,0,0,0,0,1,0,1
3311,1,0,1,0,0,1,0,0,1,0,0,0
3312,1,1,1,1,0,1,1,0,1,0,0,0
3313,1,1,1,1,0,1,1,0,1,1,0,0
3314,0,0,0,1,1,0,0,0,1,1,0,0
3315,1,1,1,1,1,1,1,1,1,1,1,1
3316,1,0,1,0,0,1,0,0,1,0,0,0
3317,1,1,1,1,0,1,1,1,1,1,0,0
3318,1,1,1,1,1,1,1,0,1,1,1,1
3319,0,1,1,0,0,1,0,0,0,0,0,0
3320,1,1,1,1,1,1,1,1,1,1,1,1
3321,1,1,1,1,1,1,1,1,1,1,0,0
3322,0,0,1,1,0,0,0,1,0,1,1,1
3323,1,1,1,1,1,1,1,1,1,1,1,1
3324,0,0,1,1,0,1,1,1,1,1,1,1
3325,1,1,1,1,1,1,1,1,1,1,1,1
3326,1,1,1,1,0,1,1,1,1,1,0,0
3327,0,1,1,1,1,1,1,1,1,1,1,1
3328,1,1,1,1,1,1,1,1,1,1,1,1
3329,1,1,1,1,1,1,1,1,1,1,1,1
3330,1,1,1,1,1,1,1,1,1,1,0,0
3331,1,1,1,1,1,1,1,1,1,1,1,1
3332,1,0,1,0,0,1,0,0,0,0,0,0
3333,1,1,1,1,1,1,1,1,1,1,1,1
3334,1,1,1,1,1,1,1,0,1,1,0,0
3335,1,1,1,1,1,1,1,0,1,0,1,1
3336,1,1,1,1,0,1,1,1,1,1,1,0
3337,1,1,1,0,1,1,1,0,1,0,0,1
3338,1,1,1,1,1,1,1,1,0,1,1,1
3339,1,0,1,1,1,1,1,1,1,1,0,1
3340,0,0,0,0,0,0,0,0,0,0,0,0
3341,0,0,1,0,0,1,0,0,0,0,0,0
3342,0,0,0,0,1,0,1,0,0,1,0,0
3343,1,1,1,1,1,1,1,1,1,1,1,1
3344,1,1,1,1,1,1,1,1,1,1,0,1
3345,1,1,1,1,1,1,1,1,1,1,1,1
3346,1,1,1,1,1,1,1,1,1,1,0,0
3347,1,0,1,1,0,1,1,1,1,1,0,1
3348,1,1,1,1,1,1,1,1,1,1,1,1
3349,1,0,1,1,0,1,1,1,1,1,1,0
3350,0,0,0,0,0,1,0,0,1,1,1,1
3351,1,1,1,1,0,1,1,1,1,1,0,1
3352,0,1,0,0,1,0,1,1,1,0,1,1
3353,0,0,0,0,0,0,0,0,0,0,0,0
3354,1,1,1,1,1,1,1,0,1,1,0,0
3355,1,1,1,1,0,1,1,1,0,1,1,1
3356,1,1,1,1,1,1,1,1,1,1,1,1
3357,0,0,0,0,0,0,0,0,0,1,0,0
3358,1,1,1,1,1,1,1,1,1,1,1,0
3359,1,0,1,1,0,1,0,0,1,1,0,0
3360,1,1,1,1,1,1,1,0,1,1,1,1
3361,1,1,1,1,0,1,1,1,1,1,1,1
3362,1,0,1,1,1,1,1,0,1,0,0,0
3363,1,1,1,1,0,1,1,1,1,1,1,1
3364,1,0,1,0,1,1,1,0,0,0,0,1
3365,1,1,1,1,1,1,1,1,1,1,1,0
3366,0,1,1,1,1,1,1,1,0,0,1,0
3367,0,1,0,1,0,1,1,1,1,0,0,1
3368,1,0,1,0,0,1,0,0,0,0,0,1
3369,1,1,1,1,0,1,1,1,1,1,1,0
3370,1,0,1,1,0,1,1,1,1,0,1,0
3371,1,1,1,1,0,1,1,1,1,1,1,1
3372,1,0,1,1,0,1,0,0,1,0,0,0
3373,1,1,1,1,1,1,1,1,1,0,0,0
3374,1,0,1,1,0,1,1,0,0,1,0,0
3375,1,0,1,1,0,1,1,0,1,0,0,0
3376,1,1,1,1,1,1,1,1,1,1,1,1
3377,1,0,1,1,1,1,1,1,1,1,1,1
3378,1,1,1,1,1,1,1,1,1,1,1,1
3379,1,1,1,1,0,1,1,0,1,1,0,0
3380,1,1,1,1,0,1,1,1,1,1,0,0
3381,1,1,1,1,0,1,1,0,1,1,1,1
3382,0,0,1,1,0,0,1,0,0,1,0,0
3383,1,0,1,1,0,1,1,1,1,1,1,1
3384,0,0,0,0,1,0,0,1,0,0,0,1
3385,1,0,1,1,0,1,0,0,0,0,0,0
3386,1,0,1,1,1,1,0,0,0,1,0,1
3387,1,1,1,1,1,1,1,1,1,1,1,1
3388,1,1,1,1,0,1,1,1,1,1,1,1
3389,0,0,1,0,0,1,1,1,1,1,0,1
3390,1,1,1,1,1,1,1,1,1,1,1,1
3391,1,1,1,1,1,1,1,1,1,1,1,1
3392,1,1,1,1,1,1,1,1,1,1,1,1
3393,1,1,1,0,0,1,1,1,1,0,1,1
3394,0,0,1,0,0,0,0,0,0,0,0,0
3395,1,0,1,1,0,1,0,1,1,0,0,0
3396,1,1,1,1,1,1,1,1,1,1,1,1
3397,1,1,1,1,0,1,1,0,1,1,0,0
3398,0,1,1,1,0,1,1,1,0,1,1,0
3399,1,1,1,1,1,1,1,1,1,1,1,1
3400,1,1,1,1,0,1,1,1,1,1,1,1
3401,1,1,1,1,0,1,1,0,1,1,1,1
3402,1,1,1,1,1,1,1,1,1,1,1,1
3403,1,1,1,1,0,1,1,1,1,1,1,1
3404,1,1,1,1,1,1,1,1,1,1,0,1
3405,1,1,1,1,1,1,1,1,1,1,1,1
3406,1,1,1,1,0,1,1,0,1,1,0,0
3407,1,0,1,1,0,1,0,0,0,0,0,0
3408,1,1,1,1,1,1,1,1,1,1,1,1
3409,1,0,1,1,0,1,1,0,1,1,0,0
3410,1,1,1,1,1,1,1,1,1,1,0,0
3411,1,1,1,1,0,1,0,1,0,0,0,0
3412,0,0,1,0,0,1,1,0,1,1,1,1
3413,1,1,1,0,1,1,1,0,1,1,1,0
3414,1,1,1,1,0,1,1,0,1,0,0,0
3415,1,1,1,1,0,1,0,0,1,1,0,0
3416,0,1,1,1,0,1,0,0,1,0,0,0
3417,1,1,1,1,1,1,1,1,1,1,1,1
3418,1,1,1,1,1,1,1,1,1,1,1,1
3419,0,1,1,0,0,0,0,0,0,0,0,0
3420,1,1,1,1,1,1,1,1,1,1,0,0
3421,1,1,1,1,0,1,1,1,1,1,1,0
3422,1,1,1,1,0,1,1,0,0,1,0,0
3423,1,1,1,1,1,1,1,1,1,1,0,1
3424,1,1,1,1,1,1,1,1,1,1,1,1
3425,1,1,1,1,1,1,1,1,1,1,1,1
3426,1,1,1,1,0,1,1,1,1,1,1,1
3427,1,1,1,1,0,1,1,1,1,1,1,1
3428,1,1,1,1,1,1,1,1,1,1,0,0
3429,1,1,1,1,1,1,1,1,1,1,1,0
3430,1,1,1,1,1,1,1,1,1,1,1,1
3431,0,0,0,0,0,1,0,0,0,0,0,0
3432,1,1,1,1,1,1,1,1,1,1,1,1
3433,1,1,1,1,1,1,1,1,1,1,1,1
3434,1,1,0,1,1,1,1,1,1,1,1,0
3435,0,1,0,0,1,0,0,0,0,0,1,1
3436,1,0,1,0,0,1,0,0,1,1,0,0
3437,1,0,1,0,0,1,1,0,0,0,0,0
3438,1,1,1,1,1,1,1,1,1,1,1,1
3439,1,1,1,1,1,1,1,0,1,1,0,0
3440,0,0,1,0,1,1,1,1,1,0,0,1
3441,1,1,1,1,1,1,1,1,1,1,1,1
3442,1,1,1,1,0,1,1,0,1,1,0,1
3443,1,1,1,1,1,1,1,1,1,1,1,1
3444,1,1,1,1,1,1,1,1,1,1,1,0
3445,1,0,1,1,1,0,1,1,1,1,1,1
3446,0,0,0,0,0,0,1,1,1,1,1,0
3447,1,0,1,0,1,1,1,1,1,1,1,1
3448,1,1,1,1,1,1,1,1,1,1,1,1
3449,1,1,1,0,1,1,1,1,1,1,1,1
3450,0,1,1,1,1,1,1,1,1,1,1,1
3451,0,0,0,0,0,0,0,0,0,0,0,0
3452,1,1,1,1,1,1,1,1,1,1,1,1
3453,1,0,1,1,0,1,0,0,1,1,1,1
3454,0,1,1,1,1,1,0,0,0,0,0,0
3455,1,1,1,1,1,1,1,1,1,1,1,1
3456,1,1,1,0,0,1,0,0,0,1,0,1
3457,1,1,1,0,0,1,1,0,1,0,0,0
3458,0,0,0,0,0,0,0,0,0,0,0,0
3459,1,1,1,1,1,1,1,1,1,1,0,1
3460,0,0,0,1,1,0,1,1,1,0,1,1
3461,1,1,1,1,1,1,1,1,1,1,1,1
3462,1,0,1,1,0,1,1,0,1,1,0,0
3463,1,0,1,1,0,1,0,0,0,0,0,0
3464,1,1,1,1,1,1,1,1,1,1,1,0
3465,1,1,1,1,1,1,1,1,1,1,1,0
3466,1,1,1,1,1,1,1,1,1,1,1,1
3467,1,0,1,0,0,1,1,1,0,0,1,0
3468,1,1,1,1,1,1,1,1,1,1,1,1
3469,0,0,1,1,0,1,1,0,1,0,1,0
3470,1,1,1,1,1,1,1,1,1,1,1,1
3471,0,1,1,0,1,1,1,0,1,0,0,0
3472,0,1,1,1,0,1,0,0,1,1,1,0
3473,1,1,1,1,0,1,1,1,1,1,1,1
3474,0,1,0,0,0,1,0,0,0,0,0,0
3475,0,0,1,1,0,0,0,0,1,0,0,0
3476,1,0,1,0,0,1,0,0,0,0,0,0
3477,1,1,1,1,0,1,1,1,1,1,0,1
3478,1,1,1,1,1,1,1,1,1,1,0,1
3479,1,1,1,1,1,1,1,1,1,1,1,1
3480,1,0,1,0,0,0,0,0,1,0,1,0
3481,1,0,1,0,0,0,1,0,0,0,1,0
3482,1,1,1,0,1,0,1,1,1,1,1,0
3483,1,1,1,1,1,1,1,1,1,1,1,1
3484,1,1,1,1,0,1,1,1,1,1,0,1
3485,1,1,1,1,0,1,1,0,0,0,0,1
3486,0,1,1,0,1,0,0,0,0,1,0,0
3487,1,1,1,1,0,1,1,0,1,1,1,0
3488,1,1,1,1,1,1,1,1,1,1,1,1
3489,1,1,1,1,1,1,1,1,0,1,1,1
3490,1,1,1,1,1,1,1,0,1,1,0,0
3491,1,1,1,1,1,1,1,1,1,1,1,1
3492,1,1,1,1,1,1,1,1,1,1,1,1
3493,1,0,1,1,0,1,1,0,1,1,1,1
3494,1,1,0,1,1,1,1,1,1,1,0,1
3495,0,1,1,1,0,1,1,1,1,1,0,1
3496,0,0,0,0,0,0,0,1,0,0,1,1
3497,1,0,1,1,1,1,1,1,1,1,1,0
3498,1,1,1,1,0,1,1,1,0,1,0,0
3499,0,1,1,1,0,1,1,0,0,0,0,0
3500,1,1,1,1,0,1,1,1,1,1,1,1
3501,1,1,1,1,0,1,0,1,1,1,1,1
3502,1,0,1,0,0,1,0,0,0,0,0,0
3503,1,1,1,1,1,1,1,1,1,1,1,1
3504,1,1,0,0,0,0,1,1,1,1,1,0
3505,1,0,1,1,1,1,1,1,1,1,0,1
3506,1,1,1,1,1,1,1,1,1,1,0,1
3507,1,1,1,1,0,1,1,1,1,1,1,0
3508,1,1,1,1,1,1,1,1,1,1,1,1
3509,1,0,0,0,1,0,1,1,0,1,1,1
3510,1,1,1,1,1,1,1,1,1,1,0,0
3511,1,1,1,1,1,1,1,1,1,0,0,1
3512,1,1,1,1,1,1,1,1,1,1,1,1
3513,1,1,1,1,1,1,1,1,1,1,1,0
3514,1,1,1,1,1,1,1,1,0,1,1,1
3515,0,1,1,1,1,1,0,1,1,1,1,0
3516,0,1,0,1,0,1,1,1,1,1,1,1
3517,1,0,1,1,0,1,1,1,1,1,0,0
3518,0,0,0,0,0,0,0,0,0,0,1,0
3519,1,0,0,1,0,0,0,0,1,0,0,0
3520,1,1,1,0,0,1,1,0,0,0,0,0
3521,1,1,1,0,0,1,1,0,0,1,1,0
3522,1,1,1,1,0,1,1,1,1,1,1,0
3523,1,1,1,1,1,1,1,1,1,1,1,1
3524,1,1,1,1,1,1,1,1,1,1,1,0
3525,1,1,1,1,1,1,1,1,1,0,0,1
3526,1,1,1,1,1,1,1,1,1,1,1,1
3527,1,1,1,1,0,1,1,1,1,1,1,0
3528,0,1,1,1,1,1,1,0,1,1,0,0
3529,1,1,1,1,1,1,0,1,1,0,1,1
3530,1,1,1,1,0,1,1,1,1,1,0,1
3531,1,1,1,1,1,1,1,1,1,1,1,1
3532,1,1,1,1,1,1,1,1,1,1,1,1
3533,1,1,1,1,0,1,1,1,1,1,0,0
3534,1,1,1,1,1,1,1,1,1,1,0,0
3535,1,0,1,1,1,1,1,1,1,1,0,1
3536,1,1,1,1,1,1,1,1,1,1,1,1
3537,1,0,0,0,0,1,0,0,1,0,0,0
3538,0,0,1,0,0,1,1,0,0,0,0,0
3539,1,1,1,1,0,1,1,1,1,1,1,0
3540,0,0,1,1,0,1,1,1,1,1,1,0
3541,1,1,1,1,0,1,1,1,1,1,1,1
3542,1,0,1,0,0,1,0,0,0,0,0,0
3543,0,1,1,1,1,1,1,1,1,1,1,1
3544,1,1,1,1,0,1,1,1,1,1,1,1
3545,1,1,1,1,1,1,1,1,1,1,0,0
3546,0,1,0,0,0,1,0,0,1,0,0,0
3547,1,1,1,0,1,1,1,1,1,1,1,1
3548,1,0,1,0,1,1,1,0,0,0,0,0
3549,1,1,1,1,0,1,1,0,1,0,0,0
3550,1,0,1,1,1,1,1,1,1,1,0,0
3551,1,1,1,1,1,1,1,1,1,1,1,1
3552,1,1,1,1,0,1,1,1,1,1,1,1
3553,1,1,1,1,1,1,1,1,1,1,1,1
3554,0,1,1,1,1,1,1,0,0,0,0,0
3555,1,1,1,1,1,1,1,1,1,1,0,1
3556,1,1,1,1,1,1,1,0,1,1,0,0
3557,1,1,1,1,1,1,1,1,1,1,1,1
3558,1,1,1,1,0,1,1,0,1,1,0,1
3559,1,1,1,1,0,1,1,1,1,0,0,0
3560,0,0,0,1,1,1,1,1,1,1,1,0
3561,1,1,1,1,0,1,1,1,1,1,1,1
3562,1,0,0,0,0,0,1,0,0,0,1,0
3563,0,0,0,0,0,0,0,0,0,0,0,0
3564,0,0,0,0,0,0,0,0,0,0,0,0
3565,1,1,1,1,1,1,1,1,1,1,1,1
3566,1,1,1,1,1,1,1,1,1,1,1,1
3567,0,0,0,0,0,0,0,0,0,0,0,0
3568,1,0,1,0,0,1,1,1,0,0,0,0
3569,1,1,1,1,1,1,1,1,0,1,1,0
3570,1,1,1,1,1,1,1,1,1,1,1,1
3571,0,1,1,1,0,1,1,0,1,0,1,1
3572,1,1,1,1,1,1,1,1,1,1,1,1
3573,0,0,0,1,0,0,1,1,1,1,1,1
3574,1,1,1,1,1,1,1,1,1,1,0,0
3575,1,0,1,1,0,1,1,1,1,1,1,1
3576,1,1,1,1,1,1,1,1,1,1,1,1
3577,1,0,1,0,0,0,1,1,1,0,0,1
3578,0,0,1,1,1,1,0,1,1,1,1,1
3579,1,1,1,1,0,1,1,0,1,1,0,0
3580,1,1,1,1,1,1,1,1,1,1,1,1
3581,1,0,1,1,0,1,1,1,1,1,1,1
3582,1,1,1,1,1,1,1,1,1,1,1,1
3583,1,1,1,1,1,1,1,1,1,1,1,0
3584,1,1,1,1,1,1,1,0,1,0,1,0
3585,1,1,1,0,0,1,1,1,1,0,0,0
3586,1,0,0,0,0,0,0,0,1,0,0,1
3587,1,1,1,1,0,1,1,1,1,1,0,0
3588,1,1,1,1,1,1,1,1,1,1,0,1
3589,1,0,1,0,0,1,1,0,1,0,1,0
3590,1,1,0,0,1,0,0,0,0,0,0,1
3591,0,0,0,0,0,0,0,0,0,0,0,0
3592,1,1,1,1,1,1,1,1,1,1,1,1
3593,1,1,1,1,1,1,1,1,1,1,0,1
3594,1,1,1,1,1,1,1,1,1,1,1,1
3595,1,0,1,0,0,0,0,0,1,0,0,1
3596,1,1,1,1,1,1,1,1,1,1,1,1
3597,1,1,1,1,1,1,1,1,1,1,1,1
3598,1,0,1,1,1,1,1,0,0,0,0,0
3599,1,1,1,1,1,1,1,1,1,1,1,0
3600,1,1,1,1,1,1,0,1,0,1,0,0
3601,1,1,1,0,0,1,1,0,1,0,1,0
3602,1,0,1,1,0,1,1,1,1,0,0,1
3603,1,1,1,0,1,1,1,0,1,1,1,1
3604,1,1,1,1,1,1,1,1,1,1,1,1
3605,0,1,1,1,1,1,1,1,1,1,1,1
3606,1,1,1,1,1,1,1,0,1,1,1,0
3607,1,1,1,1,0,1,1,1,1,1,0,1
3608,1,1,1,1,0,1,0,0,0,0,0,0
3609,1,1,1,0,1,1,1,0,0,1,1,1
3610,1,0,1,1,0,1,1,1,1,1,0,0
3611,0,0,0,0,1,0,1,0,0,1,0,0
3612,1,1,1,1,1,1,1,0,1,0,0,0
3613,0,1,0,0,1,1,0,0,0,1,0,1
3614,1,1,1,1,1,1,1,1,1,1,1,1
3615,1,0,1,1,1,1,1,1,1,1,1,1
3616,0,1,0,0,1,1,1,0,0,1,0,0
3617,1,1,1,1,1,1,1,1,1,1,0,1
3618,0,0,1,0,0,1,0,0,0,0,0,0
3619,1,1,1,1,1,1,1,1,1,1,1,0
3620,1,0,1,1,0,1,1,0,1,0,1,1
3621,0,0,0,0,0,0,0,0,0,0,0,0
3622,1,0,1,1,0,1,1,0,0,0,0,0
3623,1,0,1,1,1,1,1,1,1,1,1,1
3624,0,0,1,1,0,1,0,0,0,0,0,0
3625,1,1,1,1,0,1,1,0,1,1,0,1
3626,1,0,1,1,0,1,1,0,1,1,1,1
3627,1,1,1,1,0,1,1,0,1,0,0,0
3628,0,0,1,1,0,1,1,1,1,1,0,1
3629,1,1,1,1,1,1,1,1,1,0,1,0
3630,1,1,1,1,0,1,1,1,1,1,1,0
3631,1,1,1,1,1,1,1,1,1,1,1,1
3632,1,1,1,1,1,1,1,1,1,0,1,1
3633,1,0,1,0,1,1,0,0,0,0,0,1
3634,1,1,1,1,0,0,1,0,1,1,1,0
3635,1,1,1,1,1,1,1,1,1,1,1,0
3636,1,1,1,1,0,1,1,1,1,1,1,1
3637,0,0,1,1,0,1,1,0,0,1,1,0
3638,1,1,1,1,1,1,1,1,1,1,1,1
3639,1,1,1,1,1,1,0,0,1,1,0,0
3640,1,1,1,0,1,1,1,1,1,0,1,1
3641,1,1,1,1,0,1,1,0,1,1,1,0
3642,1,1,1,1,1,1,1,1,1,1,1,0
3643,0,1,0,0,0,0,0,0,1,0,0,0
3644,1,1,1,1,1,1,1,1,1,1,1,1
3645,0,0,0,0,1,0,1,0,0,0,0,0
3646,1,1,1,1,1,1,1,1,1,1,1,1
3647,1,1,1,1,1,1,1,1,1,1,1,1
3648,1,0,1,1,1,1,0,1,0,0,1,1
3649,1,0,0,1,0,0,0,0,1,0,0,0
3650,1,0,1,0,0,1,0,0,0,0,0,0
3651,1,1,1,1,1,1,1,1,1,1,1,1
3652,1,1,1,1,1,1,1,1,1,1,1,1
3653,1,1,1,1,1,1,1,1,1,1,1,1
3654,1,0,1,1,0,1,1,0,0,0,0,0
3655,1,0,1,0,0,1,1,0,1,0,0,0
3656,1,1,1,1,1,0,1,1,1,1,1,1
3657,0,0,1,0,0,0,0,0,0,0,0,0
3658,1,0,0,1,0,0,1,1,1,1,1,1
3659,1,1,1,1,0,1,1,1,1,1,0,1
3660,0,1,1,1,0,1,1,0,0,0,0,0
3661,1,1,1,1,0,1,1,1,1,0,0,0
3662,1,1,1,1,1,1,1,1,1,1,1,0
3663,1,1,1,1,0,1,1,1,0,0,0,0
3664,1,1,1,0,1,1,1,1,1,1,1,0
3665,1,1,1,1,0,1,1,1,1,1,1,1
3666,1,0,1,1,0,1,1,0,0,0,0,0
3667,1,1,1,1,1,1,1,1,1,1,1,1
3668,1,1,1,1,0,1,0,1,1,1,1,1
3669,0,1,1,1,0,1,1,0,1,0,1,0
3670,1,1,1,1,0,1,1,1,1,1,1,1
3671,1,1,1,0,0,0,1,1,0,1,0,0
3672,1,1,1,1,1,1,1,0,1,1,0,1
3673,1,1,1,1,1,1,1,1,1,1,0,0
3674,1,1,1,1,1,1,1,1,1,0,1,1
3675,1,1,1,0,1,1,1,1,1,1,1,1
3676,1,1,1,1,0,1,1,1,1,0,1,0
3677,1,1,1,1,1,1,1,1,1,1,1,1
3678,1,1,1,0,0,1,1,1,1,1,0,0
3679,0,0,0,0,0,1,1,0,0,1,0,1
3680,1,1,1,1,0,1,1,1,1,1,1,1
3681,1,1,1,1,0,1,1,1,1,1,1,1
3682,1,1,1,1,1,1,1,1,1,0,1,1
3683,1,1,1,1,0,1,1,1,1,1,0,0
3684,0,1,1,1,1,0,1,1,1,1,0,1
3685,1,1,1,1,0,1,1,0,1,1,0,0
3686,1,1,1,0,1,1,1,0,1,1,1,1
3687,1,0,1,1,1,1,1,1,1,1,1,1
3688,1,1,1,1,0,1,1,1,1,0,0,0
3689,0,0,1,1,0,1,0,0,0,0,0,0
3690,1,0,1,1,0,1,1,0,1,1,0,0
3691,1,1,1,1,1,1,1,1,1,1,1,1
3692,1,1,1,1,1,1,1,1,1,1,1,1
3693,1,1,1,1,1,1,1,1,1,1,1,1
3694,1,1,1,1,1,1,1,1,1,1,1,1
3695,1,1,1,1,1,1,1,1,1,1,1,1
3696,1,1,1,1,1,1,1,0,1,1,0,0
3697,0,1,0,1,0,0,1,1,0,1,1,1
3698,1,1,1,1,1,1,1,1,1,1,1,1
3699,1,1,1,1,1,1,1,1,1,0,0,1
3700,0,0,0,0,0,0,0,0,0,0,0,0
3701,0,1,0,0,1,0,0,0,0,1,1,0
3702,0,1,1,1,0,1,1,0,0,1,0,0
3703,1,1,1,1,1,1,1,1,1,0,1,1
3704,1,0,1,1,0,1,1,1,1,1,1,1
3705,1,1,1,1,1,1,1,1,1,1,1,1
3706,1,1,1,0,1,1,1,0,1,1,0,1
3707,1,1,1,1,1,1,1,0,0,1,0,1
3708,1,0,1,1,1,1,1,0,0,0,0,1
3709,0,0,0,0,0,0,0,0,0,0,0,0
3710,0,0,0,0,0,0,0,0,1,0,1,0
3711,1,1,1,1,1,1,1,1,1,1,1,1
3712,1,1,1,1,1,1,1,1,1,1,1,1
3713,1,1,1,1,1,1,1,1,0,1,1,1
3714,1,1,1,1,0,1,1,0,0,1,0,0
3715,1,0,1,1,1,1,0,0,1,1,1,0
3716,1,1,1,1,1,1,1,1,1,1,1,1
3717,1,1,1,1,0,1,1,1,1,1,0,1
3718,1,1,1,1,1,1,1,1,1,1,1,1
3719,1,0,1,1,1,1,0,0,0,0,0,0
3720,1,1,1,1,1,1,1,0,1,1,1,1
3721,1,0,1,1,0,1,1,0,1,0,0,0
3722,1,1,1,1,1,1,1,1,1,1,1,1
3723,1,1,1,1,1,1,1,1,1,1,1,1
3724,1,1,1,1,0,1,1,0,1,0,0,1
3725,1,0,1,1,0,0,1,1,1,1,0,1
3726,1,1,1,1,1,1,1,1,1,1,0,0
3727,1,1,1,1,0,1,1,0,1,0,0,0
3728,0,0,0,0,1,1,1,0,1,0,0,0
3729,1,0,1,1,1,1,1,1,1,1,1,1
3730,1,1,1,1,1,1,1,1,1,1,1,1
3731,1,1,1,1,0,1,0,0,1,1,0,0
3732,1,0,1,1,1,1,1,1,1,1,0,1
3733,0,0,1,0,0,0,0,0,1,0,0,0
3734,0,0,1,0,0,0,0,0,0,0,0,0
3735,1,1,1,1,1,1,1,1,1,1,1,1
3736,0,0,0,0,1,0,0,0,0,0,0,0
3737,1,1,0,1,1,0,1,1,1,1,1,1
3738,1,0,1,1,0,1,1,1,1,0,1,1
3739,1,1,1,1,0,1,1,1,1,1,1,1
3740,1,1,1,1,1,1,1,1,1,1,1,1
3741,1,0,0,1,1,0,0,0,0,0,0,0
3742,1,1,1,1,1,1,1,1,1,1,1,1
3743,1,1,1,1,0,1,1,0,1,1,0,1
3744,0,1,0,0,0,0,1,1,1,1,1,0
3745,1,1,1,1,1,1,1,1,1,0,0,0
3746,1,0,1,1,1,1,1,1,0,1,1,1
3747,1,1,1,1,1,1,1,1,1,1,1,1
3748,1,1,1,1,1,1,1,1,1,1,1,1
3749,1,0,1,0,0,1,1,0,1,0,0,0
3750,0,0,1,1,0,1,0,0,0,0,1,0
3751,0,0,1,1,0,1,1,1,0,0,1,1
3752,0,0,0,0,0,0,0,0,0,0,0,0
3753,1,0,1,0,0,1,1,0,1,0,0,0
3754,0,0,0,0,0,0,0,0,0,0,0,0
3755,1,1,1,1,1,1,1,1,1,1,1,1
3756,0,1,0,0,0,1,1,1,1,0,0,1
3757,1,1,1,1,1,1,1,1,1,1,0,1
3758,1,1,1,1,1,1,1,1,1,1,1,1
3759,1,1,1,1,1,1,1,1,1,1,1,1
3760,1,1,1,1,1,1,1,1,1,1,1,1
3761,0,0,0,0,0,0,0,0,0,0,0,0
3762,1,1,1,1,1,1,1,1,1,1,1,1
3763,1,1,1,1,1,1,1,1,1,1,1,1
3764,1,0,1,1,0,1,1,1,0,1,1,1
3765,1,1,1,1,1,1,1,1,1,1,1,1
3766,1,1,1,1,1,1,1,1,1,1,1,1
3767,1,1,1,1,1,1,1,0,1,1,0,0
3768,0,0,0,0,0,0,0,0,0,0,1,0
3769,0,1,1,0,1,0,1,0,0,0,1,0
3770,1,0,1,1,0,1,1,0,1,1,1,1
3771,1,1,1,1,1,1,1,1,1,1,0,0
3772,0,0,1,1,0,1,0,1,0,1,0,0
3773,0,0,1,0,0,1,0,0,0,0,0,0
3774,1,1,1,1,1,1,1,1,1,1,1,1
3775,1,1,1,1,1,1,1,1,1,1,1,1
3776,1,0,1,0,0,1,1,1,1,1,0,1
3777,0,0,0,0,0,0,0,0,0,0,0,0
3778,0,0,0,1,1,0,1,0,1,0,0,1
3779,1,1,1,1,1,1,1,1,1,1,1,1
3780,1,0,1,1,0,1,1,1,1,1,1,1
3781,1,1,1,1,1,1,1,1,1,1,1,0
3782,1,1,1,1,0,1,1,1,1,0,1,1
3783,1,1,1,1,1,1,1,1,1,1,1,1
3784,1,1,1,1,1,1,1,0,1,1,0,1
3785,1,0,1,1,0,1,0,0,1,0,0,0
3786,1,1,1,1,0,1,1,1,1,1,1,1
3787,1,1,1,1,0,1,1,1,1,1,0,1
3788,1,0,1,1,0,1,1,1,1,0,1,0
3789,1,1,1,1,0,1,1,0,1,0,1,0
3790,1,1,1,0,0,1,0,0,1,0,0,0
3791,1,1,1,1,0,1,0,0,0,1,0,0
3792,1,1,1,1,1,1,1,1,1,1,1,1
3793,0,0,1,1,0,1,0,0,0,0,0,0
3794,1,1,1,1,1,1,1,1,1,1,1,1
3795,1,0,1,0,0,1,0,0,1,0,0,0
3796,1,0,1,1,1,1,1,1,1,0,0,1
3797,1,1,1,1,1,1,1,1,1,1,1,1
3798,1,1,1,1,1,1,1,1,1,1,0,1
3799,1,1,1,1,1,1,1,1,1,1,1,1
3800,1,0,1,1,0,1,0,0,0,1,0,0
3801,1,1,1,1,1,1,1,1,1,1,1,0
3802,1,1,1,1,1,1,1,1,1,1,1,0
3803,1,1,1,1,1,1,1,1,1,1,0,0
3804,1,1,1,1,1,1,1,1,1,1,1,1
3805,0,1,0,0,1,0,0,0,0,1,1,1
3806,1,1,1,0,1,1,1,0,0,0,0,1
3807,1,1,1,1,1,1,1,1,1,1,1,1
3808,1,1,1,1,1,1,1,1,1,1,0,1
3809,1,1,1,1,1,1,0,0,0,1,0,0
3810,1,1,1,1,0,1,1,1,1,1,0,0
3811,0,1,0,0,0,0,0,1,0,1,1,0
3812,1,1,1,1,1,1,1,1,1,1,1,1
3813,1,1,1,1,1,1,1,1,1,1,1,0
3814,0,0,0,0,1,1,0,1,1,0,1,1
3815,0,1,1,1,1,1,1,1,1,1,1,1
3816,0,1,0,0,0,0,0,1,1,1,1,0
3817,1,1,1,1,0,1,1,1,1,1,1,1
3818,1,1,0,0,1,0,0,0,1,1,0,1
3819,1,1,1,1,1,1,1,0,1,0,0,1
3820,0,0,1,0,0,1,0,0,0,0,0,0
3821,1,1,1,1,0,1,1,0,1,0,0,0
3822,1,1,1,1,1,1,1,1,1,1,1,1
3823,1,1,1,1,1,1,1,1,1,1,1,1
3824,1,1,1,1,1,1,1,1,1,1,1,1
3825,1,1,1,1,1,1,1,1,1,1,1,1
3826,1,1,1,1,0,1,1,1,1,1,0,1
3827,1,1,0,0,0,0,1,1,0,1,0,0
3828,1,1,1,1,0,1,1,0,1,1,0,1
3829,1,1,1,1,1,1,1,0,0,1,1,0
3830,0,1,1,1,0,1,1,1,1,0,1,1
3831,0,0,0,0,0,0,0,0,0,0,0,0
3832,0,0,0,0,0,0,0,0,0,0,0,0
3833,1,0,0,0,1,1,1,0,0,0,0,0
3834,1,1,1,1,1,1,1,1,1,1,1,1
3835,1,0,1,0,0,1,1,0,1,0,0,0
3836,1,1,1,1,1,1,1,1,1,1,1,1
3837,1,0,1,1,1,1,1,1,1,1,0,1
3838,0,0,1,1,1,1,1,1,1,1,1,1
3839,1,1,1,1,1,1,1,1,1,1,1,1
3840,1,1,1,1,1,1,1,1,1,1,1,1
3841,1,0,1,1,0,1,1,1,1,1,0,0
3842,1,1,1,1,1,1,1,1,0,1,0,0
3843,1,1,1,1,0,1,1,0,1,0,1,0
3844,1,1,1,1,0,1,1,1,1,0,0,0
3845,1,1,1,0,0,1,1,1,1,0,0,0
3846,1,1,1,1,0,1,1,1,1,1,1,1
3847,1,1,1,1,1,1,1,1,1,1,1,1
3848,1,1,1,1,1,1,1,1,1,1,1,1
3849,1,1,1,1,1,1,1,1,1,1,1,1
3850,0,0,0,0,0,0,0,0,1,0,0,0
3851,1,1,1,1,1,1,1,1,1,1,1,1
3852,1,0,1,0,0,1,0,0,0,0,0,0
3853,1,1,1,0,0,1,1,0,0,0,0,0
3854,1,1,1,1,1,1,1,1,1,1,0,1
3855,1,1,1,1,0,1,1,1,1,1,1,0
3856,1,1,1,1,1,1,1,1,0,1,1,1
3857,1,1,1,1,1,1,1,1,1,1,1,1
3858,1,1,1,1,1,1,1,1,1,1,1,1
3859,0,1,1,1,0,1,1,0,1,0,0,0
3860,1,1,1,1,1,1,1,1,1,1,1,1
3861,1,1,1,1,1,1,1,1,1,1,1,1
3862,1,0,1,0,0,1,1,0,0,0,0,0
3863,1,1,1,0,0,1,1,1,1,0,1,1
3864,1,1,1,1,1,1,1,1,1,1,0,1
3865,1,1,1,0,0,1,1,0,1,0,0,0
3866,1,1,1,1,1,1,1,1,1,1,1,0
3867,1,1,1,1,0,1,1,1,1,1,1,1
3868,1,1,1,1,1,1,1,0,1,0,0,1
3869,1,1,1,1,1,1,1,1,1,1,1,1
3870,1,1,1,1,1,1,1,1,1,1,1,1
3871,1,1,1,1,1,1,1,1,1,1,1,0
3872,1,1,1,1,1,1,1,1,1,1,1,1
3873,1,1,1,1,1,1,1,1,1,1,1,1
3874,1,1,1,0,1,1,1,0,1,1,0,0
3875,1,0,1,1,1,1,1,0,1,1,1,1
3876,1,1,1,1,1,1,1,0,1,1,0,0
3877,1,1,1,1,1,1,1,1,1,1,1,1
3878,1,0,1,1,1,1,1,1,1,0,0,1
3879,1,1,1,1,1,1,1,1,1,1,1,1
3880,1,1,1,1,0,1,1,0,0,0,0,0
3881,1,1,1,1,1,1,1,1,1,1,1,1
3882,1,1,1,0,1,1,1,1,1,1,1,1
3883,1,0,0,0,1,0,0,0,1,0,0,1
3884,0,0,1,1,0,1,0,0,1,0,0,0
3885,1,1,1,1,1,1,1,0,1,0,1,1
3886,1,1,1,1,1,1,1,1,1,1,0,1
3887,1,1,1,1,1,1,1,0,1,1,0,1
3888,1,1,1,1,1,1,1,1,1,1,1,1
3889,1,1,1,0,0,1,1,0,1,1,0,0
3890,1,1,1,1,1,1,1,1,1,1,0,0
3891,1,1,1,1,0,1,1,1,1,1,0,1
3892,1,1,1,1,1,1,1,1,1,1,1,1
3893,1,0,1,1,1,0,0,1,0,0,0,0
3894,0,0,1,1,0,1,0,0,0,0,0,1
3895,1,1,1,1,1,1,1,1,1,1,1,1
3896,1,1,1,0,1,1,1,1,1,0,1,1
3897,1,1,1,1,1,1,1,1,1,1,1,1
3898,1,1,1,1,1,1,1,1,1,1,1,1
3899,0,0,0,0,1,0,1,1,1,1,1,0
3900,1,1,1,1,1,1,1,1,1,1,1,1
3901,1,1,1,1,1,1,1,1,1,1,1,1
3902,1,1,1,1,1,1,1,1,1,1,1,0
3903,1,1,1,1,0,1,1,1,1,1,1,1
3904,1,1,1,1,1,1,1,1,1,1,1,1
3905,1,1,1,1,1,1,1,1,1,1,0,1
3906,0,0,0,0,0,0,0,0,0,0,0,0
3907,1,1,1,1,0,1,1,1,1,1,1,1
3908,1,1,1,1,0,1,0,0,0,1,0,0
3909,1,1,1,1,0,1,1,1,1,1,1,0
3910,1,1,1,0,0,1,1,0,1,1,0,0
3911,0,0,1,0,0,0,0,0,0,0,0,0
3912,1,0,1,0,0,1,0,1,1,0,0,0
3913,1,1,1,0,0,1,1,1,1,1,0,1
3914,0,0,0,0,0,0,0,0,0,0,0,0
3915,1,1,1,1,1,1,1,1,1,1,1,1
3916,1,1,1,1,1,1,1,1,1,1,1,0
3917,1,0,1,1,1,1,1,1,0,0,0,1
3918,1,1,1,1,1,1,1,1,1,1,0,1
3919,0,0,0,0,0,0,0,0,0,0,0,0
3920,0,0,0,0,1,0,0,0,0,0,0,0
3921,0,0,0,0,0,0,0,0,0,0,0,0
3922,1,1,1,1,0,1,1,1,0,1,1,0
3923,1,1,1,1,0,1,1,1,0,1,0,0
3924,1,1,1,1,1,1,1,1,1,1,1,1
3925,1,1,1,1,1,1,1,1,1,1,0,1
3926,1,1,1,1,0,1,1,1,1,1,1,1
3927,1,1,1,1,1,1,1,1,1,0,0,0
3928,1,1,1,1,1,1,1,1,1,1,1,0
3929,1,1,1,1,0,1,0,0,1,1,0,0
3930,1,0,1,1,1,1,1,0,1,0,0,1
3931,1,1,1,1,0,1,1,1,1,1,1,0
3932,1,0,1,0,0,1,0,0,0,1,0,0
3933,1,1,1,1,1,1,1,1,1,1,1,1
3934,1,1,1,1,1,1,1,1,1,1,1,1
3935,1,1,1,0,0,1,0,0,0,0,0,0
3936,1,0,1,1,1,1,0,1,1,1,0,1
3937,1,1,1,1,0,1,1,1,1,1,0,0
3938,0,0,0,1,1,1,1,1,0,1,1,1
3939,1,0,1,1,0,1,1,0,0,1,0,0
3940,1,1,1,1,0,1,1,1,1,1,1,1
3941,0,0,1,1,0,1,1,1,0,1,1,1
3942,1,1,1,1,1,1,1,1,1,1,1,1
3943,1,1,1,1,1,1,1,1,1,1,0,0
3944,1,1,1,1,1,1,1,1,1,1,1,1
3945,1,1,1,1,1,1,1,1,1,1,1,1
3946,1,0,0,0,0,1,0,0,0,1,1,1
3947,1,0,1,0,1,1,1,0,1,0,0,0
3948,1,1,1,0,1,1,0,1,0,1,0,0
3949,0,0,1,1,0,1,0,0,1,0,0,0
3950,1,1,1,1,1,1,1,1,1,1,0,0
3951,1,1,1,1,1,1,1,1,0,1,1,1
3952,1,0,1,1,1,1,1,0,0,1,0,1
3953,0,1,0,0,0,0,0,0,1,0,0,0
3954,0,1,1,0,1,1,0,1,0,1,1,1
3955,1,1,1,1,1,1,1,1,1,1,0,1
3956,1,1,1,1,1,1,1,0,0,1,1,1
3957,1,1,1,1,1,1,1,1,1,1,1,1
3958,0,0,1,0,0,0,0,0,1,0,1,0
3959,1,1,1,1,1,1,1,1,1,1,1,1
3960,1,1,1,0,1,1,1,1,1,1,1,1
3961,1,1,1,1,1,1,1,1,1,1,1,1
3962,0,1,1,0,0,0,0,0,0,0,0,0
3963,1,0,1,1,0,1,1,1,0,1,1,0
3964,1,1,1,1,1,1,1,1,1,1,0,1
3965,1,1,1,1,0,1,1,0,1,1,0,0
3966,1,0,1,1,0,1,1,0,0,0,0,0
3967,1,1,1,1,0,1,1,0,1,0,0,0
3968,1,1,1,1,1,1,0,1,1,1,1,1
3969,1,1,1,1,1,1,1,1,1,1,1,1
3970,1,1,1,1,0,1,1,1,1,1,0,1
3971,1,1,1,1,1,1,1,1,1,1,1,1
3972,1,1,1,1,1,1,1,1,1,1,1,1
3973,0,0,0,0,0,0,0,0,0,0,0,0
3974,1,0,1,1,0,0,0,0,1,0,0,0
3975,1,1,1,1,1,1,1,1,1,0,1,1
3976,1,1,1,1,1,1,1,1,1,1,1,0
3977,1,1,1,1,0,0,1,0,0,0,0,0
3978,0,1,1,1,0,0,1,1,1,1,1,1
3979,1,1,1,1,0,1,1,1,1,1,0,1
3980,1,1,1,1,1,1,1,1,1,0,1,1
3981,1,1,1,1,1,1,1,1,1,1,1,1
3982,0,0,0,0,0,0,0,0,0,0,0,0
3983,1,1,1,1,1,1,1,1,1,1,1,1
3984,1,1,1,1,1,1,1,0,0,1,0,0
3985,1,1,1,1,0,1,1,1,1,1,1,1
3986,1,1,1,1,1,1,1,1,1,1,1,1
3987,0,0,0,0,1,0,0,1,0,1,0,1
3988,1,1,1,1,1,1,1,1,1,1,1,1
3989,1,1,1,1,1,1,0,0,0,0,0,0
3990,1,1,1,1,0,1,1,1,1,1,0,1
3991,1,1,1,1,1,1,1,1,1,1,1,1
3992,1,1,1,1,0,1,0,1,1,1,1,1
3993,1,1,1,0,1,1,1,1,1,1,1,1
3994,1,1,1,1,1,1,1,1,1,1,1,1
3995,1,1,1,1,1,1,1,1,1,1,1,1
3996,0,0,0,0,0,1,0,0,0,1,0,0
3997,1,1,1,1,1,1,1,1,1,1,1,1
3998,1,0,1,1,1,1,1,1,1,1,1,1
3999,1,1,1,0,0,0,1,0,0,1,0,0
4000,1,0,1,1,0,1,1,1,1,1,0,0
4001,0,0,1,0,0,1,0,0,0,0,0,0
4002,1,1,1,1,1,1,1,1,1,1,1,1
4003,0,0,0,0,0,0,0,0,0,0,0,1
4004,1,1,1,1,1,1,1,1,1,1,1,1
4005,0,1,1,0,0,1,1,0,0,0,0,0
4006,0,1,0,0,1,1,0,0,0,1,0,1
4007,1,1,1,0,1,1,1,0,0,1,0,1
4008,1,1,1,1,0,1,1,1,1,1,1,1
4009,1,1,1,1,1,1,1,1,1,1,1,1
4010,1,1,1,1,1,1,1,1,1,1,1,1
4011,1,1,1,1,0,1,1,1,1,0,1,0
4012,1,1,1,1,1,1,1,0,1,1,0,1
4013,1,1,1,1,1,1,1,1,1,1,0,0
4014,1,1,1,1,0,1,1,1,1,1,0,0
4015,1,1,1,1,1,1,1,0,1,1,1,1
4016,1,1,1,1,1,1,1,1,1,1,0,1
4017,1,1,1,1,1,1,1,1,1,1,1,0
4018,0,1,1,0,0,1,0,0,0,1,1,0
4019,1,1,1,1,1,1,1,1,1,1,1,1
4020,1,1,1,1,1,1,1,1,1,1,1,1
4021,1,1,1,1,1,1,1,1,1,1,1,1
4022,1,1,1,0,0,1,0,0,0,0,0,0
4023,1,1,1,1,0,1,0,0,1,0,0,0
4024,1,1,1,1,1,1,1,1,1,1,1,0
4025,1,1,0,1,0,0,1,1,1,1,1,1
4026,1,1,1,1,1,1,1,1,0,1,0,1
4027,1,0,1,1,1,1,1,0,1,0,0,0
4028,1,1,1,1,0,1,1,1,1,0,1,1
4029,1,1,1,1,1,1,1,1,1,1,1,1
4030,1,1,1,1,0,1,0,0,1,1,0,0
4031,1,1,1,1,1,1,1,1,1,1,1,1
4032,1,1,1,1,1,1,1,1,1,1,1,0
4033,1,1,1,1,1,1,1,1,1,1,1,1
4034,1,1,1,1,1,1,1,1,1,1,1,1
4035,1,0,1,1,0,0,0,0,1,0,0,0
4036,1,1,1,1,1,1,1,1,1,1,1,1
4037,0,0,1,0,0,0,1,0,0,0,0,0
4038,1,1,1,1,1,1,1,1,1,1,1,1
4039,0,0,0,0,0,0,0,0,0,0,0,0
4040,1,1,1,0,1,1,1,1,0,1,0,1
4041,1,1,1,0,1,1,1,1,1,1,1,0
4042,1,1,1,0,0,1,0,0,0,0,0,0
4043,1,1,1,1,0,1,1,0,0,1,1,0
4044,1,1,1,1,1,1,1,0,1,1,0,0
4045,0,0,0,0,1,0,0,0,0,0,0,0
4046,1,1,1,1,1,1,1,1,1,1,1,1
4047,1,0,1,1,0,1,1,1,1,1,0,1
4048,1,1,1,1,0,1,1,0,1,1,0,0
4049,1,1,1,1,1,1,1,1,1,1,1,1
4050,1,1,1,1,1,1,1,0,1,1,0,0
4051,1,1,1,1,1,1,1,1,1,1,0,0
4052,1,1,1,1,1,1,1,1,1,1,1,0
4053,1,1,1,1,1,1,1,1,1,1,1,1
4054,1,1,1,1,0,1,1,1,0,0,0,0
4055,1,1,1,1,1,1,1,1,1,1,1,0
4056,0,1,1,1,1,1,1,1,1,1,1,1
4057,0,0,0,0,1,0,0,0,0,0,0,0
4058,1,1,1,1,0,1,1,1,1,0,1,1
4059,1,1,1,0,0,0,1,1,1,0,1,1
4060,0,0,1,1,0,1,0,0,0,0,0,0
4061,1,1,1,1,1,1,1,1,1,1,1,1
4062,1,0,1,1,1,1,1,1,1,0,1,0
4063,1,1,1,0,0,1,1,0,1,0,0,0
4064,1,1,1,1,0,1,1,1,1,0,1,0
4065,1,1,1,1,1,1,1,1,1,1,1,1
4066,1,1,1,1,1,1,1,1,1,1,1,1
4067,1,0,1,0,0,0,1,1,1,1,0,1
4068,1,1,1,1,1,1,1,1,1,1,1,0
4069,1,1,1,1,1,1,1,1,1,1,1,1
4070,1,1,1,1,1,1,1,1,1,1,1,1
4071,1,1,1,0,0,1,1,1,1,1,0,0
4072,0,0,1,1,0,1,1,1,1,0,0,1
4073,1,1,1,1,0,0,1,0,1,0,0,0
4074,1,1,1,1,1,1,1,1,1,1,1,0
4075,0,1,0,0,1,1,1,1,1,1,0,1
4076,1,1,1,1,0,1,1,1,1,1,1,0
4077,1,1,1,1,1,1,1,1,1,1,1,1
4078,1,1,1,1,0,1,1,1,1,1,1,1
4079,1,1,1,1,1,1,1,1,1,1,1,1
4080,1,1,1,1,0,1,1,1,1,1,1,1
4081,0,0,1,1,1,1,1,1,1,1,1,1
4082,1,1,1,1,1,1,0,0,1,1,0,1
4083,1,1,1,1,0,1,1,0,1,1,0,1
4084,1,1,1,1,1,1,1,1,1,1,1,1
4085,1,1,1,0,1,1,1,0,0,0,0,0
4086,1,1,1,1,1,1,1,1,1,1,1,1
4087,1,1,1,1,1,1,1,1,1,1,1,1
4088,1,1,1,1,1,1,1,1,1,1,1,0
4089,1,1,1,1,1,1,1,0,1,1,0,1
4090,1,1,1,1,1,1,1,1,1,1,1,1
4091,0,0,0,0,0,0,0,0,1,0,1,1
4092,0,0,1,1,1,1,1,1,1,1,1,1
4093,1,1,1,1,1,1,1,1,1,1,1,1
4094,1,1,1,1,1,1,1,1,1,1,1,1
4095,0,1,1,0,1,1,1,0,1,0,0,0
4096,1,1,1,1,1,1,1,1,1,1,1,1
4097,0,0,0,0,0,0,0,0,0,0,0,0
4098,1,1,1,1,1,1,1,1,1,1,1,1
4099,1,1,1,1,0,1,1,1,1,1,1,1
4100,1,1,1,1,1,1,1,1,1,1,1,1
4101,1,1,1,1,1,1,1,1,1,1,1,1
4102,0,1,1,1,0,0,0,0,0,0,0,0
4103,0,0,1,1,0,1,1,1,1,1,1,1
4104,1,1,1,1,1,1,1,1,1,1,1,0
4105,1,1,1,1,0,1,1,1,1,1,0,1
4106,1,1,1,1,1,1,1,1,1,1,1,1
4107,1,1,1,0,1,1,1,1,1,1,1,1
4108,1,1,1,1,0,1,0,0,0,1,0,0
4109,1,1,1,1,1,1,1,1,1,1,1,1
4110,1,1,1,1,1,1,1,1,1,1,0,1
4111,0,1,1,1,0,1,1,1,1,1,1,0
4112,1,1,1,1,0,1,0,1,1,1,1,1
4113,1,1,1,1,1,1,1,1,1,1,1,1
4114,1,1,1,1,1,1,1,1,1,1,1,1
4115,1,1,1,1,0,1,1,0,1,1,1,0
4116,1,1,1,1,1,1,1,1,1,1,1,1
4117,1,1,1,1,1,1,1,0,1,0,1,0
4118,1,1,1,1,1,1,1,1,1,1,1,1
4119,0,1,0,0,0,1,1,0,1,0,0,0
4120,1,1,1,1,1,1,1,1,1,1,1,1
4121,1,1,1,1,1,1,1,1,1,1,1,1
4122,1,0,1,0,0,1,1,1,1,1,1,1
4123,1,0,1,1,0,1,1,0,1,1,1,0
4124,1,1,1,0,0,0,1,1,0,1,0,0
4125,1,1,1,1,0,1,1,0,1,1,0,1
4126,1,0,1,1,1,1,1,1,1,1,1,1
4127,0,1,1,1,1,1,1,1,1,1,1,1
4128,0,0,1,1,1,1,0,0,1,1,0,0
4129,1,1,1,1,1,1,1,1,1,1,0,0
4130,1,1,1,1,1,1,1,1,1,1,0,0
4131,0,0,0,0,0,0,0,0,0,0,0,0
4132,1,1,1,1,1,1,1,1,1,1,1,1
4133,1,1,1,1,0,1,1,1,1,1,0,1
4134,0,0,0,0,0,0,0,0,0,0,0,0
4135,1,1,1,1,1,1,1,1,1,1,1,1
4136,1,1,0,1,1,1,1,0,1,0,0,1
4137,0,1,0,0,1,0,0,0,1,0,1,0
4138,1,1,1,1,1,1,1,1,1,1,1,1
4139,0,1,1,1,0,1,1,1,1,1,1,1
4140,1,1,1,1,0,1,1,0,1,1,1,0
4141,1,1,1,1,1,1,1,1,1,1,1,1
4142,1,1,1,1,1,1,1,1,1,1,1,1
4143,1,1,1,1,1,1,1,1,1,1,1,1
4144,1,1,1,1,0,1,1,1,1,1,1,1
4145,1,0,0,1,0,0,0,0,0,0,0,0
4146,1,1,1,1,0,1,1,0,1,1,1,1
4147,1,1,1,1,0,1,0,0,1,1,0,0
4148,1,1,1,1,1,1,1,1,1,1,1,1
4149,1,1,1,1,1,1,1,1,1,1,1,1
4150,1,1,1,1,1,1,1,1,1,1,0,0
4151,1,1,1,1,1,1,1,1,1,1,0,1
4152,1,1,1,1,1,1,1,1,1,1,1,1
4153,1,1,1,1,1,1,1,1,1,1,1,1
4154,1,1,1,1,1,1,1,1,1,1,1,1
4155,0,0,1,0,0,0,1,1,0,1,1,1
4156,1,1,1,0,0,1,1,1,0,1,0,0
4157,1,1,1,1,1,1,1,1,1,1,0,1
4158,1,1,1,0,0,1,1,0,1,0,0,0
4159,1,1,1,1,0,1,0,0,0,0,0,0
4160,1,1,1,1,0,1,1,0,1,1,0,1
4161,1,1,1,1,1,1,1,1,1,0,1,1
4162,1,1,1,1,1,1,1,1,1,1,1,1
4163,1,1,1,1,1,1,1,1,1,1,1,1
4164,1,1,1,1,1,1,1,1,1,1,1,1
4165,1,1,1,1,1,1,1,0,0,1,0,1
4166,0,0,1,1,1,1,1,1,0,1,0,0
4167,1,1,1,1,1,1,1,1,1,1,1,1
4168,1,0,1,1,0,1,1,0,1,0,0,0
4169,1,1,1,1,1,1,1,1,1,1,1,1
4170,0,1,1,1,1,1,1,1,1,1,1,1
4171,1,1,1,1,0,1,1,1,1,1,0,0
4172,1,1,1,1,0,1,1,0,1,1,0,1
4173,1,1,1,1,1,1,1,1,1,1,1,1
4174,1,1,1,1,1,1,1,1,1,1,1,1
4175,0,0,1,0,0,0,0,0,0,0,0,0
4176,1,1,1,1,1,1,1,1,1,1,1,1
4177,1,1,1,1,1,1,1,1,1,1,1,1
4178,0,0,1,0,1,1,1,1,1,1,1,1
4179,1,1,1,1,0,1,1,1,1,1,1,1
4180,1,1,1,1,0,1,1,0,1,1,0,1
4181,1,1,1,1,0,1,1,1,1,0,0,0
4182,1,0,1,1,0,1,1,0,1,1,0,0
4183,0,0,0,0,0,0,0,0,0,0,0,0
4184,1,1,1,1,0,1,1,1,0,1,0,0
4185,1,1,1,1,1,1,1,1,1,1,1,1
4186,1,1,1,1,1,1,1,1,1,1,1,1
4187,1,0,1,0,0,1,0,0,0,0,0,0
4188,1,1,1,1,1,1,1,1,1,1,1,0
4189,1,1,1,1,1,1,1,1,1,1,1,1
4190,0,0,1,0,1,1,1,0,0,0,0,0
4191,1,1,1,1,1,1,1,1,1,1,1,1
4192,1,0,1,0,1,1,1,1,1,1,1,0
4193,1,1,1,1,1,1,1,1,1,1,1,1
4194,1,1,1,0,0,1,0,0,1,0,0,0
4195,1,0,1,1,1,1,1,1,1,1,1,1
4196,1,0,0,0,0,0,0,0,0,0,0,0
4197,1,1,1,1,1,1,1,1,1,1,1,1
4198,1,1,1,1,1,1,1,1,1,1,1,1
4199,1,1,1,1,1,1,1,1,1,1,1,1
4200,1,1,0,1,0,0,1,0,1,1,1,1
4201,1,1,1,1,1,1,1,1,1,1,1,0
4202,1,1,1,1,1,1,1,1,1,1,1,1
4203,0,0,0,0,0,0,0,0,0,0,0,0
4204,0,1,1,0,0,1,1,1,0,1,1,1
4205,0,1,1,0,0,1,1,0,0,0,0,0
4206,1,1,1,1,1,1,1,1,0,0,1,1
4207,1,1,1,1,1,1,1,1,1,1,1,1
4208,1,1,1,1,1,1,1,0,1,1,1,1
4209,0,1,1,1,0,1,1,0,1,1,0,1
4210,1,1,1,1,0,1,1,1,1,1,0,1
4211,1,1,1,1,1,1,1,1,1,1,1,1
4212,0,0,1,0,0,1,0,0,0,0,0,0
4213,1,0,0,0,0,1,0,0,0,1,1,1
4214,1,0,1,1,0,1,0,0,0,0,1,0
4215,0,0,1,0,1,0,0,0,0,0,0,0
4216,1,1,1,1,1,1,1,1,1,1,1,1
4217,1,1,1,1,1,1,1,1,1,1,1,1
4218,1,1,1,1,0,1,1,1,0,1,1,1
4219,1,1,1,1,0,1,1,1,1,1,1,0
4220,0,0,0,0,1,0,0,0,0,0,0,0
4221,0,0,0,1,1,1,1,0,0,0,0,1
4222,1,1,1,1,1,1,1,1,1,1,0,0
4223,1,1,1,1,0,1,1,1,1,1,1,1
4224,1,1,1,1,0,1,1,1,1,1,1,1
4225,0,0,0,0,1,0,0,0,1,0,0,1
4226,1,0,0,0,0,0,1,0,0,1,0,0
4227,1,1,0,0,0,0,0,1,1,1,0,1
4228,1,1,1,1,1,1,0,1,1,1,1,1
4229,0,1,1,1,1,1,1,1,1,0,1,1
4230,0,1,1,1,0,1,1,0,1,1,1,1
4231,1,1,1,0,0,1,1,1,1,1,1,0
4232,1,1,1,1,1,1,1,1,1,1,1,1
4233,1,1,1,1,0,1,1,1,1,1,0,0
4234,1,0,1,1,1,1,1,1,1,1,1,1
4235,0,1,1,1,0,1,1,1,0,1,1,0
4236,1,1,1,1,1,1,1,1,1,1,1,1
4237,1,1,1,1,1,1,1,1,1,1,1,1
4238,1,1,1,1,1,1,1,1,1,1,0,1
4239,1,1,1,1,1,1,1,1,1,1,1,1
4240,1,0,1,1,0,1,1,0,0,0,0,0
4241,1,0,1,1,0,1,0,0,0,0,0,0
4242,1,0,1,0,0,1,1,0,1,0,0,0
4243,0,1,1,1,0,1,1,1,1,1,0,1
4244,1,1,1,0,1,1,1,0,1,1,1,0
4245,1,1,1,1,1,1,1,1,1,1,1,1
4246,1,1,1,1,0,1,1,1,1,1,1,0
4247,1,1,1,1,1,1,0,1,0,1,0,0
4248,1,0,1,1,1,1,1,1,1,1,1,1
4249,1,1,1,0,0,1,1,0,1,0,0,0
4250,1,0,1,1,1,1,1,0,1,1,1,0
4251,1,1,1,1,1,1,1,1,1,1,1,1
4252,1,1,1,1,0,1,1,1,0,1,1,0
4253,1,1,1,1,1,1,1,1,1,1,1,1
4254,1,1,1,1,1,1,1,1,1,1,1,1
4255,1,0,1,1,0,1,1,1,1,1,1,1
4256,1,1,1,1,0,1,1,1,1,1,1,0
4257,1,1,1,1,0,1,1,0,1,0,0,1
4258,1,1,1,1,1,1,1,1,1,1,1,1
4259,1,1,1,1,1,1,1,1,1,1,1,1
4260,1,1,1,1,1,1,1,1,1,1,1,1
4261,1,1,1,1,1,1,1,1,1,1,1,0
4262,1,1,1,1,1,1,1,0,1,1,0,0
4263,1,1,1,1,1,1,1,1,1,1,1,1
4264,1,1,1,1,0,1,1,1,1,1,1,0
4265,1,1,1,1,0,1,1,0,1,0,1,0
4266,1,1,1,1,1,1,1,1,1,1,1,1
4267,1,1,1,1,1,1,1,1,1,1,1,1
4268,0,0,1,0,0,0,0,0,1,1,0,0
4269,1,1,1,1,1,1,1,1,1,1,1,1
4270,1,1,1,1,1,1,1,1,1,1,1,1
4271,0,1,0,1,0,0,0,1,0,1,0,1
4272,1,1,1,1,1,1,1,1,1,1,1,1
4273,1,1,1,1,1,1,1,1,1,1,1,1
4274,1,1,1,1,1,1,1,1,1,1,1,1
4275,1,1,1,1,1,1,1,1,1,1,1,1
4276,0,1,0,1,1,0,1,1,0,1,1,1
4277,1,1,1,1,1,1,1,0,1,1,1,1
4278,1,1,1,1,0,1,1,0,1,1,0,0
4279,0,0,0,0,0,0,0,0,0,0,0,0
4280,1,1,1,0,1,1,1,1,1,1,1,1
4281,1,1,1,0,1,1,1,1,0,1,0,0
4282,0,1,0,1,1,0,1,0,1,0,0,1
4283,1,1,1,1,1,1,1,1,1,1,1,1
4284,1,1,1,1,0,1,1,1,1,1,1,1
4285,0,1,1,0,1,0,1,1,0,1,0,0
4286,1,1,1,1,1,1,1,1,1,1,1,1
4287,1,1,1,1,0,1,1,1,1,0,1,0
4288,1,0,1,1,0,1,0,0,1,0,0,0
4289,0,1,1,1,1,1,1,0,1,1,1,0
4290,1,1,1,1,1,1,1,0,1,1,1,0
4291,1,1,0,0,1,0,0,0,0,0,1,0
4292,1,1,1,1,1,1,1,1,1,1,0,1
4293,1,0,1,1,0,1,1,1,1,1,1,1
4294,0,1,1,0,0,1,0,0,0,1,0,0
4295,1,0,1,0,0,1,0,1,1,0,0,0
4296,1,1,1,1,1,1,1,1,1,1,1,1
4297,1,1,1,1,1,1,1,1,1,1,1,1
4298,1,1,1,1,1,1,1,0,1,1,0,0
4299,1,1,1,1,1,1,1,1,1,1,1,1
4300,1,0,1,1,0,1,1,0,0,0,1,1
4301,0,1,1,1,0,1,0,1,1,1,0,1
4302,1,1,1,1,1,1,1,0,0,1,0,0
4303,1,1,1,1,0,1,1,1,1,1,1,0
4304,0,0,0,0,0,0,0,0,0,0,0,0
4305,1,1,1,1,0,1,1,1,1,1,1,1
4306,1,1,1,1,1,1,1,0,1,1,1,1
4307,1,1,1,0,0,1,0,0,0,0,0,0
4308,1,1,1,1,1,1,1,1,1,1,1,1
4309,1,1,1,1,1,1,1,1,1,1,1,1
4310,1,1,1,0,0,0,1,1,1,1,0,1
4311,1,1,1,0,1,1,0,0,0,0,0,0
4312,1,1,1,1,1,1,1,0,1,0,1,1
4313,1,1,1,1,1,1,1,1,1,1,0,0
4314,1,1,1,1,1,1,1,1,1,1,0,1
4315,0,0,0,0,0,0,0,0,0,0,0,0
4316,1,1,1,0,0,1,1,0,0,1,0,0
4317,1,0,1,1,1,1,1,1,1,1,1,1
4318,0,0,0,0,0,0,0,0,0,0,0,0
4319,1,1,1,1,0,1,1,1,1,1,1,1
4320,1,1,1,1,1,1,1,1,1,1,1,1
4321,1,1,1,1,0,1,1,1,1,1,1,1
4322,0,0,0,0,0,0,0,0,0,0,0,0
4323,0,0,1,0,0,1,1,0,0,1,0,0
4324,1,1,1,0,0,1,1,1,1,0,1,1
4325,1,1,1,1,1,1,1,1,1,1,1,1
4326,1,1,1,1,1,1,1,1,1,1,1,1
4327,1,1,1,1,1,1,1,1,1,1,1,1
4328,1,1,1,1,1,1,1,1,1,1,1,0
4329,1,1,1,1,0,1,1,0,0,1,0,0
4330,1,1,1,1,1,1,1,1,1,0,1,1
4331,1,1,1,1,0,1,1,1,1,1,1,0
4332,1,1,1,1,0,1,1,0,1,1,1,0
4333,1,0,1,0,1,1,0,0,1,0,1,0
4334,1,1,1,0,0,1,1,0,0,1,1,1
4335,0,0,1,0,1,1,0,1,0,0,0,1
4336,1,1,1,1,1,1,1,0,1,1,1,1
4337,1,1,1,1,1,1,1,1,1,1,1,1
4338,1,1,1,0,1,1,0,0,1,0,0,1
4339,1,1,1,1,0,1,1,0,1,1,0,1
4340,1,1,1,1,1,1,1,1,1,0,0,1
4341,1,1,1,1,1,1,1,0,0,1,0,0
4342,1,0,1,1,0,1,1,0,1,0,0,0
4343,0,0,0,0,0,0,1,0,0,0,0,0
4344,1,1,1,1,1,1,1,1,1,1,0,1
4345,0,1,1,0,1,1,0,0,0,0,0,0
4346,1,1,1,1,1,1,1,1,1,1,1,1
4347,1,0,0,0,0,0,1,0,1,0,1,0
4348,1,0,1,0,1,1,0,0,1,1,0,1
4349,1,1,1,1,0,1,1,0,0,1,0,0
4350,1,1,1,1,1,1,1,1,1,1,1,1
4351,0,1,0,0,0,0,1,0,0,0,0,0
4352,1,1,1,1,1,1,1,1,0,1,1,0
4353,1,1,1,1,0,1,1,1,1,1,0,1
4354,1,1,1,1,1,1,1,1,1,1,1,1
4355,1,1,1,1,0,1,1,1,1,1,1,1
4356,1,1,1,1,1,1,1,1,1,1,1,1
4357,1,1,1,1,1,1,0,1,0,1,1,0
4358,1,1,1,1,1,1,1,1,1,1,1,1
4359,1,1,1,1,0,1,0,0,1,0,1,1
4360,1,1,1,1,0,1,1,0,1,0,0,0
4361,1,1,1,0,0,1,1,1,1,1,1,0
4362,0,0,0,0,0,0,0,0,0,0,0,0
4363,1,1,1,1,1,1,1,1,1,1,1,1
4364,1,1,1,1,1,1,1,1,1,1,1,1
4365,1,1,1,1,1,1,1,1,1,1,1,1
4366,1,1,1,1,1,1,1,1,1,1,1,1
4367,1,1,1,0,0,0,1,0,0,0,0,0
4368,1,1,1,1,1,1,1,1,1,1,1,0
4369,0,0,0,0,0,0,0,0,0,0,0,0
4370,1,1,1,1,0,1,1,1,1,1,0,1
4371,0,0,1,1,0,1,0,0,1,0,0,0
4372,0,1,1,0,0,0,1,0,1,0,0,1
4373,0,0,1,0,0,0,1,0,0,0,1,0
4374,1,0,1,1,0,1,1,1,0,1,1,0
4375,1,0,1,1,1,1,0,1,1,0,0,0
4376,1,1,1,1,1,1,1,1,1,1,0,0
4377,1,1,1,1,1,1,1,1,1,1,1,1
4378,1,1,1,1,1,1,1,1,1,1,1,1
4379,1,0,0,0,0,1,0,0,0,1,0,0
4380,1,1,1,1,1,1,1,1,1,1,1,1
4381,1,1,1,1,0,0,1,0,0,1,0,0
4382,1,1,1,1,1,1,1,1,1,1,1,1
4383,1,1,1,1,1,1,1,1,1,1,1,1
4384,1,1,0,0,1,0,1,1,0,1,1,0
4385,0,1,1,1,1,1,1,1,0,1,1,1
4386,1,1,1,1,1,1,1,1,1,1,1,1
4387,1,1,1,1,1,1,1,1,1,1,1,1
4388,1,1,1,1,1,1,1,1,1,1,1,1
4389,1,1,1,1,0,1,1,1,1,1,1,1
4390,1,1,1,1,1,1,1,0,1,1,1,1
4391,1,1,1,1,1,1,1,1,1,1,1,1
4392,1,1,1,1,0,1,1,0,1,1,1,1
4393,1,1,1,1,1,1,1,1,1,1,1,1
4394,0,0,1,0,1,0,0,1,0,1,0,0
4395,1,0,1,1,1,1,0,0,0,0,0,0
4396,0,1,1,0,1,0,1,1,0,1,0,1
4397,1,1,1,1,1,1,1,1,1,1,1,1
4398,1,1,1,1,1,1,1,0,1,1,1,1
4399,1,1,1,1,1,1,1,1,0,1,1,1
4400,1,1,1,1,1,1,1,1,1,1,1,0
4401,0,0,0,0,0,0,0,0,0,0,0,0
4402,0,0,0,0,0,0,0,0,0,0,0,0
4403,0,0,0,0,0,0,0,0,0,0,0,0
4404,1,1,1,1,1,1,1,1,1,1,1,1
4405,1,1,1,1,1,0,1,1,1,0,1,0
4406,1,1,1,1,1,1,1,1,1,1,1,1
4407,1,0,0,0,0,0,1,0,0,0,1,0
4408,1,1,1,1,1,1,1,1,1,1,0,0
4409,1,0,1,1,0,1,1,1,1,1,1,0
4410,1,1,1,1,1,1,1,1,1,1,1,1
4411,1,1,1,0,1,1,1,0,0,0,0,0
4412,0,0,0,0,0,0,0,0,0,0,0,0
4413,1,1,1,1,1,1,1,1,1,1,1,1
4414,1,1,1,1,1,1,1,1,1,1,0,1
4415,1,0,1,1,0,0,1,1,0,1,1,1
4416,1,1,1,1,1,1,1,1,1,1,1,1
4417,1,1,1,1,1,1,1,1,1,1,1,1
